Event_ID,Timestamp_Local,Rain_ISCO_Raw_mm,Rain_SWMM_Primary_mm,Rain_SWMM_Primary_in,Rain_Gauge_mm,Rain_Fill_Flag,Depth_m,Depth_ft,Velocity_m_s,Velocity_ft_s,Flow_CMS,Flow_LPS,Flow_CFS,Flow_GPM,Flow_MGD,Flow_MLD,Original_QC,Instrument_Status,Score_Group,Use_for_Score,Calibration_File_Eligible,Notes,Model_Flow_CMS,Model_Depth_m,Model_Velocity_m_s,Hours_From_Rainfall_Onset,Observed_Excess_CMS,Modeled_Excess_CMS
E01,2024-06-11 07:10:00,0.0,0.0,0.0,0.0,ORIGINAL_ISCO,0.062,0.2034120734908134,0.49,1.6076115485564286,0.0094461126439731,9.446112643973189,0.3335863198355526,149.72393783788007,0.2156024695752509,0.8161441324392835,OK,ACTIVE,CALIBRATION,1,1,,0.0,3.0479999230010435e-05,0.0,-0.25,6.747223317120007e-05,0.0
E01,2024-06-11 07:15:00,0.0,0.0,0.0,0.0,ORIGINAL_ISCO,0.062,0.2034120734908134,0.49,1.6076115485564286,0.0094461126439731,9.446112643973189,0.3335863198355526,149.72393783788007,0.2156024695752509,0.8161441324392835,OK,ACTIVE,CALIBRATION,1,1,,0.0,3.0479999230010435e-05,0.0,-0.16666666666666666,6.747223317120007e-05,0.0
E01,2024-06-11 07:20:00,0.0,0.0,0.0,0.0,ORIGINAL_ISCO,0.062,0.2034120734908134,0.473,1.5518372703412056,0.00911839036857,9.118390368570038,0.3220129169024824,144.52943387207608,0.2081223838961096,0.7878289278444514,OK,ACTIVE,CALIBRATION,1,1,,0.0,3.0479999230010435e-05,0.0,-0.08333333333333333,0.0,0.0
E01,2024-06-11 07:25:00,0.0,0.25,0.0,0.25,ORIGINAL_ISCO,0.062,0.2034120734908134,0.476,1.561679790026245,0.0091762237112882,9.17622371128824,0.3240552821259654,145.4461110425121,0.209442399015958,0.7928257286553041,OK,ACTIVE,CALIBRATION,1,1,,0.0,3.0479999230010435e-05,0.0,0.0,0.0,0.0
E01,2024-06-11 07:30:00,0.0,0.0,0.0,0.0,ORIGINAL_ISCO,0.062,0.2034120734908134,0.477,1.5649606299212582,0.0091955014921943,9.195501492194309,0.3247360705337931,145.75167009932406,0.2098824040559075,0.7944913289255883,OK,ACTIVE,CALIBRATION,1,1,,0.0003784371310158706,0.009362815926969052,0.30106321864128116,0.08333333333333333,0.0,0.0003784371310158706
E01,2024-06-11 07:35:00,0.0,0.0,0.0,0.0,ORIGINAL_ISCO,0.062,0.2034120734908134,0.492,1.614173228346455,0.0094846682057853,9.484668205785324,0.334947896651208,150.33505595150407,0.2164824796551499,0.8194753329798521,OK,ACTIVE,CALIBRATION,1,1,,0.000913749599932251,0.014635038515925408,0.4031880352020264,0.16666666666666666,0.00010602779498340015,0.000913749599932251
E01,2024-06-11 07:40:00,0.0,0.0,0.0,0.0,ORIGINAL_ISCO,0.063,0.2066929133858265,0.492,1.614173228346455,0.0097117216435937,9.711721643593783,0.342966213135382,153.93392631115415,0.2216648529511415,0.8390927500065031,OK,ACTIVE,CALIBRATION,1,1,,0.0007456429042164373,0.013203338795900346,0.3783561570167542,0.25,0.0003330812327918004,0.0007456429042164373
E01,2024-06-11 07:45:00,0.0,0.25,0.0,0.25,ORIGINAL_ISCO,0.063,0.2066929133858265,0.495,1.6240157480314945,0.0097709394584937,9.77093945849375,0.345057470532549,154.87254781305143,0.2230164679081607,0.84420916921386,OK,ACTIVE,CALIBRATION,1,1,,0.0006922091418607349,0.012723535233736039,0.3691242713928223,0.3333333333333333,0.00039229904769180063,0.0006922091418607349
E01,2024-06-11 07:50:00,0.0,0.0,0.0,0.0,ORIGINAL_ISCO,0.067,0.219816272965879,0.544,1.7847769028871374,0.0117607073697517,11.760707369751785,0.415325461171739,186.41101218305693,0.2684318564090093,1.016125116746554,OK,ACTIVE,CALIBRATION,1,1,,0.0011394684564546376,0.016390141233801843,0.4299072255134583,0.4166666666666667,0.0023820669589498,0.0011394684564546376
E01,2024-06-11 07:55:00,0.0,0.25,0.0,0.25,ORIGINAL_ISCO,0.073,0.2395013123359577,0.543,1.7814960629921242,0.0133231250450346,13.323125045034642,0.4705017206541161,211.17583721826423,0.3040932043089766,1.1511180038909932,OK,ACTIVE,CALIBRATION,1,1,,0.002187289792653408,0.02218922744393349,0.5232051280975342,0.5,0.003944484634232699,0.002187289792653408
E01,2024-06-11 08:00:00,0.0,0.0,0.0,0.0,ORIGINAL_ISCO,0.081,0.2657480314960627,0.582,1.909448818897636,0.0166443017482538,16.644301748253888,0.587787969051476,263.8175611742744,0.3798972864852267,1.4380676710491358,OK,ACTIVE,CALIBRATION,1,1,,0.003469409362956219,0.02764366149902344,0.5962096836090088,0.5833333333333334,0.007265661337451899,0.003469409362956219
E01,2024-06-11 08:05:00,0.0,0.25,0.0,0.25,ORIGINAL_ISCO,0.088,0.2887139107611545,0.602,1.9750656167978984,0.0194479310493503,19.44793104935036,0.6867972034302979,308.2559915656004,0.4438886259782612,1.680301242663871,OK,ACTIVE,CALIBRATION,1,1,,0.005399269725415924,0.03390721676945686,0.686014376449585,0.6666666666666666,0.0100692906385484,0.005399269725415924
E01,2024-06-11 08:10:00,0.0,0.0,0.0,0.0,ORIGINAL_ISCO,0.092,0.301837270341207,0.595,1.9520997375328064,0.0205183331651505,20.5183331651505,0.7245980974077563,325.22221099236623,0.4683199818495389,1.7727839854690033,OK,ACTIVE,CALIBRATION,1,1,,0.00631058971481749,0.036649439013004305,0.7147720687866211,0.75,0.0111396927543486,0.00631058971481749
E01,2024-06-11 08:15:00,0.0,0.0,0.0,0.0,ORIGINAL_ISCO,0.098,0.3215223097112857,0.574,1.8832020997375307,0.0217158339307885,21.71583393078853,0.7668874378449908,344.20298508990953,0.4956522964344745,1.8762480516201292,OK,ACTIVE,CALIBRATION,1,1,,0.00894668338429953,0.04297677809000015,0.7890524185180664,0.8333333333333334,0.012337193519986599,0.00894668338429953
E01,2024-06-11 08:20:00,0.0,0.25,0.0,0.25,ORIGINAL_ISCO,0.103,0.3379265091863513,0.568,1.863517060367452,0.0231132757123391,23.113275712339167,0.8162376286231346,366.3528888989051,0.5275481577846126,1.996987021546104,OK,ACTIVE,CALIBRATION,1,1,,0.009463877337545014,0.04415570322275162,0.8016070301055909,0.9166666666666666,0.0137346353015372,0.009463877337545014
E01,2024-06-11 08:25:00,0.0,0.0,0.0,0.0,ORIGINAL_ISCO,0.104,0.3412073490813644,0.592,1.9422572178477668,0.0244329015814052,24.432901581405225,0.8628397763862573,387.2693853494704,0.5576679125461181,2.1110026966334114,OK,ACTIVE,CALIBRATION,1,1,,0.011830363565453339,0.04929258080720902,0.8545701490402222,1.0,0.015054261170603302,0.011830363565453339
E01,2024-06-11 08:30:00,0.0,0.0,0.0,0.0,ORIGINAL_ISCO,0.101,0.3313648293963251,0.609,1.99803149606299,0.0240804341597228,24.08043415972285,0.8503925068593619,381.6826628189573,0.5496230321361829,2.0805495114000543,OK,ACTIVE,CALIBRATION,1,1,,0.01309310870068721,0.05158627256155014,0.8874624727249146,1.0833333333333333,0.014701793748920899,0.01309310870068721
E01,2024-06-11 08:35:00,0.0,0.25,0.0,0.25,ORIGINAL_ISCO,0.098,0.3215223097112857,0.584,1.9160104986876616,0.022094158563729,22.094158563729096,0.7802478461698164,350.19955277440266,0.5042873538636465,1.908935299906194,OK,ACTIVE,CALIBRATION,1,1,,0.010519105546938126,0.046336125183105474,0.8301728010177613,1.1666666666666667,0.0127155181529271,0.010519105546938126
E01,2024-06-11 08:40:00,0.0,0.25,0.0,0.25,ORIGINAL_ISCO,0.096,0.3149606299212595,0.662,2.171916010498685,0.024299468624883,24.299468624883048,0.8581276359970138,385.1544298708697,0.5546223766698057,2.099474089189896,OK,ACTIVE,CALIBRATION,1,1,,0.010549272718747926,0.0465734880566597,0.8264132194519044,1.25,0.0149208282140811,0.010549272718747926
E01,2024-06-11 08:45:00,0.0,0.25,0.0,0.25,ORIGINAL_ISCO,0.097,0.3182414698162726,0.621,2.0374015748031478,0.0231434437794886,23.14344377948868,0.8173030038601513,366.8310625117791,0.5282367277842407,1.9995935425478224,OK,ACTIVE,CALIBRATION,1,1,,0.012909814460175476,0.0513656737446785,0.8802592786788941,1.3333333333333333,0.013764803368686698,0.012909814460175476
E01,2024-06-11 08:50:00,0.0,0.25,0.0,0.25,ORIGINAL_ISCO,0.101,0.3313648293963251,0.637,2.0898950131233573,0.025187580557871,25.18758055787103,0.8894910129218613,399.2312909945416,0.5748930566022143,2.176206960200057,OK,ACTIVE,CALIBRATION,1,1,,0.014245318793437867,0.05391489586830139,0.9086730239868165,1.4166666666666667,0.0158089401470691,0.014245318793437867
E01,2024-06-11 08:55:00,0.0,0.25,0.0,0.25,ORIGINAL_ISCO,0.111,0.3641732283464563,0.647,2.1227034120734887,0.02937045671351,29.37045671351008,1.0372078902955155,465.53122972224975,0.6703649679665789,2.537607460047271,OK,ACTIVE,CALIBRATION,1,1,,0.016419831189202608,0.05773938535451889,0.9441557418823243,1.5,0.0199918163027081,0.016419831189202608
E01,2024-06-11 09:00:00,1.0,0.51,0.0393700787401574,0.51,ORIGINAL_ISCO,0.119,0.3904199475065612,0.657,2.15551181102362,0.0330114463542551,33.011446354255185,1.1657882259948218,523.2420920828737,0.7534686094146195,2.8521889650076484,OK,ACTIVE,CALIBRATION,1,1,,0.020994552368209535,0.06506054549217224,1.0095226821899415,1.5833333333333333,0.023632805943453197,0.020994552368209535
E01,2024-06-11 09:05:00,0.0,0.25,0.0,0.25,ORIGINAL_ISCO,0.126,0.4133858267716531,0.676,2.2178477690288694,0.0369136453755218,36.913645375521824,1.303593083911772,585.0932075323519,0.8425342152854107,3.189338960445086,OK,ACTIVE,CALIBRATION,1,1,,0.027803360769588777,0.07473806616067886,1.0947761993408203,1.6666666666666667,0.027535004964719903,0.027803360769588777
E01,2024-06-11 09:10:00,0.0,0.25,0.0,0.25,ORIGINAL_ISCO,0.131,0.4297900262467187,0.631,2.070209973753278,0.0364615649953669,36.4615649953669,1.287628015955277,577.9275874209693,0.8322157223686333,3.1502792155997006,OK,ACTIVE,CALIBRATION,1,1,,0.032347512232769535,0.08016309385299683,1.1447971286773682,1.75,0.027082924584565002,0.032347512232769535
E01,2024-06-11 09:15:00,0.0,0.0,0.0,0.0,ORIGINAL_ISCO,0.143,0.4691601049868761,0.796,2.6115485564304435,0.0522297741996849,52.229774199684925,1.8444770688004768,827.8587986720111,1.1921166650489246,4.512652490852778,OK,ACTIVE,CALIBRATION,1,1,,0.03347401436247876,0.08148226296901703,1.1562103855133057,1.8333333333333333,0.042851133788883,0.03347401436247876
E01,2024-06-11 09:20:00,0.0,0.51,0.0,0.51,ORIGINAL_ISCO,0.143,0.4691601049868761,0.85,2.788713910761152,0.0557730000876032,55.77300008760325,1.9696049101512632,884.0200739588057,1.2729889011200826,4.818787207568921,OK,ACTIVE,CALIBRATION,1,1,,0.03463464074763043,0.0826487251996994,1.1714199949264528,1.9166666666666667,0.0463943596768013,0.03463464074763043
E01,2024-06-11 09:25:00,1.0,0.25,0.0393700787401574,0.25,ORIGINAL_ISCO,0.142,0.465879265091863,0.88,2.8871391076115454,0.0571577446479501,57.15774464795014,2.018506702794308,905.9687227087232,1.304594955186373,4.938429137582893,OK,ACTIVE,CALIBRATION,1,1,,0.03421935709924274,0.08232519843578338,1.1640888290405274,2.0,0.0477791042371482,0.03421935709924274
E01,2024-06-11 09:30:00,0.0,0.76,0.0,0.76,ORIGINAL_ISCO,0.13,0.4265091863517056,0.931,3.054461942257215,0.0532011534681443,53.20115346814438,1.8787810039262864,843.2554739700367,1.2142878773843695,4.596579659647675,OK,ACTIVE,CALIBRATION,1,1,,0.03324292202858478,0.0809718290090561,1.1589997501373293,2.0833333333333335,0.0438225130573424,0.03324292202858478
E01,2024-06-11 09:35:00,1.0,0.51,0.0393700787401574,0.51,ORIGINAL_ISCO,0.127,0.4166666666666662,0.852,2.795275590551178,0.0470622586561366,47.06225865613664,1.6619879796019572,745.9520074681035,1.0741708862138242,4.066179147890206,OK,ACTIVE,CALIBRATION,1,1,,0.0331071777725647,0.08118367109298706,1.1497905738830567,2.1666666666666665,0.0376836182453347,0.0331071777725647
E01,2024-06-11 09:40:00,0.0,0.76,0.0,0.76,ORIGINAL_ISCO,0.139,0.4560367454068237,0.846,2.775590551181099,0.0532755935981924,53.275593598192486,1.8814098323096395,844.4353740859935,1.2159869335441658,4.603011286883831,OK,ACTIVE,CALIBRATION,1,1,,0.04055600077929602,0.089480375790596,1.2227603931427002,2.25,0.0438969531873905,0.04055600077929602
E01,2024-06-11 09:45:00,1.0,0.76,0.0393700787401574,0.76,ORIGINAL_ISCO,0.128,0.4199475065616793,1.103,3.618766404199471,0.0616255913122286,61.62559131222869,2.17628721870602,976.785536084162,1.4065711660159776,5.324451089376559,OK,ACTIVE,CALIBRATION,1,1,,0.051182690223171755,0.10083642318248749,1.293402156829834,2.3333333333333335,0.0522469509014267,0.051182690223171755
E01,2024-06-11 09:50:00,1.0,0.25,0.0393700787401574,0.25,ORIGINAL_ISCO,0.112,0.3674540682414694,1.025,3.3628608923884475,0.0471430720660341,47.14307206603416,1.6648418782391152,747.2329261291449,1.0760154090779277,4.073161426505352,OK,ACTIVE,CALIBRATION,1,1,,0.06600623438131019,0.1144556227684021,1.3881569835662841,2.4166666666666665,0.0377644316552322,0.06600623438131019
E01,2024-06-11 09:55:00,1.0,0.51,0.0393700787401574,0.51,ORIGINAL_ISCO,0.097,0.3182414698162726,0.997,3.2709973753280805,0.0371562213335752,37.156221333575225,1.3121595730250737,588.9381148538547,0.8480708818049726,3.2102975232209,OK,ACTIVE,CALIBRATION,1,1,,0.07125557713636817,0.11862337346076966,1.4222328105926514,2.5,0.0277775809227733,0.07125557713636817
E01,2024-06-11 10:00:00,0.0,0.25,0.0,0.25,ORIGINAL_ISCO,0.087,0.2854330708661414,1.167,3.828740157480311,0.0370727438643323,37.0727438643323,1.3092115940200066,587.6149699913207,0.846165553210977,3.2030850698783118,OK,ACTIVE,CALIBRATION,1,1,,0.07264747813949671,0.11993771002292633,1.4270937057495119,2.5833333333333335,0.0276941034535304,0.07264747813949671
E01,2024-06-11 10:05:00,0.0,0.25,0.0,0.25,ORIGINAL_ISCO,0.115,0.3772965879265088,1.073,3.5203412073490776,0.0512917851544039,51.29178515440393,1.8113522982779715,812.9913692011306,1.1707075667013471,4.4316102373405,OK,ACTIVE,CALIBRATION,1,1,,0.07036831273855298,0.11767304084300996,1.4210259075164795,2.6666666666666665,0.041913144743602,0.07036831273855298
E01,2024-06-11 10:10:00,0.0,0.25,0.0,0.25,ORIGINAL_ISCO,0.132,0.4330708661417318,1.28,4.199475065616793,0.0747846397898258,74.78463978982585,2.640994630064275,1185.3607066885957,1.706919410416867,6.461392877840954,OK,ACTIVE,CALIBRATION,1,1,,0.06376833944698425,0.11214205577373505,1.3822688255310058,2.75,0.0654059993790239,0.06376833944698425
E01,2024-06-11 10:15:00,0.0,0.25,0.0,0.25,ORIGINAL_ISCO,0.142,0.465879265091863,1.005,3.2972440944881853,0.0652767424672612,65.27674246726123,2.305226404895772,1034.6574617298484,1.489906738593528,5.63991054917137,OK,ACTIVE,CALIBRATION,1,1,,0.06499796035750818,0.11333470644950867,1.3869699920654297,2.8333333333333335,0.0558981020564593,0.06499796035750818
E01,2024-06-11 10:20:00,0.0,0.25,0.0,0.25,ORIGINAL_ISCO,0.132,0.4330708661417318,1.004,3.2939632545931725,0.0586592018351446,58.65920183514464,2.0715301629566656,929.7673043088672,1.33886491254573,5.0681550385564975,OK,ACTIVE,CALIBRATION,1,1,,0.06573681175554273,0.11387410848140717,1.3929200649261475,2.9166666666666665,0.0492805614243427,0.06573681175554273
E01,2024-06-11 10:25:00,0.0,0.0,0.0,0.0,ORIGINAL_ISCO,0.13,0.4265091863517056,0.967,3.172572178477687,0.0552583409277074,55.25834092770743,1.951429893444381,875.8625599667298,1.261242081021144,4.774320656153922,OK,ACTIVE,CALIBRATION,1,1,,0.0634832808976626,0.1118794627904892,1.3809021938323975,3.0,0.0458797005169055,0.0634832808976626
E01,2024-06-11 10:30:00,0.0,0.25,0.0,0.25,ORIGINAL_ISCO,0.125,0.41010498687664,0.98,3.2152230971128573,0.0528971438965007,52.8971438965007,1.868045007223547,838.4368240213787,1.2073490214876306,4.570313232657661,OK,ACTIVE,CALIBRATION,1,1,,0.058647851284739504,0.10749689054489137,1.3519661693573,3.0833333333333335,0.0435185034856988,0.058647851284739504
E01,2024-06-11 10:35:00,0.0,0.0,0.0,0.0,ORIGINAL_ISCO,0.121,0.3969816272965875,0.881,2.8904199475065586,0.0453545295012636,45.35452950126361,1.601680093647047,718.8839485252241,1.035192881500828,3.918631348909176,OK,ACTIVE,CALIBRATION,1,1,,0.053490339199881956,0.10271430637836457,1.3160161834716797,3.1666666666666665,0.0359758890904617,0.053490339199881956
E01,2024-06-11 10:40:00,0.0,0.25,0.0,0.25,ORIGINAL_ISCO,0.116,0.3805774278215219,0.883,2.8969816272965847,0.0427458105930114,42.74581059301147,1.509554054832077,677.5349108441153,0.9756502674917026,3.6932380352361913,OK,ACTIVE,CALIBRATION,1,1,,0.047775044572656376,0.09666133282184601,1.2847795726776123,3.25,0.0333671701822095,0.047775044572656376
E01,2024-06-11 10:45:00,0.0,0.51,0.0,0.51,ORIGINAL_ISCO,0.112,0.3674540682414694,0.84,2.7559055118110205,0.038634322473628,38.634322473628,1.3643582221666897,612.3664955594944,0.8818077498784966,3.338005461721459,OK,ACTIVE,CALIBRATION,1,1,,0.04111783070343036,0.08983503255844116,1.2327509170532227,3.3333333333333335,0.029255682062826097,0.04111783070343036
E01,2024-06-11 10:50:00,1.0,0.25,0.0393700787401574,0.25,ORIGINAL_ISCO,0.109,0.35761154855643,0.837,2.746062992125981,0.036999574551503,36.999574551503045,1.306627644123201,586.4552127389362,0.8444955027746022,3.1967632412498634,OK,ACTIVE,CALIBRATION,1,1,,0.041517967894782716,0.090413285779953,1.2334751461029054,3.4166666666666665,0.027620934140701103,0.041517967894782716
E01,2024-06-11 10:55:00,1.0,0.25,0.0393700787401574,0.25,ORIGINAL_ISCO,0.109,0.35761154855643,0.747,2.450787401574801,0.0330211256749973,33.02112567499734,1.1661300479809211,523.3955124444269,0.7536895347343224,2.8530252583197706,OK,ACTIVE,CALIBRATION,1,1,,0.042403483715654666,0.09126178958415986,1.243262484741211,3.5,0.0236424852641954,0.042403483715654666
E01,2024-06-11 11:00:00,0.0,0.25,0.0,0.25,ORIGINAL_ISCO,0.119,0.3904199475065612,0.811,2.66076115485564,0.0407492891831064,40.74928918310648,1.4390475666389655,645.88940133822,0.930080733995824,3.5207385854204,OK,ACTIVE,CALIBRATION,1,1,,0.04431996117738556,0.0934591754436493,1.2535750820159912,3.5833333333333335,0.0313706487723045,0.04431996117738556
E01,2024-06-11 11:05:00,0.0,0.0,0.0,0.0,ORIGINAL_ISCO,0.139,0.4560367454068237,0.859,2.81824146981627,0.0540942492917817,54.094249291781736,1.9103203852883928,857.4113313710029,1.2346723119556011,4.673743138809942,OK,ACTIVE,CALIBRATION,1,1,,0.04953802533407282,0.0988110925912857,1.2895711406707764,3.6666666666666665,0.0447156088809798,0.04953802533407282
E01,2024-06-11 11:10:00,0.0,0.0,0.0,0.0,ORIGINAL_ISCO,0.145,0.4757217847769023,0.876,2.874015748031493,0.0586460821028546,58.64608210285468,2.0710668439833704,929.5593523125414,1.3385654616722866,5.067021493686645,OK,ACTIVE,CALIBRATION,1,1,,0.046756373604867556,0.09566678960323334,1.276908250808716,3.75,0.0492674416920527,0.046756373604867556
E01,2024-06-11 11:15:00,0.0,0.25,0.0,0.25,ORIGINAL_ISCO,0.135,0.4429133858267712,0.919,3.0150918635170574,0.0554733703483842,55.47337034838426,1.959023585770898,879.2708457693848,1.2661500125562226,4.7928991981004,OK,ACTIVE,CALIBRATION,1,1,,0.03997524706685321,0.08851480972766877,1.2240344432830812,3.8333333333333335,0.0460947299375823,0.03997524706685321
E01,2024-06-11 11:20:00,0.0,0.0,0.0,0.0,ORIGINAL_ISCO,0.125,0.41010498687664,0.918,3.011811023622044,0.0495505898948853,49.55058989488536,1.7498625679910371,785.3928616853323,1.1309657160465765,4.281170966918094,OK,ACTIVE,CALIBRATION,1,1,,0.036614107486891846,0.0849025847196579,1.1905298749923707,3.9166666666666665,0.0401719494840834,0.036614107486891846
E01,2024-06-11 11:25:00,0.0,0.0,0.0,0.0,ORIGINAL_ISCO,0.115,0.3772965879265088,0.838,2.7493438320209944,0.0400582627766919,40.058262776691976,1.4146441994006898,634.9364094972483,0.9143084258114904,3.4610339039061877,OK,ACTIVE,CALIBRATION,1,1,,0.032588292628105774,0.08024069631099702,1.1516512887954713,4.0,0.030679622365890002,0.032588292628105774
E01,2024-06-11 11:30:00,0.0,0.25,0.0,0.25,ORIGINAL_ISCO,0.109,0.35761154855643,0.866,2.841207349081362,0.0382815191894882,38.281519189488215,1.3518990917690468,606.7744495005003,0.8737552035875813,3.307523257971782,OK,ACTIVE,CALIBRATION,1,1,,0.027692957376720978,0.07426632896661758,1.101211635017395,4.083333333333333,0.028902878778686303,0.027692957376720978
E01,2024-06-11 11:35:00,0.0,0.0,0.0,0.0,ORIGINAL_ISCO,0.104,0.3412073490813644,0.8,2.624671916010496,0.0330174345694665,33.01743456946653,1.1659996978192668,523.3370072290141,0.7536052872244842,2.852706346801908,OK,ACTIVE,CALIBRATION,1,1,,0.028327361683077576,0.07524306349754334,1.103838800239563,4.166666666666667,0.0236387941586646,0.028327361683077576
E01,2024-06-11 11:40:00,0.0,0.0,0.0,0.0,ORIGINAL_ISCO,0.102,0.3346456692913382,0.796,2.6115485564304435,0.0319318829743309,31.931882974330943,1.1276638050280734,506.13066365935634,0.7288281525889034,2.758914688982194,OK,ACTIVE,CALIBRATION,1,1,,0.02775489514514374,0.07428413765430451,1.1032627452850343,4.25,0.022553242563529002,0.02775489514514374
E01,2024-06-11 11:45:00,0.0,0.0,0.0,0.0,ORIGINAL_ISCO,0.103,0.3379265091863513,0.799,2.621391076115483,0.0325132170671813,32.51321706718134,1.1481934247709238,515.3449968841994,0.7420967923765943,2.809141954604468,OK,ACTIVE,CALIBRATION,1,1,,0.023432185086357513,0.06838265830278396,1.0488037147521974,4.333333333333333,0.0231345766563794,0.023432185086357513
E01,2024-06-11 11:50:00,0.0,0.0,0.0,0.0,ORIGINAL_ISCO,0.101,0.3313648293963251,0.798,2.61811023622047,0.031553672347223,31.55367234722305,1.1143074227812328,500.135903004151,0.7201956972818949,2.726237290800072,OK,ACTIVE,CALIBRATION,1,1,,0.021219620888290377,0.06516928249597549,1.017869556427002,4.416666666666667,0.022175031936421098,0.021219620888290377
E01,2024-06-11 11:55:00,0.0,0.0,0.0,0.0,ORIGINAL_ISCO,0.1,0.328083989501312,0.795,2.6082677165354307,0.0309803074700862,30.98030747008624,1.0940592332353392,491.0478844235524,0.7071089505811473,2.676698565415452,OK,ACTIVE,CALIBRATION,1,1,,0.019141901340537965,0.061934605300426486,0.9896312364578248,4.5,0.0216016670592843,0.019141901340537965
E01,2024-06-11 12:00:00,0.0,0.0,0.0,0.0,ORIGINAL_ISCO,0.097,0.3182414698162726,0.78,2.559055118110233,0.0290690598196476,29.069059819647617,1.0265641594378712,460.7539915606887,0.6634857450430076,2.511566768417554,OK,ACTIVE,CALIBRATION,1,1,,0.01563628643454941,0.05618260810375214,0.9381655551910401,4.583333333333333,0.0196904194088457,0.01563628643454941
E01,2024-06-11 12:05:00,0.0,0.0,0.0,0.0,ORIGINAL_ISCO,0.095,0.3116797900262464,0.752,2.467191601049866,0.0271824265349547,27.18242653495472,0.9599383337632742,430.8502443488175,0.6204243492399225,2.3485616526200883,OK,ACTIVE,CALIBRATION,1,1,,0.012313388536143449,0.050011872839927675,0.8715008743286133,4.666666666666667,0.0178037861241528,0.012313388536143449
E01,2024-06-11 12:10:00,0.0,0.0,0.0,0.0,ORIGINAL_ISCO,0.092,0.301837270341207,0.744,2.440944881889761,0.0256565376048268,25.656537604826845,0.9060520747417994,406.66441172826967,0.5855967504135411,2.2167248490570395,OK,ACTIVE,CALIBRATION,1,1,,0.009967272554497605,0.04515467476844788,0.816831028175354,4.75,0.0162778971940249,0.009967272554497605
E01,2024-06-11 12:15:00,0.0,0.0,0.0,0.0,ORIGINAL_ISCO,0.09,0.2952755905511808,0.754,2.4737532808398925,0.0251758118926529,25.175811892652995,0.8890754064319296,399.0447538478917,0.574624443112174,2.175190147525219,OK,ACTIVE,CALIBRATION,1,1,,0.008426842092313248,0.04170430852174759,0.7778289756774903,4.833333333333333,0.015797171481851,0.008426842092313248
E01,2024-06-11 12:20:00,0.0,0.0,0.0,0.0,ORIGINAL_ISCO,0.088,0.2887139107611545,0.707,2.319553805774276,0.02284001204633,22.84001204633007,0.8065874133309313,362.021571489833,0.5213110607419115,1.9733770408029183,OK,ACTIVE,CALIBRATION,1,1,,0.007286608738934418,0.03896816557645798,0.7474576463699342,4.916666666666667,0.013461371635528099,0.007286608738934418
E01,2024-06-11 12:25:00,0.0,0.0,0.0,0.0,ORIGINAL_ISCO,0.087,0.2854330708661414,0.725,2.378608923884512,0.0230314818351678,23.031481835167884,0.8133491051109725,365.05642951474505,0.5256812562793131,1.9899200305585052,OK,ACTIVE,CALIBRATION,1,1,,0.006305407277072113,0.03646525012850762,0.7197567935943604,5.0,0.013652841424365899,0.006305407277072113
E01,2024-06-11 12:30:00,0.0,0.0,0.0,0.0,ORIGINAL_ISCO,0.086,0.2821522309711283,0.718,2.35564304461942,0.0224248263274932,22.424826327493246,0.7919252680426871,355.440743682538,0.5118346687394608,1.9375049946954168,OK,ACTIVE,CALIBRATION,1,1,,0.005508560847815002,0.03420252941250801,0.691015524673462,5.083333333333333,0.013046185916691301,0.005508560847815002
E01,2024-06-11 12:35:00,0.0,0.0,0.0,0.0,ORIGINAL_ISCO,0.084,0.2755905511811021,0.72,2.3622047244094464,0.0217226089289317,21.72260892893172,0.767126694646456,344.310370999762,0.4958069321440085,1.8768334114597005,OK,ACTIVE,CALIBRATION,1,1,,0.004759666103158127,0.03191019113659859,0.6613645729064942,5.166666666666667,0.0123439685181298,0.004759666103158127
E01,2024-06-11 12:40:00,0.0,0.0,0.0,0.0,ORIGINAL_ISCO,0.083,0.2723097112860889,0.687,2.253937007874013,0.020365076869031,20.365076869031085,0.7191859023873294,322.79304917540577,0.4648219888479009,1.759542641484286,OK,ACTIVE,CALIBRATION,1,1,,0.004116496126574982,0.029793378120660782,0.6330431911468506,5.25,0.0109864364582291,0.004116496126574982
E01,2024-06-11 12:45:00,0.0,0.0,0.0,0.0,ORIGINAL_ISCO,0.084,0.2755905511811021,0.726,2.381889763779525,0.0219036306700061,21.903630670006148,0.7735194171018431,347.17962409142666,0.4999386565785418,1.8924736898885317,OK,ACTIVE,CALIBRATION,1,1,,0.00358654481925087,0.027919058024883273,0.6073238307952881,5.333333333333333,0.0125249902592042,0.00358654481925087
E01,2024-06-11 12:50:00,0.0,0.0,0.0,0.0,ORIGINAL_ISCO,0.082,0.2690288713910758,0.697,2.2867454068241444,0.0202963170234213,20.29631702342136,0.7167576713558007,321.7031834033327,0.4632525821427491,1.7536017908236052,OK,ACTIVE,CALIBRATION,1,1,,0.0031263150638610763,0.026173186665773392,0.5828525410652161,5.416666666666667,0.0109176766126194,0.0031263150638610763
E01,2024-06-11 12:55:00,0.0,0.0,0.0,0.0,ORIGINAL_ISCO,0.082,0.2690288713910758,0.681,2.234251968503935,0.0198304044375178,19.830404437517856,0.7003041236632717,314.3183183610754,0.4526183765268468,1.7133469434015427,OK,ACTIVE,CALIBRATION,1,1,,0.002741588472682686,0.024613418591022493,0.5604443521499634,5.5,0.010451764026715899,0.002741588472682686
E01,2024-06-11 13:00:00,0.0,0.0,0.0,0.0,ORIGINAL_ISCO,0.081,0.2657480314960627,0.671,2.2014435695538035,0.0191895643867325,19.189564386732577,0.6776730708480077,304.1607964741205,0.4379915450714556,1.6579783630136946,OK,ACTIVE,CALIBRATION,1,1,,0.0024224906916285437,0.023233724462985994,0.5402907857894897,5.583333333333333,0.0098109239759306,0.0024224906916285437
E01,2024-06-11 13:05:00,0.0,0.0,0.0,0.0,ORIGINAL_ISCO,0.08,0.2624671916010496,0.685,2.2473753280839874,0.0192349866704454,19.23498667044549,0.6792771436590582,304.88075434879465,0.4390282844066043,1.6619028483264908,OK,ACTIVE,CALIBRATION,1,1,,0.002149970291336769,0.021981318622827532,0.5217330159187317,5.666666666666667,0.0098563462596435,0.002149970291336769
E01,2024-06-11 13:10:00,0.0,0.0,0.0,0.0,ORIGINAL_ISCO,0.08,0.2624671916010496,0.692,2.270341207349079,0.0194315485780266,19.431548578026685,0.6862186619154281,307.99632410126407,0.4435147048311973,1.6788857971415057,OK,ACTIVE,CALIBRATION,1,1,,0.0019035829726362077,0.020779184514284135,0.5036786673545838,5.75,0.010052908167224699,0.0019035829726362077
E01,2024-06-11 13:15:00,0.0,0.0,0.0,0.0,ORIGINAL_ISCO,0.078,0.2559055118110233,0.701,2.299868766404197,0.0189639347045398,18.963934704539845,0.669705033818896,300.58449310105425,0.4328416682360074,1.6384839584722426,OK,ACTIVE,CALIBRATION,1,1,,0.0016894607805142136,0.01967114894986153,0.48679997377395634,5.833333333333333,0.0095852942937379,0.0016894607805142136
E01,2024-06-11 13:20:00,0.0,0.0,0.0,0.0,ORIGINAL_ISCO,0.078,0.2559055118110233,0.681,2.234251968503935,0.0184228809326556,18.422880932655687,0.6505979001864026,292.0086159797689,0.4204924052335536,1.5917369125814516,OK,ACTIVE,CALIBRATION,1,1,,0.0015062882737013512,0.01866710299551487,0.4713607635498047,5.916666666666667,0.009044240521853701,0.0015062882737013512
E01,2024-06-11 13:25:00,0.0,0.0,0.0,0.0,ORIGINAL_ISCO,0.078,0.2559055118110233,0.707,2.319553805774276,0.019126250836105,19.126250836105097,0.6754371739086441,303.1572562374399,0.4365464471367436,1.6525080722394805,OK,ACTIVE,CALIBRATION,1,1,,0.001355375197089466,0.017765645483136177,0.45659843788146975,6.0,0.009747610425303099,0.001355375197089466
E01,2024-06-11 13:30:00,0.0,0.0,0.0,0.0,ORIGINAL_ISCO,0.078,0.2559055118110233,0.682,2.237532808398948,0.0184499336212498,18.449933621249897,0.6515532568680273,292.4374098358332,0.4211098683836763,1.5940742648759911,OK,ACTIVE,CALIBRATION,1,1,,0.0012240760143822555,0.01690319358408451,0.44232768831253055,6.083333333333333,0.0090712932104479,0.0012240760143822555
E01,2024-06-11 13:35:00,0.0,0.0,0.0,0.0,ORIGINAL_ISCO,0.077,0.2526246719160102,0.682,2.237532808398948,0.0181025565843556,18.102556584355657,0.639285752583409,286.93137154912654,0.4131811732843313,1.5640608888883287,OK,ACTIVE,CALIBRATION,1,1,,0.0011067332732364063,0.016086511284112932,0.4285821973800659,6.166666666666667,0.008723916173553701,0.0011067332732364063
E01,2024-06-11 13:40:00,0.0,0.0,0.0,0.0,ORIGINAL_ISCO,0.078,0.2559055118110233,0.682,2.237532808398948,0.0184499336212498,18.449933621249897,0.6515532568680273,292.4374098358332,0.4211098683836763,1.5940742648759911,OK,ACTIVE,CALIBRATION,1,1,,0.0010029437967047025,0.015322041231393815,0.4154994203567505,6.25,0.0090712932104479,0.0010029437967047025
E01,2024-06-11 13:45:00,0.0,0.0,0.0,0.0,ORIGINAL_ISCO,0.077,0.2526246719160102,0.687,2.253937007874013,0.0182352732748567,18.2352732748568,0.6439725982768357,289.0349739798386,0.4162103607717531,1.5755276109476273,OK,ACTIVE,CALIBRATION,1,1,,0.0009117662056461296,0.01461243815124035,0.40316503515243535,6.333333333333333,0.0088566328640548,0.0009117662056461296
E01,2024-06-11 13:50:00,0.0,0.0,0.0,0.0,ORIGINAL_ISCO,0.077,0.2526246719160102,0.704,2.3097112860892364,0.0186865100225606,18.686510022560675,0.6599078736344867,296.1872222442596,0.4265095982289871,1.6145144659492423,OK,ACTIVE,CALIBRATION,1,1,,0.0008310982730087271,0.013950108030438424,0.3914897303581238,6.416666666666667,0.009307869611758699,0.0008310982730087271
E01,2024-06-11 13:55:00,0.0,0.0,0.0,0.0,ORIGINAL_ISCO,0.077,0.2526246719160102,0.685,2.2473753280839874,0.0181821865986563,18.18218659865634,0.642097859999465,288.1935330075537,0.4149986857767844,1.570940922123908,OK,ACTIVE,CALIBRATION,1,1,,0.0007576832531380205,0.01331495421230793,0.380132102394104,6.5,0.008803546187854401,0.0007576832531380205
E01,2024-06-11 14:00:00,0.0,0.0,0.0,0.0,ORIGINAL_ISCO,0.076,0.2493438320209971,0.715,2.3458005249343805,0.0186164422622138,18.61644226221384,0.657433454029917,295.07662560096185,0.424910339069398,1.608460611455276,OK,ACTIVE,CALIBRATION,1,1,,0.0006914515236412411,0.0127114822357893,0.36918785762786865,6.583333333333333,0.0092378018514119,0.0006914515236412411
E01,2024-06-11 14:05:00,0.0,0.0,0.0,0.0,ORIGINAL_ISCO,0.076,0.2493438320209971,0.706,2.3162729658792625,0.0183821094225496,18.38210942254961,0.6491580678952747,291.3623743696211,0.4195618173188741,1.5882142541082864,OK,ACTIVE,CALIBRATION,1,1,,0.0006304188990687132,0.012132750982046128,0.3581532114028931,6.666666666666667,0.0090034690117477,0.0006304188990687132
E01,2024-06-11 14:10:00,0.0,0.0,0.0,0.0,ORIGINAL_ISCO,0.075,0.2460629921259839,0.68,2.230971128608921,0.0173628796955337,17.362879695533703,0.6131643097730741,275.2072538410073,0.3962984438559986,1.5001528056941118,OK,ACTIVE,CALIBRATION,1,1,,0.0005759943889662152,0.011593572637438775,0.3474984111785889,6.75,0.007984239284731801,0.0005759943889662152
E01,2024-06-11 14:15:00,0.0,0.0,0.0,0.0,ORIGINAL_ISCO,0.075,0.2460629921259839,0.684,2.244094488188974,0.017465014281978,17.465014281978014,0.6167711586540922,276.826120040072,0.3986296111727985,1.5089772339629006,OK,ACTIVE,CALIBRATION,1,1,,0.0005286064875146971,0.011100591963529588,0.3376208164215088,6.833333333333333,0.008086373871176101,0.0005286064875146971
E01,2024-06-11 14:20:00,0.0,0.0,0.0,0.0,ORIGINAL_ISCO,0.075,0.2460629921259839,0.692,2.270341207349079,0.0176692834548666,17.669283454866644,0.6239848564161282,280.0638524382015,0.4032919458063985,1.5266260905004785,OK,ACTIVE,CALIBRATION,1,1,,0.00048661864653019523,0.010642948204278947,0.3283302134513855,6.916666666666667,0.0082906430440647,0.00048661864653019523
E01,2024-06-11 14:25:00,0.0,0.0,0.0,0.0,ORIGINAL_ISCO,0.075,0.2460629921259839,0.687,2.253937007874013,0.0175416152218112,17.541615221811252,0.6194762953148557,278.0402696893706,0.4003779866603986,1.5155955551644924,OK,ACTIVE,CALIBRATION,1,1,,0.0004486783982889376,0.010210323357582093,0.3194359889030457,7.0,0.008162974811009301,0.0004486783982889376
E01,2024-06-11 14:30:00,0.0,0.0,0.0,0.0,ORIGINAL_ISCO,0.075,0.2460629921259839,0.683,2.240813648293961,0.0174394806353669,17.439480635366937,0.6158694464338376,276.42140349030586,0.3980468193435986,1.5067711268957034,OK,ACTIVE,CALIBRATION,1,1,,0.00041379937281579496,0.00979454091489315,0.31078019456863404,7.083333333333333,0.008060840224565002,0.00041379937281579496
E01,2024-06-11 14:35:00,0.0,0.0,0.0,0.0,ORIGINAL_ISCO,0.074,0.2427821522309708,0.681,2.234251968503935,0.017047716531152,17.047716531152044,0.6020344276600461,270.2118158432638,0.3891050131696528,1.4729227082915366,OK,ACTIVE,CALIBRATION,1,1,,0.0003821241377832327,0.009400029771029949,0.3024653314590454,7.166666666666667,0.007669076120350098,0.0003821241377832327
E01,2024-06-11 14:40:00,0.0,0.0,0.0,0.0,ORIGINAL_ISCO,0.074,0.2427821522309708,0.679,2.2276902887139087,0.0169976498159357,16.997649815935734,0.6002663382983425,269.4182422284524,0.3879622671691545,1.4685969440968476,OK,ACTIVE,CALIBRATION,1,1,,0.00035302659272658205,0.009021631492674351,0.294392568397522,7.25,0.007619009405133801,0.00035302659272658205
E01,2024-06-11 14:45:00,0.0,0.0,0.0,0.0,ORIGINAL_ISCO,0.073,0.2395013123359577,0.661,2.168635170603672,0.0162183897877861,16.218389787786187,0.5727470301148634,257.06671897103627,0.3701760737536529,1.4012688776647266,OK,ACTIVE,CALIBRATION,1,1,,0.0003265388588861432,0.00866221029907465,0.28663130521774294,7.333333333333333,0.0068397493769842,0.0003265388588861432
E01,2024-06-11 14:50:00,0.0,0.0,0.0,0.0,ORIGINAL_ISCO,0.073,0.2395013123359577,0.682,2.237532808398948,0.0167336487674284,16.73364876742841,0.5909432292561828,265.2337402999194,0.3819365844175359,1.4457872535058147,OK,ACTIVE,CALIBRATION,1,1,,0.00030310324943294624,0.008330870944261552,0.27939203052520756,7.416666666666667,0.007355008356626499,0.00030310324943294624
E01,2024-06-11 14:55:00,0.0,0.0,0.0,0.0,ORIGINAL_ISCO,0.073,0.2395013123359577,0.675,2.214566929133856,0.0165618957742143,16.561895774214335,0.5848778295424096,262.51139985695835,0.3780164141962416,1.4309477948921183,OK,ACTIVE,CALIBRATION,1,1,,0.0002822277661247578,0.00802394245862961,0.27261133975982665,7.5,0.0071832553634124,0.0002822277661247578
E01,2024-06-11 15:00:00,0.0,0.0,0.0,0.0,ORIGINAL_ISCO,0.073,0.2395013123359577,0.687,2.253937007874013,0.016856329476867,16.856329476867035,0.5952756576231636,267.17826918774875,0.3847367060041748,1.456386866801312,OK,ACTIVE,CALIBRATION,1,1,,0.00026330832921583414,0.007735112205147744,0.26616164259910585,7.583333333333333,0.0074776890660651005,0.00026330832921583414
E01,2024-06-11 15:05:00,0.0,0.0,0.0,0.0,ORIGINAL_ISCO,0.073,0.2395013123359577,0.668,2.191601049868764,0.0163901427810002,16.39014278100026,0.5788124298286366,259.7890594139973,0.3740962439749472,1.4161083362784226,OK,ACTIVE,CALIBRATION,1,1,,0.00024592665053507426,0.007459859316051007,0.2599500849723816,7.666666666666667,0.007011502370198298,0.00024592665053507426
E01,2024-06-11 15:10:00,0.0,0.0,0.0,0.0,ORIGINAL_ISCO,0.073,0.2395013123359577,0.689,2.26049868766404,0.0169054017606424,16.905401760642484,0.5970086289699559,267.95608074288043,0.3858567546388303,1.460626712119511,OK,ACTIVE,CALIBRATION,1,1,,0.00022980484707012749,0.007195192967355252,0.2539146430492401,7.75,0.0075267613498405,0.00022980484707012749
E01,2024-06-11 15:15:00,0.0,0.0,0.0,0.0,ORIGINAL_ISCO,0.073,0.2395013123359577,0.697,2.2867454068241444,0.0171016908957442,17.10169089574428,0.603940514357125,271.0673269634073,0.3903369491774523,1.477586093392306,OK,ACTIVE,CALIBRATION,1,1,,0.00021481689965287043,0.006940216138958931,0.24803902058601382,7.833333333333333,0.0077230504849423,0.00021481689965287043
E01,2024-06-11 15:20:00,0.0,0.0,0.0,0.0,ORIGINAL_ISCO,0.072,0.2362204724409446,0.66,2.16535433070866,0.0158677375954808,15.867737595480849,0.560363864808441,251.50876841272512,0.3621726249835133,1.3709725282495453,OK,ACTIVE,CALIBRATION,1,1,,0.0002009157999821248,0.006695249600708485,0.24233484477996828,7.916666666666667,0.0064890971846789,0.0002009157999821248
E01,2024-06-11 15:25:00,0.0,0.0,0.0,0.0,ORIGINAL_ISCO,0.072,0.2362204724409446,0.648,2.125984251968502,0.015579233275563,15.579233275563016,0.550175430902833,246.93588171431196,0.3555876681656313,1.3460457550086449,OK,ACTIVE,CALIBRATION,1,1,,0.0001880697960272491,0.006460886067152023,0.23682039213180542,8.0,0.006200592864761101,0.0001880697960272491
E01,2024-06-11 15:30:00,0.0,0.0,0.0,0.0,ORIGINAL_ISCO,0.072,0.2362204724409446,0.693,2.273622047244092,0.0166611244752548,16.66112447525489,0.5883820580488631,264.0842068333613,0.380281256232689,1.4395211546620226,OK,ACTIVE,CALIBRATION,1,1,,0.00017623049495084524,0.006237411108613014,0.23150750784873964,8.083333333333334,0.0072824840644529,0.00017623049495084524
E01,2024-06-11 15:35:00,0.0,0.0,0.0,0.0,ORIGINAL_ISCO,0.072,0.2362204724409446,0.683,2.240813648293961,0.0164207042086566,16.420704208656698,0.5798916964608565,260.27346791801705,0.3747937922177873,1.4187488436279387,OK,ACTIVE,CALIBRATION,1,1,,0.00016533381250502372,0.006024767383933068,0.2264000979423523,8.166666666666666,0.0070420637978547,0.00016533381250502372
E01,2024-06-11 15:40:00,0.0,0.0,0.0,0.0,ORIGINAL_ISCO,0.072,0.2362204724409446,0.681,2.234251968503935,0.016372620155337,16.37262015533706,0.5781936241432551,259.5113201349482,0.373696299414807,1.414594381421122,OK,ACTIVE,CALIBRATION,1,1,,0.00015534773293795825,0.005823473802208901,0.2215160755634308,8.25,0.006993979744535101,0.00015534773293795825
E01,2024-06-11 15:45:00,0.0,0.0,0.0,0.0,ORIGINAL_ISCO,0.071,0.2329396325459315,0.678,2.2244094488188955,0.0159676048826697,15.9676048826697,0.5638906447718945,253.0916971859323,0.3644520424072972,1.3796010618626622,OK,ACTIVE,CALIBRATION,1,1,,0.0001462706607364812,0.005634681728482247,0.21688963193893435,8.333333333333334,0.006588964471867801,0.0001462706607364812
E01,2024-06-11 15:50:00,0.0,0.0,0.0,0.0,ORIGINAL_ISCO,0.071,0.2329396325459315,0.672,2.2047244094488168,0.0158262986447699,15.826298644769969,0.5589004620747982,250.85194765331343,0.3612268030939582,1.3673922029081254,OK,ACTIVE,CALIBRATION,1,1,,0.0001380308373662274,0.005458069825172425,0.21251971335411074,8.416666666666666,0.006447658233968,0.0001380308373662274
E01,2024-06-11 15:55:00,0.0,0.0,0.0,0.0,ORIGINAL_ISCO,0.071,0.2329396325459315,0.681,2.234251968503935,0.0160382580016195,16.038258001619564,0.5663857361204427,254.2115719522417,0.3660646620639666,1.3857054913399305,OK,ACTIVE,CALIBRATION,1,1,,0.00013048063170798468,0.005291489218175412,0.20835904798507693,8.5,0.006659617590817599,0.00013048063170798468
E01,2024-06-11 16:00:00,0.0,0.0,0.0,0.0,ORIGINAL_ISCO,0.07,0.2296587926509184,0.659,2.162073490813646,0.0151986548081287,15.198654808128786,0.5367354291640184,240.90359002478675,0.3469011681694307,1.313163775422327,OK,ACTIVE,CALIBRATION,1,1,,0.00012346850956900692,0.00513237261325121,0.20434771943092347,8.583333333333334,0.0058200143973268,0.00012346850956900692
E01,2024-06-11 16:05:00,0.0,0.0,0.0,0.0,ORIGINAL_ISCO,0.071,0.2329396325459315,0.676,2.2178477690288694,0.0159205028033697,15.920502803369793,0.562227250539529,252.34511400839267,0.3633769626361842,1.37553144221115,OK,ACTIVE,CALIBRATION,1,1,,0.000116896458970989,0.0049790758520364764,0.20044708542823791,8.666666666666666,0.0065418623925678,0.000116896458970989
E01,2024-06-11 16:10:00,0.0,0.0,0.0,0.0,ORIGINAL_ISCO,0.07,0.2296587926509184,0.69,2.2637795275590524,0.0159136142907569,15.913614290756998,0.5619839850124015,252.2359288575157,0.3632197360195859,1.374936274721405,OK,ACTIVE,CALIBRATION,1,1,,0.00011072041210396243,0.004831048232316971,0.1966452099323273,8.75,0.006534973879955001,0.00011072041210396243
E01,2024-06-11 16:15:00,0.0,0.0,0.0,0.0,ORIGINAL_ISCO,0.07,0.2296587926509184,0.65,2.132545931758528,0.0149910859260754,14.991085926075437,0.5294052032725522,237.6135561701235,0.3421635194387404,1.2952298240129176,OK,ACTIVE,CALIBRATION,1,1,,0.00010492478963893926,0.004688366682082415,0.19294612612724305,8.833333333333334,0.0056124455152735,0.00010492478963893926
E01,2024-06-11 16:20:00,0.0,0.0,0.0,0.0,ORIGINAL_ISCO,0.07,0.2296587926509184,0.629,2.063648293963253,0.0145067585346176,14.506758534617612,0.5123013428591313,229.93681050924255,0.3311090057337965,1.253383937390962,OK,ACTIVE,CALIBRATION,1,1,,9.950170631249607e-05,0.004551290655881167,0.18935882692337036,8.916666666666666,0.0051281181238157,9.950170631249607e-05
E01,2024-06-11 16:25:00,0.0,0.0,0.0,0.0,ORIGINAL_ISCO,0.07,0.2296587926509184,0.681,2.234251968503935,0.0157060454087036,15.706045408703648,0.5546537591209356,248.9458950028525,0.3584820872888957,1.3570023233119954,OK,ACTIVE,CALIBRATION,1,1,,9.443658493614686e-05,0.004419910423457623,0.18588816304206848,9.0,0.0063274049979017005,9.443658493614686e-05
E01,2024-06-11 16:30:00,0.0,0.0,0.0,0.0,ORIGINAL_ISCO,0.069,0.2263779527559053,0.691,2.2670603674540657,0.0156017876356511,15.601787635651124,0.550971930612461,247.29337560995796,0.3561024593731856,1.3479944517202571,OK,ACTIVE,CALIBRATION,1,1,,8.971380662272597e-05,0.004294273674488068,0.1825380223274231,9.083333333333334,0.0062231472248492,8.971380662272597e-05
E01,2024-06-11 16:35:00,0.0,0.0,0.0,0.0,ORIGINAL_ISCO,0.069,0.2263779527559053,0.658,2.158792650918633,0.0148566950278703,14.85669502787039,0.5246592334920397,235.48341700629865,0.3390961190557977,1.283618450408002,OK,ACTIVE,CALIBRATION,1,1,,8.532706184288871e-05,0.004174665695428848,0.1793188329219818,9.166666666666666,0.005478054617068399,8.532706184288871e-05
E01,2024-06-11 16:40:00,0.0,0.0,0.0,0.0,ORIGINAL_ISCO,0.07,0.2296587926509184,0.662,2.171916010498685,0.0152678444354799,15.267844435479905,0.539178837794507,242.0002679763412,0.3484803844129941,1.319141759225464,OK,ACTIVE,CALIBRATION,1,1,,8.12558792396704e-05,0.00406097379103303,0.17623061299324036,9.25,0.0058892040246779995,8.12558792396704e-05
E01,2024-06-11 16:45:00,0.0,0.0,0.0,0.0,ORIGINAL_ISCO,0.069,0.2263779527559053,0.662,2.171916010498685,0.0149470092833589,14.947009283358966,0.5278486513248181,236.91492714007552,0.3411574936397235,1.291421602082215,OK,ACTIVE,CALIBRATION,1,1,,7.74672936649797e-05,0.003952687568217516,0.17326229853630068,9.333333333333334,0.0055683688725569995,7.74672936649797e-05
E01,2024-06-11 16:50:00,0.0,0.0,0.0,0.0,ORIGINAL_ISCO,0.069,0.2263779527559053,0.668,2.191601049868764,0.0150824806665918,15.082480666591826,0.5326327780739856,239.06219234074084,0.3442495555156122,1.3031263295935338,OK,ACTIVE,CALIBRATION,1,1,,7.392713344630515e-05,0.00384918876439333,0.17039950089454653,9.416666666666666,0.0057038402557899,7.392713344630515e-05
E01,2024-06-11 16:55:00,0.0,0.0,0.0,0.0,ORIGINAL_ISCO,0.069,0.2263779527559053,0.652,2.139107611548554,0.0147212236446375,14.721223644637533,0.5198751067428722,233.3361518056333,0.3360040571799089,1.2719137228966828,OK,ACTIVE,CALIBRATION,1,1,,7.060780675469435e-05,0.0037499823153018955,0.16763062920570374,9.5,0.0053425832338356,7.060780675469435e-05
E01,2024-06-11 17:00:00,0.0,0.0,0.0,0.0,ORIGINAL_ISCO,0.069,0.2263779527559053,0.656,2.1522309711286067,0.0148115379001261,14.811537900126105,0.5230645245756504,234.76766193941015,0.3380654317638347,1.2797168745708951,OK,ACTIVE,CALIBRATION,1,1,,6.748949494311476e-05,0.0036547525607049467,0.16494879798889162,9.583333333333334,0.0054328974893242,6.748949494311476e-05
E01,2024-06-11 17:05:00,0.0,0.0,0.0,0.0,ORIGINAL_ISCO,0.069,0.2263779527559053,0.666,2.185039370078738,0.0150373235388475,15.03732353884754,0.5310380691575964,238.3464372738524,0.3432188682236493,1.2992247537564274,OK,ACTIVE,CALIBRATION,1,1,,6.455405399405694e-05,0.0035631963305175307,0.16234717626571657,9.666666666666666,0.0056586831280456,6.455405399405694e-05
E01,2024-06-11 17:10:00,0.0,0.0,0.0,0.0,ORIGINAL_ISCO,0.068,0.2230971128608921,0.643,2.109580052493436,0.0142084567107607,14.20845671076078,0.501766913367215,225.20863020741623,0.3243004261279447,1.2276106598097314,OK,ACTIVE,CALIBRATION,1,1,,6.177937747921086e-05,0.0034748421214520933,0.1598140823364258,9.75,0.0048298162999588,6.177937747921086e-05
E01,2024-06-11 17:15:00,0.0,0.0,0.0,0.0,ORIGINAL_ISCO,0.069,0.2263779527559053,0.661,2.168635170603672,0.0149244307194868,14.92443071948682,0.5270512968666234,236.5570496066313,0.340642149993742,1.2894708141636615,OK,ACTIVE,CALIBRATION,1,1,,5.914761806739986e-05,0.0033893135257065297,0.15733985109329224,9.833333333333334,0.005545790308684901,5.914761806739986e-05
E01,2024-06-11 17:20:00,0.0,0.0,0.0,0.0,ORIGINAL_ISCO,0.068,0.2230971128608921,0.681,2.234251968503935,0.0150481477760934,15.048147776093456,0.5314203234884503,238.51800493196032,0.3434659256502804,1.3001599678544746,OK,ACTIVE,CALIBRATION,1,1,,5.665168165875471e-05,0.0033065526343882086,0.15492395567893982,9.916666666666666,0.005669507365291499,5.665168165875471e-05
E01,2024-06-11 17:25:00,0.0,0.0,0.0,0.0,ORIGINAL_ISCO,0.068,0.2230971128608921,0.661,2.168635170603672,0.0146062051101288,14.60620511012889,0.5158132655299054,231.51307086641083,0.3333788206385248,1.2619761215151362,OK,ACTIVE,CALIBRATION,1,1,,5.4289837583000605e-05,0.0032266746975481513,0.15257101063728334,10.0,0.005227564699326901,5.4289837583000605e-05
E01,2024-06-11 17:30:00,0.0,0.0,0.0,0.0,ORIGINAL_ISCO,0.068,0.2230971128608921,0.652,2.139107611548554,0.0144073309104448,14.407330910444836,0.5087900894485603,228.36085053691357,0.3288396233832347,1.2447933906624338,OK,ACTIVE,CALIBRATION,1,1,,5.2065128523306374e-05,0.0031499624468386174,0.1502907628297806,10.083333333333334,0.0050286904996429006,5.2065128523306374e-05
E04,2024-06-15 19:00:00,0.0,0.0,0.0,0.0,ORIGINAL_ISCO,0.072,0.2362204724409446,0.526,1.725721784776901,0.012646106023065,12.64610602306504,0.4465930195291515,200.4448669471112,0.2886406071838303,1.0926235603928196,OK,ACTIVE,CALIBRATION,1,1,,0.0008255185129264355,0.014023531964421273,0.38609750862121583,-0.25,4.808405331960079e-05,0.0008255185129264355
E04,2024-06-15 19:05:00,0.0,0.0,0.0,0.0,ORIGINAL_ISCO,0.072,0.2362204724409446,0.525,1.722440944881888,0.0126220639964052,12.622063996405222,0.4457439833703508,200.0637930555768,0.2880918607823401,1.0905463292894113,OK,ACTIVE,CALIBRATION,1,1,,0.0022771398112680476,0.022585085821151735,0.5302029567718506,-0.16666666666666666,2.4042026659801263e-05,0.0022771398112680476
E04,2024-06-15 19:10:00,0.0,0.0,0.0,0.0,ORIGINAL_ISCO,0.072,0.2362204724409446,0.515,1.6896325459317567,0.012381643729807,12.381643729807028,0.4372536217823441,196.25305414023248,0.2826043967674385,1.0697740182553273,OK,ACTIVE,CALIBRATION,1,1,,0.0017916202491473352,0.020203156810998917,0.4951813662528992,-0.08333333333333333,0.0,0.0017916202491473352
E04,2024-06-15 19:15:00,0.0,0.25,0.0,0.25,ORIGINAL_ISCO,0.072,0.2362204724409446,0.547,1.7946194225721768,0.0131509885829212,13.15098858292125,0.4644227788639656,208.44741866933435,0.300164281615124,1.136245413564396,OK,ACTIVE,CALIBRATION,1,1,,0.0017935888750471116,0.02024586405158043,0.49410003690719606,0.0,0.0005529666131758003,0.0017935888750471116
E04,2024-06-15 19:20:00,0.0,0.0,0.0,0.0,ORIGINAL_ISCO,0.073,0.2395013123359577,0.539,1.7683727034120718,0.0132249804774837,13.224980477483742,0.4670357779605315,209.6202141080008,0.3018531070396655,1.1426383132545954,OK,ACTIVE,CALIBRATION,1,1,,0.003987542796550186,0.02958991125226021,0.6194634241104127,0.08333333333333333,0.0006269585077382997,0.003987542796550186
E04,2024-06-15 19:25:00,0.0,0.0,0.0,0.0,ORIGINAL_ISCO,0.074,0.2427821522309708,0.553,1.8143044619422557,0.0138434467573084,13.843446757308488,0.4888767085110213,219.42310449533755,0.315969269137765,1.1960737998314537,OK,ACTIVE,CALIBRATION,1,1,,0.007581348598436005,0.03974543917179108,0.7538511514663697,0.16666666666666666,0.0012454247875630011,0.007581348598436005
E04,2024-06-15 19:30:00,0.0,0.25,0.0,0.25,ORIGINAL_ISCO,0.075,0.2460629921259839,0.548,1.7979002624671898,0.0139924383428712,13.992438342871276,0.4941382966994773,221.78466927187057,0.3193699224015989,1.2089466728240783,OK,ACTIVE,CALIBRATION,1,1,,0.006711884325705391,0.03752784878611565,0.7313627712249756,0.25,0.0013944163731258,0.006711884325705391
E04,2024-06-15 19:35:00,0.0,0.0,0.0,0.0,ORIGINAL_ISCO,0.077,0.2526246719160102,0.576,1.889763779527557,0.0152889627457314,15.28896274573146,0.5399246238827617,242.33500001803057,0.3489623985509894,1.3209663812311985,OK,ACTIVE,CALIBRATION,1,1,,0.007846301888541596,0.040507665538787846,0.7574266599655152,0.3333333333333333,0.0026909407759860005,0.007846301888541596
E04,2024-06-15 19:40:00,0.0,0.25,0.0,0.25,ORIGINAL_ISCO,0.08,0.2624671916010496,0.604,1.9816272965879245,0.0169604845970059,16.96048459700595,0.5989538609782061,268.8291614987912,0.3871139909220277,1.4653858691813144,OK,ACTIVE,CALIBRATION,1,1,,0.0097521039167146,0.04473601845502854,0.8102238006591798,0.4166666666666667,0.0043624626272605015,0.0097521039167146
E04,2024-06-15 19:45:00,0.0,0.0,0.0,0.0,ORIGINAL_ISCO,0.083,0.2723097112860889,0.632,2.073490813648292,0.0187346849799529,18.734684979952902,0.6616091561991152,296.9508108862539,0.4276091658688113,1.618676782267931,OK,ACTIVE,CALIBRATION,1,1,,0.01026525301991716,0.0459765949845314,0.8193602342605592,0.5,0.006136663010207502,0.01026525301991716
E04,2024-06-15 19:50:00,0.0,0.25,0.0,0.25,ORIGINAL_ISCO,0.086,0.2821522309711283,0.629,2.063648293963253,0.0196451472980407,19.645147298040744,0.6937618295248611,311.3819328360953,0.4483899813887477,1.6973407265507203,OK,ACTIVE,CALIBRATION,1,1,,0.011671288634639466,0.04879496401548386,0.8552734491348267,0.5833333333333334,0.007047125328295302,0.011671288634639466
E04,2024-06-15 19:55:00,0.0,0.25,0.0,0.25,ORIGINAL_ISCO,0.089,0.2919947506561676,0.657,2.15551181102362,0.0215799820592525,21.57998205925251,0.7620898742782056,342.0496890266875,0.4925515501165409,1.864510449919417,OK,ACTIVE,CALIBRATION,1,1,,0.01249674016238498,0.05061740001440049,0.8696939352035523,0.6666666666666666,0.0089819600895071,0.01249674016238498
E04,2024-06-15 20:00:00,0.0,0.25,0.0,0.25,ORIGINAL_ISCO,0.093,0.3051181102362201,0.623,2.043963254593174,0.0218274579483152,21.827457948315235,0.7708294028220599,345.972261838059,0.4982000549410411,1.8858923667344365,OK,ACTIVE,CALIBRATION,1,1,,0.016230495412814117,0.05741908786296845,0.9413330217361451,0.75,0.0092294359785698,0.016230495412814117
E04,2024-06-15 20:05:00,0.0,0.25,0.0,0.25,ORIGINAL_ISCO,0.097,0.3182414698162726,0.6,1.968503937007872,0.0223608152458827,22.360815245882783,0.7896647380291316,354.42614735437587,0.5103736500330828,1.9319744372442724,OK,ACTIVE,CALIBRATION,1,1,,0.01901095891984946,0.06191513882875443,0.9833218832015992,0.8333333333333334,0.0097627932761373,0.01901095891984946
E04,2024-06-15 20:10:00,0.0,0.0,0.0,0.0,ORIGINAL_ISCO,0.106,0.3477690288713907,0.597,1.9586614173228325,0.0253354196037108,25.33541960371083,0.8947118995541167,401.5745876440318,0.5782674037632178,2.188980253760616,OK,ACTIVE,CALIBRATION,1,1,,0.022250435689193666,0.06689366397857667,1.0277716409683229,0.9166666666666666,0.012737397633965402,0.022250435689193666
E04,2024-06-15 20:15:00,0.0,0.25,0.0,0.25,ORIGINAL_ISCO,0.111,0.3641732283464563,0.585,1.919291338582675,0.0265559770902679,26.555977090267994,0.9378154804063008,420.92081821872654,0.6061259756730272,2.294436420599155,OK,ACTIVE,CALIBRATION,1,1,,0.025311252115707276,0.07121326314210892,1.0698588975906373,1.0,0.0139579551205225,0.025311252115707276
E04,2024-06-15 20:20:00,0.0,0.0,0.0,0.0,ORIGINAL_ISCO,0.114,0.3740157480314957,0.611,2.0045931758530164,0.0288373373709975,28.83733737099756,1.018380958391907,457.0811158704482,0.6581968040714162,2.4915459488541893,OK,ACTIVE,CALIBRATION,1,1,,0.027819710639134278,0.07462902939319611,1.0979047874450685,1.0833333333333333,0.0162393154012521,0.027819710639134278
E04,2024-06-15 20:25:00,0.0,0.25,0.0,0.25,ORIGINAL_ISCO,0.115,0.3772965879265088,0.631,2.070209973753278,0.0301632026397286,30.16320263972869,1.065203448474744,478.09650882191374,0.6884589697936163,2.606100708072559,OK,ACTIVE,CALIBRATION,1,1,,0.028191254546707307,0.07486123269796371,1.1072192625045776,1.1666666666666667,0.0175651806699832,0.028191254546707307
E04,2024-06-15 20:30:00,0.0,0.0,0.0,0.0,ORIGINAL_ISCO,0.117,0.383858267716535,0.636,2.086614173228344,0.0311764163118493,31.17641631184932,1.1009847516233395,494.1562729364004,0.7115850300207291,2.693642369343781,OK,ACTIVE,CALIBRATION,1,1,,0.025755009212967958,0.07178588443994523,1.0764959197998047,1.25,0.0185783943421039,0.025755009212967958
E04,2024-06-15 20:35:00,0.0,0.0,0.0,0.0,ORIGINAL_ISCO,0.113,0.3707349081364826,0.642,2.1062992125984232,0.0299133174887045,29.91331748870452,1.0563788376476766,474.1357484299209,0.6827554748532538,2.584510631024071,OK,ACTIVE,CALIBRATION,1,1,,0.02511202236437549,0.07080762383937836,1.0699712453842163,1.3333333333333333,0.0173152955189591,0.02511202236437549
E04,2024-06-15 20:40:00,0.0,0.0,0.0,0.0,ORIGINAL_ISCO,0.109,0.35761154855643,0.689,2.26049868766404,0.0304572363990269,30.457236399027,1.07558715268923,482.7570389212987,0.6951701331083643,2.6315052248759327,OK,ACTIVE,CALIBRATION,1,1,,0.023158762337660066,0.06806384146213532,1.043492120361328,1.4166666666666667,0.0178592144292815,0.023158762337660066
E04,2024-06-15 20:45:00,0.0,0.0,0.0,0.0,ORIGINAL_ISCO,0.105,0.3444881889763775,0.682,2.237532808398948,0.0285441776108401,28.544177610840137,1.008028119165796,452.4344389398716,0.6515055893196681,2.466216945576588,OK,ACTIVE,CALIBRATION,1,1,,0.02254179822971512,0.06716110314130784,1.0352809936523437,1.5,0.0159461556410947,0.02254179822971512
E04,2024-06-15 20:50:00,0.0,0.0,0.0,0.0,ORIGINAL_ISCO,0.1,0.328083989501312,0.667,2.188320209973751,0.0259922831227012,25.992283122701284,0.9179088158087688,411.9860866798861,0.5932599623114783,2.245733261801391,OK,ACTIVE,CALIBRATION,1,1,,0.020647589806776764,0.06425992212295532,1.010942580986023,1.5833333333333333,0.013394261152955802,0.020647589806776764
E04,2024-06-15 20:55:00,0.0,0.25,0.0,0.25,ORIGINAL_ISCO,0.095,0.3116797900262464,0.661,2.168635170603672,0.0238930637494748,23.893063749474827,0.8437755832679843,378.7127812693728,0.5453464027228574,2.0643607079546253,OK,ACTIVE,CALIBRATION,1,1,,0.017096084882921723,0.058621385478973394,0.9603845478057862,1.6666666666666667,0.011295041779729401,0.017096084882921723
E04,2024-06-15 21:00:00,0.0,0.0,0.0,0.0,ORIGINAL_ISCO,0.091,0.2985564304461939,0.678,2.2244094488188955,0.023008468626538,23.008468626538,0.812536401318016,364.6916627214389,0.5251559920991723,1.9879316893328836,OK,ACTIVE,CALIBRATION,1,1,,0.015406441396370728,0.05594123475551605,0.9306442119598389,1.75,0.0104104466567926,0.015406441396370728
E04,2024-06-15 21:05:00,0.0,0.0,0.0,0.0,ORIGINAL_ISCO,0.089,0.2919947506561676,0.655,2.148950131233593,0.0215142895720097,21.514289572009734,0.7597699659851214,341.00844187592133,0.4910521542257752,1.8588346190216407,OK,ACTIVE,CALIBRATION,1,1,,0.01488272403589975,0.05492671183347702,0.9253879920959474,1.8333333333333333,0.0089162676022643,0.01488272403589975
E04,2024-06-15 21:10:00,0.0,0.0,0.0,0.0,ORIGINAL_ISCO,0.088,0.2887139107611545,0.67,2.1981627296587907,0.021644707314061,21.64470731406103,0.7643756250802319,343.07560523081776,0.4940288694442442,1.8701027119348728,OK,ACTIVE,CALIBRATION,1,1,,0.01296665080600081,0.051387129557132726,0.8836217914581299,1.9166666666666667,0.009046685344315599,0.01296665080600081
E04,2024-06-15 21:15:00,0.0,0.0,0.0,0.0,ORIGINAL_ISCO,0.089,0.2919947506561676,0.664,2.1784776902887115,0.0218099057646022,21.809905764602235,0.7702095533040009,345.69405405436913,0.497799435734221,1.884375858061633,OK,ACTIVE,CALIBRATION,1,1,,0.013180008417664032,0.051855069744586944,0.8869430276870728,2.0,0.009211883794856799,0.013180008417664032
E04,2024-06-15 21:20:00,0.0,0.0,0.0,0.0,ORIGINAL_ISCO,0.088,0.2887139107611545,0.66,2.16535433070866,0.0213216519810153,21.321651981015343,0.7529670336611239,337.95507380946225,0.4866553042286585,1.8421907311597256,OK,ACTIVE,CALIBRATION,1,1,,0.013280479859737931,0.051993792200088505,0.8904072057724,2.0833333333333335,0.008723630011269901,0.013280479859737931
E04,2024-06-15 21:25:00,0.0,0.0,0.0,0.0,ORIGINAL_ISCO,0.086,0.2821522309711283,0.682,2.237532808398948,0.021300461776254,21.300461776254032,0.7522187086422183,337.6192022165612,0.4861716491369252,1.8403598974683488,OK,ACTIVE,CALIBRATION,1,1,,0.011498057994537049,0.048376157820224766,0.852962252998352,2.1666666666666665,0.008702439806508599,0.011498057994537049
E04,2024-06-15 21:30:00,0.0,0.0,0.0,0.0,ORIGINAL_ISCO,0.084,0.2755905511811021,0.65,2.132545931758528,0.0196106886163966,19.61068861639669,0.6925449326669394,310.83575159700735,0.4476034804077854,1.694363496456674,OK,ACTIVE,CALIBRATION,1,1,,0.00896315140093579,0.042899611651897436,0.7926444957733154,2.25,0.007012666646651202,0.00896315140093579
E04,2024-06-15 21:35:00,0.0,0.25,0.0,0.25,ORIGINAL_ISCO,0.082,0.2690288713910758,0.643,2.109580052493436,0.018723862045997,18.723862045997038,0.6612269478935149,296.7792638857144,0.4273621381890785,1.6177416807741438,OK,ACTIVE,CALIBRATION,1,1,,0.006981705275950264,0.038183452391624455,0.7398012823104859,2.3333333333333335,0.006125840076251599,0.006981705275950264
E04,2024-06-15 21:40:00,0.0,0.0,0.0,0.0,ORIGINAL_ISCO,0.081,0.2657480314960627,0.657,2.15551181102362,0.0187891859941628,18.789185994162896,0.6635338413519241,297.8146695730211,0.4288531223724982,1.623385669895674,OK,ACTIVE,CALIBRATION,1,1,,0.007260199488518555,0.03903453598022461,0.7427428905487061,2.4166666666666665,0.006191164024417401,0.007260199488518555
E04,2024-06-15 21:45:00,0.0,0.0,0.0,0.0,ORIGINAL_ISCO,0.08,0.2624671916010496,0.658,2.158792650918633,0.0184768193126323,18.476819312632315,0.6525027160987743,292.8635567321268,0.4217235199117455,1.596397188611432,OK,ACTIVE,CALIBRATION,1,1,,0.008197530403858566,0.041164520430564885,0.7719177085876465,2.5,0.005878797342886901,0.008197530403858566
E04,2024-06-15 21:50:00,0.0,0.25,0.0,0.25,ORIGINAL_ISCO,0.08,0.2624671916010496,0.663,2.1751968503936987,0.0186172206751903,18.61722067519031,0.6574609434247528,295.0889636981764,0.4249281059293119,1.6085278663364428,OK,ACTIVE,CALIBRATION,1,1,,0.006964021188186974,0.03818927961587906,0.73774675655365,2.5833333333333335,0.0060191987054449,0.006964021188186974
E04,2024-06-15 21:55:00,0.0,0.0,0.0,0.0,ORIGINAL_ISCO,0.081,0.2657480314960627,0.64,2.0997375328083967,0.0183030122317568,18.303012231756853,0.6463647769638226,290.1086583359719,0.4177564662380501,1.5813802568237922,OK,ACTIVE,CALIBRATION,1,1,,0.00908880589540503,0.04345820764303208,0.7883106760025025,2.6666666666666665,0.005704990262011402,0.00908880589540503
E04,2024-06-15 22:00:00,0.0,0.0,0.0,0.0,ORIGINAL_ISCO,0.086,0.2821522309711283,0.668,2.191601049868764,0.0208632088952165,20.86320889521656,0.7367772688753692,330.6886027575702,0.4761915859581614,1.802581248546711,OK,ACTIVE,CALIBRATION,1,1,,0.012136552721957291,0.04977215727567673,0.8648047714233399,2.75,0.0082651869254711,0.012136552721957291
E04,2024-06-15 22:05:00,0.0,0.0,0.0,0.0,ORIGINAL_ISCO,0.093,0.3051181102362201,0.696,2.283464566929131,0.0243850894575078,24.385089457507878,0.8611513071655758,386.5115477356165,0.5565766263867811,2.1068717291286805,OK,ACTIVE,CALIBRATION,1,1,,0.011333344071862794,0.04809943506717682,0.8476450630187988,2.8333333333333335,0.011787067487762402,0.011333344071862794
E04,2024-06-15 22:10:00,0.0,0.0,0.0,0.0,ORIGINAL_ISCO,0.101,0.3313648293963251,0.724,2.3753280839894986,0.0286276425806885,28.62764258068858,1.010975656758913,453.75738568296407,0.6534106326216691,2.4734283189714934,OK,ACTIVE,CALIBRATION,1,1,,0.010872345094521377,0.047160493469238285,0.8364652948379517,2.9166666666666665,0.0160296206109431,0.010872345094521377
E04,2024-06-15 22:15:00,0.0,0.0,0.0,0.0,ORIGINAL_ISCO,0.102,0.3346456692913382,0.659,2.162073490813646,0.0264360689448292,26.43606894482926,0.93358096421294,419.0202353662259,0.6033891363769942,2.284076356833248,OK,ACTIVE,CALIBRATION,1,1,,0.01067744037061917,0.046735274147987366,0.8322698387145997,3.0,0.013838046975083802,0.01067744037061917
E04,2024-06-15 22:20:00,0.0,0.0,0.0,0.0,ORIGINAL_ISCO,0.099,0.3248031496062988,0.624,2.0472440944881867,0.0239612511916832,23.961251191683274,0.8461836000641664,379.79357426256826,0.5469027446264806,2.070252102961435,OK,ACTIVE,CALIBRATION,1,1,,0.009478581586897798,0.04408367818593979,0.8047999311447144,3.0833333333333335,0.0113632292219378,0.009478581586897798
E04,2024-06-15 22:25:00,0.0,0.0,0.0,0.0,ORIGINAL_ISCO,0.095,0.3116797900262464,0.661,2.168635170603672,0.0238930637494748,23.893063749474827,0.8437755832679843,378.7127812693728,0.5453464027228574,2.0643607079546253,OK,ACTIVE,CALIBRATION,1,1,,0.0075806599696784365,0.03966006556749344,0.7563293432235718,3.1666666666666665,0.011295041779729401,0.0075806599696784365
E04,2024-06-15 22:30:00,0.0,0.25,0.0,0.25,ORIGINAL_ISCO,0.09,0.2952755905511808,0.659,2.162073490813646,0.0220037931528625,22.0037931528625,0.777056621801912,348.7672318113537,0.5022248116855739,1.90112772840732,OK,ACTIVE,CALIBRATION,1,1,,0.006038476289057991,0.03571746919155121,0.7106452131271362,3.25,0.009405771183117102,0.006038476289057991
E04,2024-06-15 22:35:00,0.0,0.0,0.0,0.0,ORIGINAL_ISCO,0.087,0.2854330708661414,0.651,2.1358267716535413,0.0206806823099231,20.680682309923167,0.7303314033479216,327.79549739875733,0.4720255142590798,1.7868109515773616,OK,ACTIVE,CALIBRATION,1,1,,0.006525320364456894,0.03718013427257538,0.7218824632644654,3.3333333333333335,0.0080826603401777,0.006525320364456894
E04,2024-06-15 22:40:00,0.0,0.0,0.0,0.0,ORIGINAL_ISCO,0.085,0.2788713910761152,0.703,2.306430446194223,0.0215820420737308,21.582042073730875,0.7621626230029506,342.08234092184574,0.49259856884537,1.864688435170348,OK,ACTIVE,CALIBRATION,1,1,,0.007698745455168961,0.03997883698940277,0.7585418535232544,3.4166666666666665,0.008984020103985399,0.007698745455168961
E04,2024-06-15 22:45:00,0.0,0.0,0.0,0.0,ORIGINAL_ISCO,0.082,0.2690288713910758,0.681,2.234251968503935,0.0198304044375178,19.830404437517856,0.7003041236632717,314.3183183610754,0.4526183765268468,1.7133469434015427,OK,ACTIVE,CALIBRATION,1,1,,0.006677171444578629,0.03746534124612808,0.7295512538909913,3.5,0.0072323824677724,0.006677171444578629
E04,2024-06-15 22:50:00,0.0,0.0,0.0,0.0,ORIGINAL_ISCO,0.083,0.2723097112860889,0.681,2.234251968503935,0.0201872159356771,20.187215935677106,0.7129048028031605,319.9738959074983,0.460762408159273,1.744175456842502,OK,ACTIVE,CALIBRATION,1,1,,0.007411162777644012,0.0393696263551712,0.7480158971786499,3.5833333333333335,0.0075891939659317,0.007411162777644012
E04,2024-06-15 22:55:00,0.0,0.0,0.0,0.0,ORIGINAL_ISCO,0.083,0.2723097112860889,0.7,2.296587926509184,0.0207504422246313,20.75044222463138,0.7327949514863616,328.90121458920527,0.4736177470065948,1.792838208208151,OK,ACTIVE,CALIBRATION,1,1,,0.008715883042501283,0.04245530737638474,0.7829801874160767,3.6666666666666665,0.008152420254885901,0.008715883042501283
E04,2024-06-15 23:00:00,0.0,0.25,0.0,0.25,ORIGINAL_ISCO,0.085,0.2788713910761152,0.682,2.237532808398948,0.020937343804103,20.937343804103072,0.7393953184751243,331.86366501948623,0.4778836756081684,1.8089865046745055,OK,ACTIVE,CALIBRATION,1,1,,0.008476359225866044,0.04182417765855789,0.7789808675765991,3.75,0.0083393218343576,0.008476359225866044
E04,2024-06-15 23:05:00,0.0,0.0,0.0,0.0,ORIGINAL_ISCO,0.087,0.2854330708661414,0.697,2.2867454068241444,0.0221419901229131,22.141990122913125,0.7819370017411694,350.95769844383074,0.5053790836230085,1.913067946619694,OK,ACTIVE,CALIBRATION,1,1,,0.00837328770388765,0.04168503280878067,0.773431497001648,3.8333333333333335,0.0095439681531677,0.00837328770388765
E04,2024-06-15 23:10:00,0.0,0.0,0.0,0.0,ORIGINAL_ISCO,0.086,0.2821522309711283,0.689,2.26049868766404,0.0215190882167727,21.51908821677277,0.7599394285256428,341.08450194605666,0.4911616807263071,1.8592492219291676,OK,ACTIVE,CALIBRATION,1,1,,0.008454757718136292,0.04173949896097184,0.7794014814376832,3.9166666666666665,0.0089210662470273,0.008454757718136292
E04,2024-06-15 23:15:00,0.0,0.0,0.0,0.0,ORIGINAL_ISCO,0.088,0.2887139107611545,0.658,2.158792650918633,0.0212570409144062,21.257040914406204,0.7506853153773024,336.93096752519114,0.4851805911855413,1.836608335004696,OK,ACTIVE,CALIBRATION,1,1,,0.00666923913329583,0.03742397840023041,0.729993087387085,4.0,0.008659018944660802,0.00666923913329583
E04,2024-06-15 23:20:00,0.0,0.0,0.0,0.0,ORIGINAL_ISCO,0.086,0.2821522309711283,0.689,2.26049868766404,0.0215190882167727,21.51908821677277,0.7599394285256428,341.08450194605666,0.4911616807263071,1.8592492219291676,OK,ACTIVE,CALIBRATION,1,1,,0.007098463716439224,0.0385882786989212,0.7395893766403199,4.083333333333333,0.0089210662470273,0.007098463716439224
E04,2024-06-15 23:25:00,0.0,0.0,0.0,0.0,ORIGINAL_ISCO,0.084,0.2755905511811021,0.691,2.2670603674540657,0.0208476705137386,20.847670513738635,0.7362285361120848,330.4423143900493,0.4758369307104304,1.801238732387018,OK,ACTIVE,CALIBRATION,1,1,,0.008442647641333467,0.0418267846941948,0.7758090408325196,4.166666666666667,0.0082496485439932,0.008442647641333467
E04,2024-06-15 23:30:00,0.0,0.0,0.0,0.0,ORIGINAL_ISCO,0.083,0.2723097112860889,0.659,2.162073490813646,0.0195350591800458,19.53505918004583,0.6898741043278748,309.63700059183753,0.4458772789676371,1.6878291131559595,OK,ACTIVE,CALIBRATION,1,1,,0.0083595134409207,0.04155627522468567,0.7758190692901612,4.25,0.006937037210300402,0.0083595134409207
E04,2024-06-15 23:35:00,0.0,0.0,0.0,0.0,ORIGINAL_ISCO,0.081,0.2657480314960627,0.672,2.2047244094488168,0.0192181628433446,19.218162843344697,0.6786830158120136,304.6140912527705,0.4386442895499525,1.660449269664982,OK,ACTIVE,CALIBRATION,1,1,,0.006842893837063294,0.03782796673178673,0.7360902442932129,4.333333333333333,0.0066201408735992,0.006842893837063294
E04,2024-06-15 23:40:00,0.0,0.0,0.0,0.0,ORIGINAL_ISCO,0.08,0.2624671916010496,0.679,2.2276902887139087,0.0190665050353758,19.066505035375897,0.673327270867884,302.2102659895351,0.4351827811855245,1.6473460350564777,OK,ACTIVE,CALIBRATION,1,1,,0.005422968765960549,0.033929104059934614,0.6883706279754639,4.416666666666667,0.006468483065630401,0.005422968765960549
E04,2024-06-15 23:45:00,0.0,0.0,0.0,0.0,ORIGINAL_ISCO,0.079,0.2591863517060365,0.684,2.244094488188974,0.018854465715378,18.854465715378097,0.6658391729503107,298.8493742488684,0.4303430970994206,1.6290258378086675,OK,ACTIVE,CALIBRATION,1,1,,0.004412035588708672,0.03077926452755928,0.6466067527770997,4.5,0.006256443745632601,0.004412035588708672
E04,2024-06-15 23:50:00,0.0,0.0,0.0,0.0,ORIGINAL_ISCO,0.078,0.2559055118110233,0.681,2.234251968503935,0.0184228809326556,18.422880932655687,0.6505979001864026,292.0086159797689,0.4204924052335536,1.5917369125814516,OK,ACTIVE,CALIBRATION,1,1,,0.0038117357059614257,0.028734930735826492,0.6184412481307984,4.583333333333333,0.005824858962910202,0.0038117357059614257
E04,2024-06-15 23:55:00,0.0,0.0,0.0,0.0,ORIGINAL_ISCO,0.077,0.2526246719160102,0.691,2.2670603674540657,0.0183414466272577,18.341446627257707,0.647722074831577,290.7178559244082,0.4186337107616904,1.5847009885950658,OK,ACTIVE,CALIBRATION,1,1,,0.0034394059092579003,0.027380730146169662,0.5995165311813355,4.666666666666667,0.005743424657512302,0.0034394059092579003
E04,2024-06-16 00:00:00,0.0,0.0,0.0,0.0,ORIGINAL_ISCO,0.077,0.2526246719160102,0.664,2.1784776902887115,0.0176247764985515,17.624776498551544,0.6224131080870726,279.358402798563,0.4022760983296128,1.5227806894748537,OK,ACTIVE,CALIBRATION,1,1,,0.0031421459301150287,0.026242261755466463,0.5835017020225525,4.75,0.005026754528806101,0.0031421459301150287
E04,2024-06-16 00:05:00,0.0,0.0,0.0,0.0,ORIGINAL_ISCO,0.076,0.2493438320209971,0.66,2.16535433070866,0.0171844082420435,17.184408242043546,0.6068616498737697,272.37842363165714,0.3922249283717521,1.4847328721125626,OK,ACTIVE,CALIBRATION,1,1,,0.0028725619069825173,0.025161595523357394,0.5681025329589844,4.833333333333333,0.004586386272298102,0.0028725619069825173
E04,2024-06-16 00:10:00,0.0,0.25,0.0,0.25,ORIGINAL_ISCO,0.076,0.2493438320209971,0.67,2.1981627296587907,0.0174447780638926,17.44477806389269,0.6160565233567056,276.505369444258,0.3981677303167786,1.5072288247203285,OK,ACTIVE,CALIBRATION,1,1,,0.0026266828317491686,0.024130485677719117,0.5532243713378907,4.916666666666667,0.004846756094147201,0.0026266828317491686
E04,2024-06-16 00:15:00,0.0,0.0,0.0,0.0,ORIGINAL_ISCO,0.076,0.2493438320209971,0.694,2.276902887139105,0.0180696656363306,18.06966563633064,0.6381242197157516,286.4100393945,0.4124304549848422,1.561219110978967,OK,ACTIVE,CALIBRATION,1,1,,0.0035163249397658844,0.02779652962088585,0.5993380173683167,5.0,0.005471643666585202,0.0035163249397658844
E04,2024-06-16 00:20:00,0.0,0.0,0.0,0.0,ORIGINAL_ISCO,0.076,0.2493438320209971,0.683,2.240813648293961,0.0177832588322965,17.78325883229658,0.6280098588845222,281.8703990006391,0.4058933728453131,1.5364735631104245,OK,ACTIVE,CALIBRATION,1,1,,0.004957848142967217,0.032539790242910385,0.6693319644927979,5.083333333333333,0.005185236862551099,0.004957848142967217
E04,2024-06-16 00:25:00,0.0,0.0,0.0,0.0,ORIGINAL_ISCO,0.076,0.2493438320209971,0.681,2.234251968503935,0.0177311848679267,17.731184867926753,0.6261708841879351,281.045009838119,0.4047048124563078,1.5319743725888717,OK,ACTIVE,CALIBRATION,1,1,,0.004042114093864105,0.029545559853315355,0.6293369493484497,5.166666666666667,0.0051331628981813,0.004042114093864105
E04,2024-06-16 00:30:00,0.0,0.25,0.0,0.25,ORIGINAL_ISCO,0.077,0.2526246719160102,0.689,2.26049868766404,0.0182883599510572,18.28835995105725,0.6458473365542063,289.8764149521233,0.4174220357667217,1.5801142997713469,OK,ACTIVE,CALIBRATION,1,1,,0.004381268820413269,0.030758923745155337,0.6427251583099366,5.25,0.005690337981311799,0.004381268820413269
E04,2024-06-16 00:35:00,0.0,0.0,0.0,0.0,ORIGINAL_ISCO,0.078,0.2559055118110233,0.71,2.329396325459315,0.0192074089018877,19.20740890188772,0.6783032439535182,304.4436378056328,0.4383988365871117,1.659520129123099,OK,ACTIVE,CALIBRATION,1,1,,0.00738250620078035,0.03944746953248978,0.7428087295532227,5.333333333333333,0.006609386932142299,0.00738250620078035
E04,2024-06-16 00:40:00,0.0,0.25,0.0,0.25,ORIGINAL_ISCO,0.079,0.2591863517060365,0.684,2.244094488188974,0.018854465715378,18.854465715378097,0.6658391729503107,298.8493742488684,0.4303430970994206,1.6290258378086675,OK,ACTIVE,CALIBRATION,1,1,,0.009733326124453994,0.044675906753540044,0.8102687833786011,5.416666666666667,0.006256443745632601,0.009733326124453994
E04,2024-06-16 00:45:00,0.0,0.0,0.0,0.0,ORIGINAL_ISCO,0.083,0.2723097112860889,0.687,2.253937007874013,0.020365076869031,20.365076869031085,0.7191859023873294,322.79304917540577,0.4648219888479009,1.759542641484286,OK,ACTIVE,CALIBRATION,1,1,,0.009584131666058761,0.04446678071022034,0.8033963830947877,5.5,0.0077670548992856,0.009584131666058761
E04,2024-06-16 00:50:00,0.0,0.0,0.0,0.0,ORIGINAL_ISCO,0.088,0.2887139107611545,0.679,2.2276902887139087,0.0219354571138021,21.93545711380215,0.7746433573574292,347.68408351003774,0.5006650781382714,1.895223494632506,OK,ACTIVE,CALIBRATION,1,1,,0.010921501879447357,0.04725941548347473,0.8377184160232545,5.583333333333333,0.009337435144056702,0.010921501879447357
E04,2024-06-16 00:55:00,0.0,0.51,0.0,0.51,ORIGINAL_ISCO,0.095,0.3116797900262464,0.674,2.211286089238843,0.0243629727188291,24.362972718829106,0.8603702619101686,386.1609902807221,0.5560718236538668,2.1049608429068343,OK,ACTIVE,CALIBRATION,1,1,,0.011079230777334366,0.04764482982158661,0.839967406654358,5.666666666666667,0.011764950749083701,0.011079230777334366
E04,2024-06-16 01:00:00,1.0,0.51,0.0393700787401574,0.51,ORIGINAL_ISCO,0.102,0.3346456692913382,0.71,2.329396325459315,0.0284819559193152,28.481955919315283,1.0058307808667486,451.4482050227927,0.6500854124850771,2.4608409914288405,OK,ACTIVE,CALIBRATION,1,1,,0.015724029215409576,0.056753058385849,0.9286452060699464,5.75,0.0158839339495698,0.015724029215409576
E04,2024-06-16 01:05:00,0.0,0.25,0.0,0.25,ORIGINAL_ISCO,0.115,0.3772965879265088,0.739,2.424540682414696,0.0353258427111878,35.3258427111878,1.2475203620013244,559.9260222177405,0.8062934685855506,3.052152810246626,OK,ACTIVE,CALIBRATION,1,1,,0.022605525082655092,0.06743814382553101,1.0320992837905885,5.833333333333333,0.0227278207414424,0.022605525082655092
E04,2024-06-16 01:10:00,0.0,0.25,0.0,0.25,ORIGINAL_ISCO,0.141,0.4625984251968498,0.891,2.92322834645669,0.0572829017795764,57.282901779576456,2.022926585185509,907.952503688462,1.3074515997851228,4.949242713755406,OK,ACTIVE,CALIBRATION,1,1,,0.02577923105438919,0.07189114691019059,1.075307620239258,5.916666666666667,0.044684879809831005,0.02577923105438919
E04,2024-06-16 01:15:00,0.0,0.0,0.0,0.0,ORIGINAL_ISCO,0.143,0.4691601049868761,1.055,3.461286089238841,0.0692241354028487,69.22413540284873,2.444627270834803,1097.2249153253413,1.5800038713902202,5.980965298806131,OK,ACTIVE,CALIBRATION,1,1,,0.033389383913552305,0.08167241306304932,1.149308117866516,6.0,0.05662611343310331,0.033389383913552305
E04,2024-06-16 01:20:00,0.0,0.0,0.0,0.0,ORIGINAL_ISCO,0.139,0.4560367454068237,0.966,3.1692913385826738,0.0608324153851701,60.83241538517014,2.148276475190439,964.2134413322336,1.388467349649721,5.2559206892787005,OK,ACTIVE,CALIBRATION,1,1,,0.0423441367441507,0.09125970940589906,1.241562297821045,6.083333333333333,0.048234393415424695,0.0423441367441507
E04,2024-06-16 01:25:00,0.0,0.0,0.0,0.0,ORIGINAL_ISCO,0.126,0.4133858267716531,0.979,3.2119422572178444,0.0534592586133666,53.45925861336666,1.8878959011089125,847.3465239262907,1.220178989296475,4.618879944194879,OK,ACTIVE,CALIBRATION,1,1,,0.038248952664933104,0.08658230595588684,1.208883187866211,6.166666666666667,0.04086123664362121,0.038248952664933104
E04,2024-06-16 01:30:00,0.0,0.0,0.0,0.0,ORIGINAL_ISCO,0.118,0.3871391076115481,0.912,2.9921259842519654,0.0452639472231003,45.26394722310031,1.5984812106828368,717.4481901454435,1.0331253894426826,3.910805040075867,OK,ACTIVE,CALIBRATION,1,1,,0.03138805996250043,0.07880480103492737,1.1397219297409058,6.25,0.032665925253354905,0.03138805996250043
E04,2024-06-16 01:35:00,0.0,0.0,0.0,0.0,ORIGINAL_ISCO,0.111,0.3641732283464563,0.813,2.6673228346456663,0.0369059989305775,36.90599893057757,1.3033230522569617,584.972008909102,0.8423596892686686,3.188678307601903,OK,ACTIVE,CALIBRATION,1,1,,0.02548743980870984,0.0712554253578186,1.0764136573791505,6.333333333333333,0.0243079769608321,0.02548743980870984
E04,2024-06-16 01:40:00,0.0,0.0,0.0,0.0,ORIGINAL_ISCO,0.103,0.3379265091863513,0.794,2.6049868766404174,0.0323097551330938,32.309755133093844,1.1410082343781147,512.1200594819204,0.7374528825369411,2.7915628434993085,OK,ACTIVE,CALIBRATION,1,1,,0.02133123275711508,0.06527950015068054,1.0207131328582764,6.416666666666667,0.019711733163348403,0.02133123275711508
E04,2024-06-16 01:45:00,0.0,0.0,0.0,0.0,ORIGINAL_ISCO,0.095,0.3116797900262464,0.767,2.516404199475063,0.0277246291919019,27.72462919190196,0.9790860398888714,439.44433166960505,0.6327998349295486,2.3954079621803293,OK,ACTIVE,CALIBRATION,1,1,,0.018787092124463195,0.06140639444589615,0.9837843549728394,6.5,0.015126607222156502,0.018787092124463195
E04,2024-06-16 01:50:00,0.0,0.0,0.0,0.0,ORIGINAL_ISCO,0.09,0.2952755905511808,0.689,2.26049868766404,0.0230054832812173,23.00548328121739,0.8124309748429701,364.6443440334183,0.5250878531887107,1.9876737554971824,OK,ACTIVE,CALIBRATION,1,1,,0.017048554308309264,0.058612142765522006,0.9579459611892701,6.583333333333333,0.0104074613114719,0.017048554308309264
E04,2024-06-16 01:55:00,0.0,0.0,0.0,0.0,ORIGINAL_ISCO,0.087,0.2854330708661414,0.718,2.35564304461942,0.0228091089071041,22.8091089071042,0.8054960792685217,361.5317467470165,0.520605713115237,1.9707070095738024,OK,ACTIVE,CALIBRATION,1,1,,0.015189784949151948,0.05547564271688461,0.9297197771072389,6.666666666666667,0.010211086937358702,0.015189784949151948
E04,2024-06-16 02:00:00,0.0,0.0,0.0,0.0,ORIGINAL_ISCO,0.084,0.2755905511811021,0.707,2.319553805774276,0.0213303951566037,21.33039515660378,0.7532757959931171,338.0936559678218,0.4868548625358527,1.8429461415305668,OK,ACTIVE,CALIBRATION,1,1,,0.01305910596796669,0.051510032665729524,0.8869758018493653,6.75,0.008732373186858301,0.01305910596796669
E04,2024-06-16 02:05:00,0.0,0.0,0.0,0.0,ORIGINAL_ISCO,0.083,0.2723097112860889,0.747,2.450787401574801,0.0221436862025709,22.14368620257092,0.7819968982290174,350.9845818544805,0.5054177957341804,1.9132144879021276,OK,ACTIVE,CALIBRATION,1,1,,0.010938526875225769,0.04722803113460541,0.8398261362075806,6.833333333333333,0.0095456642328255,0.010938526875225769
E04,2024-06-16 02:10:00,0.0,0.0,0.0,0.0,ORIGINAL_ISCO,0.08,0.2624671916010496,0.717,2.352362204724407,0.0201335553908166,20.133555390816667,0.7110097985453208,319.12335893151203,0.4595376349190296,1.7395391857665603,OK,ACTIVE,CALIBRATION,1,1,,0.00899494309524353,0.04299407354593277,0.7928290048599244,6.916666666666667,0.007535533421071199,0.00899494309524353
E04,2024-06-16 02:15:00,0.0,0.0,0.0,0.0,ORIGINAL_ISCO,0.079,0.2591863517060365,0.716,2.349081364829394,0.0197365459827642,19.73654598276421,0.6969895436146526,312.83063152366924,0.4504761074900367,1.7052375729108271,OK,ACTIVE,CALIBRATION,1,1,,0.007359810144645493,0.03913179112672806,0.7499737718582153,7.0,0.007138524013018802,0.007359810144645493
E04,2024-06-16 02:20:00,0.0,0.0,0.0,0.0,ORIGINAL_ISCO,0.078,0.2559055118110233,0.705,2.312992125984249,0.0190721454589166,19.07214545891668,0.6735264605453947,302.29966852531135,0.4353115208364982,1.6478333676504011,OK,ACTIVE,CALIBRATION,1,1,,0.006054109680888817,0.03576436858177185,0.7111094289779664,7.083333333333333,0.006474123489171202,0.006054109680888817
E04,2024-06-16 02:25:00,0.0,0.0,0.0,0.0,ORIGINAL_ISCO,0.077,0.2526246719160102,0.685,2.2473753280839874,0.0181821865986563,18.18218659865634,0.642097859999465,288.1935330075537,0.4149986857767844,1.570940922123908,OK,ACTIVE,CALIBRATION,1,1,,0.00506457631740461,0.03285617945194245,0.6740551500320435,7.166666666666667,0.005584164628910902,0.00506457631740461
E04,2024-06-16 02:30:00,0.0,0.0,0.0,0.0,ORIGINAL_ISCO,0.076,0.2493438320209971,0.698,2.2900262467191577,0.0181738135650702,18.173813565070294,0.641802169108926,288.06081771954035,0.4148075757628529,1.5702174920220735,OK,ACTIVE,CALIBRATION,1,1,,0.004244410606108887,0.030222283172607424,0.6390589576721192,7.25,0.0055757915953248,0.004244410606108887
E04,2024-06-16 02:35:00,0.0,0.0,0.0,0.0,ORIGINAL_ISCO,0.077,0.2526246719160102,0.708,2.322834645669289,0.0187926833749615,18.792683374961587,0.663657350189228,297.87010418882926,0.4289329482189245,1.6236878435966813,OK,ACTIVE,CALIBRATION,1,1,,0.003614151574822357,0.028016837757825853,0.608827990436554,7.333333333333333,0.006194661405216101,0.003614151574822357
E04,2024-06-16 02:40:00,0.0,0.0,0.0,0.0,ORIGINAL_ISCO,0.076,0.2493438320209971,0.69,2.2637795275590524,0.0179655177075909,17.96551770759098,0.6344462703225773,284.7592610694597,0.4100533342068317,1.5522207299358608,OK,ACTIVE,CALIBRATION,1,1,,0.0030980363467108954,0.026059866911172867,0.5813381349563599,7.416666666666667,0.0053674957378455,0.0030980363467108954
E04,2024-06-16 02:45:00,0.0,0.0,0.0,0.0,ORIGINAL_ISCO,0.075,0.2460629921259839,0.717,2.352362204724407,0.0183076246201436,18.307624620143617,0.6465276619224912,290.18176618235617,0.4178617415363984,1.5817787671804089,OK,ACTIVE,CALIBRATION,1,1,,0.0026876165608774225,0.02438459216952324,0.557190699005127,7.5,0.005709602650398202,0.0026876165608774225
E04,2024-06-16 02:50:00,0.0,0.0,0.0,0.0,ORIGINAL_ISCO,0.075,0.2460629921259839,0.696,2.283464566929131,0.0177714180413109,17.771418041310962,0.6275917052971464,281.68271863726625,0.4056231131231985,1.5354505187692673,OK,ACTIVE,CALIBRATION,1,1,,0.002357550088307968,0.02294124822020531,0.5360149566650391,7.583333333333333,0.0051733960715655,0.002357550088307968
E04,2024-06-16 02:55:00,0.0,0.0,0.0,0.0,ORIGINAL_ISCO,0.075,0.2460629921259839,0.707,2.319553805774276,0.0180522881540328,18.05228815403283,0.6375105397199461,286.1346006846943,0.4120338232443985,1.5597176965084367,OK,ACTIVE,CALIBRATION,1,1,,0.002079688384629135,0.021645147281885147,0.5167361915588379,7.666666666666667,0.005454266184287401,0.002079688384629135
E04,2024-06-16 03:00:00,0.0,0.25,0.0,0.25,ORIGINAL_ISCO,0.075,0.2460629921259839,0.729,2.3917322834645645,0.0186140283794765,18.61402837947657,0.6573482085655455,295.0383647795505,0.4248552434867985,1.6082520519867758,OK,ACTIVE,CALIBRATION,1,1,,0.0018342757794273378,0.0204272937476635,0.4983536653518677,7.75,0.006016006409731101,0.0018342757794273378
E04,2024-06-16 03:05:00,0.0,0.25,0.0,0.25,ORIGINAL_ISCO,0.075,0.2460629921259839,0.715,2.3458005249343805,0.0182565573269214,18.256557326921463,0.6447242374819822,289.3723330828238,0.4166961578779984,1.5773665530460144,OK,ACTIVE,CALIBRATION,1,1,,0.002670577007689613,0.024440718376636507,0.5517444108009338,7.833333333333333,0.005658535357176,0.002670577007689613
E04,2024-06-16 03:10:00,1.0,0.25,0.0393700787401574,0.25,ORIGINAL_ISCO,0.075,0.2460629921259839,0.705,2.312992125984249,0.0180012208608106,18.001220860810673,0.635707115279437,285.3251675851619,0.4108682395859985,1.555305482374042,OK,ACTIVE,CALIBRATION,1,1,,0.005256598674246185,0.03357898689508438,0.6775289205551148,7.916666666666667,0.005403198891065202,0.005256598674246185
E04,2024-06-16 03:15:00,1.0,0.25,0.0393700787401574,0.25,ORIGINAL_ISCO,0.076,0.2493438320209971,0.707,2.319553805774276,0.0184081464047345,18.408146404734524,0.6500775552435683,291.7750689508812,0.4201560975133768,1.590463849369063,OK,ACTIVE,CALIBRATION,1,1,,0.007473508153529892,0.03956506319046021,0.7484524984359742,8.0,0.0058101244349891,0.007473508153529892
E04,2024-06-16 03:20:00,0.0,0.0,0.0,0.0,ORIGINAL_ISCO,0.095,0.3116797900262464,0.732,2.401574803149604,0.026459489659025,26.459489659025078,0.9344080589291444,419.391461254434,0.6039237016537543,2.2860999065397665,OK,ACTIVE,CALIBRATION,1,1,,0.011040247300830551,0.0477164642572403,0.8352127550125122,8.083333333333334,0.013861467689279601,0.011040247300830551
E04,2024-06-16 03:25:00,0.0,0.0,0.0,0.0,ORIGINAL_ISCO,0.124,0.4068241469816269,0.948,3.1102362204724376,0.0505753124390855,50.57531243908559,1.7860503031214645,801.6350451412749,1.1543544601242754,4.369706994736996,OK,ACTIVE,CALIBRATION,1,1,,0.016801944197951845,0.05843503693342209,0.9484795331954956,8.166666666666666,0.037977290469340105,0.016801944197951845
E04,2024-06-16 03:30:00,0.0,0.0,0.0,0.0,ORIGINAL_ISCO,0.128,0.4199475065616793,0.982,3.221784776902884,0.0548652136614765,54.8652136614765,1.9375467350583055,869.6313657612394,1.2522691614031642,4.74035446035157,OK,ACTIVE,CALIBRATION,1,1,,0.020679595853663454,0.06448841471672058,1.0072678779602051,8.25,0.0422671916917311,0.020679595853663454
E04,2024-06-16 03:35:00,0.0,0.0,0.0,0.0,ORIGINAL_ISCO,0.125,0.41010498687664,0.956,3.1364829396325424,0.0516017036378108,51.601703637810886,1.8222969662303168,817.903677310651,1.177781290349158,4.4583871943068605,OK,ACTIVE,CALIBRATION,1,1,,0.02065549215933298,0.0642925100684166,1.0105795217514038,8.333333333333334,0.03900368166806541,0.02065549215933298
E04,2024-06-16 03:40:00,0.0,0.0,0.0,0.0,ORIGINAL_ISCO,0.121,0.3969816272965875,0.917,3.008530183727031,0.0472078360416103,47.20783604161037,1.6671289964521478,748.2594560699553,1.0774936121864465,4.078757033995136,OK,ACTIVE,CALIBRATION,1,1,,0.016792132925972078,0.058088546454906465,0.9566293991088868,8.416666666666666,0.034609814071864906,0.016792132925972078
E04,2024-06-16 03:45:00,0.0,0.0,0.0,0.0,ORIGINAL_ISCO,0.113,0.3707349081364826,0.789,2.5885826771653515,0.0367626285024733,36.76262850247332,1.2982599733707427,582.6995412947159,0.839087335917784,3.176291102613695,OK,ACTIVE,CALIBRATION,1,1,,0.012461556802664657,0.05027230843305588,0.8755860900878907,8.5,0.024164606532727898,0.012461556802664657
E04,2024-06-16 03:50:00,0.0,0.25,0.0,0.25,ORIGINAL_ISCO,0.107,0.3510498687664038,0.751,2.463910761154853,0.0323114327021376,32.31143270213765,1.141067477169799,512.1466494933569,0.7374911721532479,2.791707785464693,OK,ACTIVE,CALIBRATION,1,1,,0.009428838286056977,0.043955660927295685,0.8040429279327393,8.583333333333334,0.0197134107323922,0.009428838286056977
E04,2024-06-16 03:55:00,0.0,0.0,0.0,0.0,ORIGINAL_ISCO,0.101,0.3313648293963251,0.772,2.5328083989501287,0.0305256078346568,30.525607834656885,1.0780016671517691,483.8407482696799,0.6967306745634372,2.637412516914355,OK,ACTIVE,CALIBRATION,1,1,,0.009598273872822647,0.04451948461532593,0.8031743762969971,8.666666666666666,0.0179275858649114,0.009598273872822647
E04,2024-06-16 04:00:00,0.0,0.0,0.0,0.0,ORIGINAL_ISCO,0.096,0.3149606299212595,0.697,2.2867454068241444,0.0255841837334493,25.58418373344937,0.9034969218880944,405.517579486399,0.5839453119922274,2.210473474570026,OK,ACTIVE,CALIBRATION,1,1,,0.011065746818647568,0.04754627569913864,0.8414388284683227,8.75,0.012986161763703902,0.011065746818647568
E04,2024-06-16 04:05:00,0.0,0.0,0.0,0.0,ORIGINAL_ISCO,0.09,0.2952755905511808,0.725,2.378608923884512,0.0242075114352432,24.207511435243266,0.8548801984922401,383.69687869989593,0.552523502992475,2.0915289880050185,OK,ACTIVE,CALIBRATION,1,1,,0.010416377495430725,0.04620786720514298,0.8253793436050415,8.833333333333334,0.0116094894654978,0.010416377495430725
E04,2024-06-16 04:10:00,0.0,0.0,0.0,0.0,ORIGINAL_ISCO,0.088,0.2887139107611545,0.671,2.2014435695538035,0.0216770128473656,21.6770128473656,0.7655164842221428,343.58765837295334,0.4947662259658028,1.872893910012388,OK,ACTIVE,CALIBRATION,1,1,,0.011345254142519119,0.04820242205858231,0.845951271057129,8.916666666666666,0.0090789908776202,0.011345254142519119
E04,2024-06-16 04:15:00,0.0,0.0,0.0,0.0,ORIGINAL_ISCO,0.086,0.2821522309711283,0.721,2.365485564304459,0.0225185233734298,22.518523373429847,0.7952341479927263,356.9258721380361,0.5139732537063388,1.945600419464339,OK,ACTIVE,CALIBRATION,1,1,,0.012056769679383133,0.049596718311309816,0.8634009326934815,9.0,0.0099205014036844,0.012056769679383133
E04,2024-06-16 04:20:00,0.0,0.0,0.0,0.0,ORIGINAL_ISCO,0.084,0.2755905511811021,0.728,2.388451443569551,0.0219639712503642,21.96397125036429,0.7756503245869721,348.1360417886482,0.5013158980567196,1.8976871160314748,OK,ACTIVE,CALIBRATION,1,1,,0.010739760429271317,0.046805491518974306,0.8353139842987061,9.083333333333334,0.009365949280618801,0.010739760429271317
E04,2024-06-16 04:25:00,0.0,0.0,0.0,0.0,ORIGINAL_ISCO,0.083,0.2723097112860889,0.743,2.437664041994748,0.0220251122470015,22.025112247001594,0.7778094985062383,349.1051463425422,0.5027114086084286,1.902969698140938,OK,ACTIVE,CALIBRATION,1,1,,0.008423917951816956,0.04166077920198441,0.7788002099990845,9.166666666666666,0.009427090277256099,0.008423917951816956
E04,2024-06-16 04:30:00,0.0,0.0,0.0,0.0,ORIGINAL_ISCO,0.081,0.2657480314960627,0.712,2.335958005249341,0.0203621011078294,20.362101107829496,0.7190808143722525,322.74588239876863,0.4647540686898306,1.7592855357164685,OK,ACTIVE,CALIBRATION,1,1,,0.0065163276830345306,0.03699449880123139,0.7268080347061158,9.25,0.007764079138083999,0.0065163276830345306
E04,2024-06-16 04:35:00,0.0,0.0,0.0,0.0,ORIGINAL_ISCO,0.081,0.2657480314960627,0.725,2.378608923884512,0.020733881043787,20.73388104378706,0.7322100989043302,328.6387145212181,0.4732397469102911,1.791407322183202,OK,ACTIVE,CALIBRATION,1,1,,0.005395115589314049,0.03385993813276291,0.6868972440719605,9.333333333333334,0.008135859074041601,0.005395115589314049
E04,2024-06-16 04:40:00,0.0,0.0,0.0,0.0,ORIGINAL_ISCO,0.079,0.2591863517060365,0.731,2.3982939632545905,0.0201500211081014,20.150021108101445,0.711591279863563,319.38434587123214,0.459913456110638,1.7409618237399649,OK,ACTIVE,CALIBRATION,1,1,,0.004648781260895485,0.03155949261188507,0.6565776557922364,9.416666666666666,0.0075519991383560005,0.004648781260895485
E04,2024-06-16 04:45:00,0.0,0.0,0.0,0.0,ORIGINAL_ISCO,0.079,0.2591863517060365,0.7,2.296587926509184,0.0192955058490711,19.29550584907115,0.6814143582824816,305.8400028862688,0.4404096022947286,1.6671317053597476,OK,ACTIVE,CALIBRATION,1,1,,0.004135800939251152,0.029865596187114717,0.6337376255035401,9.5,0.0066974838793257,0.004135800939251152
E04,2024-06-16 04:50:00,0.0,0.0,0.0,0.0,ORIGINAL_ISCO,0.078,0.2559055118110233,0.687,2.253937007874013,0.0185851970642209,18.58519706422093,0.6563300402761507,294.5813791161545,0.4241971841342898,1.605761026348689,OK,ACTIVE,CALIBRATION,1,1,,0.003725390858357277,0.02842918540835381,0.6141000160217286,9.583333333333334,0.005987175094475501,0.003725390858357277
E04,2024-06-16 04:55:00,0.0,0.0,0.0,0.0,ORIGINAL_ISCO,0.078,0.2559055118110233,0.732,2.401574803149604,0.0198025680509602,19.802568050960296,0.699321090949261,313.8771026390467,0.4519830258898109,1.7109418796029698,OK,ACTIVE,CALIBRATION,1,1,,0.003358106364383068,0.027072048497200015,0.5953100292205811,9.666666666666666,0.007204546081214801,0.003358106364383068
E04,2024-06-16 05:00:00,0.0,0.0,0.0,0.0,ORIGINAL_ISCO,0.077,0.2526246719160102,0.71,2.329396325459315,0.018845770051162,18.845770051162045,0.6655320884665987,298.7115451611141,0.4301446232138933,1.6282745324204009,OK,ACTIVE,CALIBRATION,1,1,,0.003005994699562672,0.025699451047182083,0.5759416620254517,9.75,0.0062477480814166,0.003005994699562672
E04,2024-06-16 05:05:00,0.0,0.0,0.0,0.0,ORIGINAL_ISCO,0.077,0.2526246719160102,0.699,2.2933070866141705,0.0185537933320595,18.55379333205953,0.6552210279410599,294.0836198135475,0.4234804107415653,1.6030477438899435,OK,ACTIVE,CALIBRATION,1,1,,0.00269534232572834,0.024420881742239,0.5575422763824464,9.833333333333334,0.005955771362314101,0.00269534232572834
E04,2024-06-16 05:10:00,0.0,0.0,0.0,0.0,ORIGINAL_ISCO,0.078,0.2559055118110233,0.717,2.352362204724407,0.0193967777220471,19.396777722047176,0.6849907407248909,307.44519479808264,0.4427210786379705,1.675881595184876,OK,ACTIVE,CALIBRATION,1,1,,0.002418439723254135,0.023217101204395296,0.5399730726242066,9.916666666666666,0.0067987557523017,0.002418439723254135
E04,2024-06-16 05:15:00,0.0,0.0,0.0,0.0,ORIGINAL_ISCO,0.077,0.2526246719160102,0.72,2.3622047244094464,0.0191112034321643,19.111203432164324,0.6749057798534522,302.9187500225382,0.4362029981887368,1.6512079765389978,OK,ACTIVE,CALIBRATION,1,1,,0.0021699719608714715,0.022076825147867202,0.5231067692756654,10.0,0.006513181462418902,0.0021699719608714715
E04,2024-06-16 05:20:00,0.0,0.0,0.0,0.0,ORIGINAL_ISCO,0.077,0.2526246719160102,0.711,2.3326771653543283,0.0188723133892622,18.872313389262278,0.6664694576052841,299.13226564725653,0.4307504607113776,1.6305678768322605,OK,ACTIVE,CALIBRATION,1,1,,0.001936378706238453,0.02094396597146988,0.5061408717155457,10.083333333333334,0.006274291419516801,0.001936378706238453
E04,2024-06-16 05:25:00,0.0,0.0,0.0,0.0,ORIGINAL_ISCO,0.077,0.2526246719160102,0.704,2.3097112860892364,0.0186865100225606,18.686510022560675,0.6599078736344867,296.1872222442596,0.4265095982289871,1.6145144659492423,OK,ACTIVE,CALIBRATION,1,1,,0.001725426337268446,0.01986220287680626,0.48970670042037967,10.166666666666666,0.0060884880528152,0.001725426337268446
E04,2024-06-16 05:30:00,0.0,0.0,0.0,0.0,ORIGINAL_ISCO,0.076,0.2493438320209971,0.708,2.322834645669289,0.0184341833869194,18.43418338691944,0.6509970425918619,292.1877635321412,0.4207503777078794,1.5927134446298394,OK,ACTIVE,CALIBRATION,1,1,,0.0015413512710729619,0.018863859245181084,0.47438964843750003,10.25,0.005836161417174,0.0015413512710729619
E04,2024-06-16 05:35:00,0.0,0.0,0.0,0.0,ORIGINAL_ISCO,0.076,0.2493438320209971,0.7,2.296587926509184,0.0182258875294401,18.22588752944012,0.6436411438055132,288.8862068820605,0.4159961361518582,1.5747166825436267,OK,ACTIVE,CALIBRATION,1,1,,0.0013842401136890659,0.017948896470665932,0.45959200515747073,10.333333333333334,0.0056278655596946996,0.0013842401136890659
E04,2024-06-16 05:40:00,0.0,0.0,0.0,0.0,ORIGINAL_ISCO,0.076,0.2493438320209971,0.708,2.322834645669289,0.0184341833869194,18.43418338691944,0.6509970425918619,292.1877635321412,0.4207503777078794,1.5927134446298394,OK,ACTIVE,CALIBRATION,1,1,,0.0012497560229781017,0.017075784793496133,0.44520887145996096,10.416666666666666,0.005836161417174,0.0012497560229781017
E04,2024-06-16 05:45:00,0.0,0.0,0.0,0.0,ORIGINAL_ISCO,0.076,0.2493438320209971,0.722,2.3687664041994725,0.0187987011375082,18.79870113750824,0.6638698654679722,297.9654876697825,0.4290703004309166,1.6242077782807125,OK,ACTIVE,CALIBRATION,1,1,,0.0011279332918345242,0.016237461599707605,0.4311471570968628,10.5,0.006200679167762801,0.0011279332918345242
E04,2024-06-16 05:50:00,0.0,0.0,0.0,0.0,ORIGINAL_ISCO,0.076,0.2493438320209971,0.708,2.322834645669289,0.0184341833869194,18.43418338691944,0.6509970425918619,292.1877635321412,0.4207503777078794,1.5927134446298394,OK,ACTIVE,CALIBRATION,1,1,,0.0010193120212446613,0.015445358785986902,0.4176315576553345,10.583333333333334,0.005836161417174,0.0010193120212446613
E04,2024-06-16 05:55:00,0.0,0.0,0.0,0.0,ORIGINAL_ISCO,0.077,0.2526246719160102,0.703,2.306430446194223,0.0186599666844604,18.659966684460446,0.6589705044958013,295.7665017581172,0.4259037607315027,1.6122211215373827,OK,ACTIVE,CALIBRATION,1,1,,0.000923690833711853,0.01470730540752411,0.4048336469650269,10.666666666666666,0.006061944714715002,0.000923690833711853
E04,2024-06-16 06:00:00,0.0,0.25,0.0,0.25,ORIGINAL_ISCO,0.077,0.2526246719160102,0.733,2.4048556430446166,0.0194562668274672,19.45626682746729,0.6870915786563617,308.3881163423896,0.4440788856560334,1.6810214538931745,OK,ACTIVE,CALIBRATION,1,1,,0.0008393033247407742,0.014018932181596756,0.392719815158844,10.75,0.006858244857721799,0.0008393033247407742
E04,2024-06-16 06:05:00,0.0,0.0,0.0,0.0,ORIGINAL_ISCO,0.077,0.2526246719160102,0.716,2.349081364829394,0.0190050300797634,19.00503007976341,0.6711563032987109,301.2358680779686,0.4337796481987994,1.642034598891559,OK,ACTIVE,CALIBRATION,1,1,,0.001643863282185831,0.019549719679355624,0.4782778195381165,10.833333333333334,0.006407008110018,0.001643863282185831
E04,2024-06-16 06:10:00,0.0,0.0,0.0,0.0,ORIGINAL_ISCO,0.078,0.2559055118110233,0.696,2.283464566929131,0.0188286712615688,18.828671261568807,0.6649282504107727,298.4405238207329,0.429754352485394,1.626797196999545,OK,ACTIVE,CALIBRATION,1,1,,0.0031880256101110725,0.026423130530118945,0.5859801844596864,10.916666666666666,0.0062306492918234,0.0031880256101110725
E04,2024-06-16 06:15:00,0.0,0.0,0.0,0.0,ORIGINAL_ISCO,0.079,0.2591863517060365,0.714,2.342519685039368,0.0196814159660525,19.68141596605257,0.6950426454481312,311.95680294399415,0.4492177943406232,1.7004743394669424,OK,ACTIVE,CALIBRATION,1,1,,0.0025053527317786674,0.023595159977674484,0.5458587598800659,11.0,0.0070833939963071,0.0025053527317786674
E04,2024-06-16 06:20:00,0.0,0.0,0.0,0.0,ORIGINAL_ISCO,0.079,0.2591863517060365,0.716,2.349081364829394,0.0197365459827642,19.73654598276421,0.6969895436146526,312.83063152366924,0.4504761074900367,1.7052375729108271,OK,ACTIVE,CALIBRATION,1,1,,0.0026104036394811745,0.024103970217704773,0.5507082458496094,11.083333333333334,0.007138524013018802,0.0026104036394811745
E04,2024-06-16 06:25:00,0.0,0.0,0.0,0.0,ORIGINAL_ISCO,0.079,0.2591863517060365,0.701,2.299868766404197,0.0193230708574269,19.323070857426966,0.6823878073657423,306.27691717610634,0.4410387588694354,1.66951332208169,OK,ACTIVE,CALIBRATION,1,1,,0.003957098401030998,0.029348333519697192,0.6222407981872559,11.166666666666666,0.006725048887681502,0.003957098401030998
E04,2024-06-16 06:30:00,0.0,0.0,0.0,0.0,ORIGINAL_ISCO,0.079,0.2591863517060365,0.711,2.3326771653543283,0.0195987209409851,19.598720940985128,0.6921222981983491,310.6460600744816,0.4473303246165029,1.693329489301115,OK,ACTIVE,CALIBRATION,1,1,,0.005216466639238632,0.03338175829052925,0.6782185586929321,11.25,0.007000698971239699,0.005216466639238632
E04,2024-06-16 06:35:00,0.0,0.0,0.0,0.0,ORIGINAL_ISCO,0.078,0.2559055118110233,0.705,2.312992125984249,0.0190721454589166,19.07214545891668,0.6735264605453947,302.29966852531135,0.4353115208364982,1.6478333676504011,OK,ACTIVE,CALIBRATION,1,1,,0.004884484285006348,0.03229757437705994,0.6667337945938111,11.333333333333334,0.006474123489171202,0.004884484285006348
E04,2024-06-16 06:40:00,0.0,0.0,0.0,0.0,ORIGINAL_ISCO,0.077,0.2526246719160102,0.696,2.283464566929131,0.0184741633177588,18.474163317758848,0.6524089205250039,292.8214583551203,0.4216628982491122,1.5961677106543646,OK,ACTIVE,CALIBRATION,1,1,,0.0038858384051934356,0.028973061186075212,0.6227973775863648,11.416666666666666,0.005876141348013401,0.0038858384051934356
E04,2024-06-16 06:45:00,0.0,0.0,0.0,0.0,ORIGINAL_ISCO,0.077,0.2526246719160102,0.702,2.30314960629921,0.0186334233463602,18.633423346360217,0.6580331353571159,295.3457812719748,0.4252979232340184,1.609927777125523,OK,ACTIVE,CALIBRATION,1,1,,0.0029740451944979896,0.025549292153120042,0.5748426012039185,11.5,0.006035401376614801,0.0029740451944979896
E04,2024-06-16 06:50:00,0.0,0.0,0.0,0.0,ORIGINAL_ISCO,0.077,0.2526246719160102,0.713,2.3392388451443544,0.0189254000654627,18.92540006546273,0.6683441958826547,299.9737066195413,0.4319621357063463,1.6351545656559798,OK,ACTIVE,CALIBRATION,1,1,,0.0023035606654160387,0.022682418179512026,0.5328545754432679,11.583333333333334,0.0063273780957173,0.0023035606654160387
E04,2024-06-16 06:55:00,0.0,0.0,0.0,0.0,ORIGINAL_ISCO,0.077,0.2526246719160102,0.7,2.296587926509184,0.0185803366701597,18.58033667015976,0.6561583970797452,294.5043402996899,0.4240862482390496,1.605341088301803,OK,ACTIVE,CALIBRATION,1,1,,0.0018236729219394837,0.020364579552412033,0.49784388542175295,11.666666666666666,0.005982314700414302,0.0018236729219394837
E04,2024-06-16 07:00:00,0.0,0.0,0.0,0.0,ORIGINAL_ISCO,0.077,0.2526246719160102,0.699,2.2933070866141705,0.0185537933320595,18.55379333205953,0.6552210279410599,294.0836198135475,0.4234804107415653,1.6030477438899435,OK,ACTIVE,CALIBRATION,1,1,,0.0014980880216948662,0.0186162249237299,0.4708289646148682,11.75,0.005955771362314101,0.0014980880216948662
E04,2024-06-16 07:05:00,0.0,0.0,0.0,0.0,ORIGINAL_ISCO,0.076,0.2493438320209971,0.697,2.2867454068241444,0.0181477765828853,18.14777658288538,0.6408826817606325,287.6481231382803,0.4142132955683502,1.5679678967612969,OK,ACTIVE,CALIBRATION,1,1,,0.001299969063993164,0.017406420725584033,0.4507576970100403,11.833333333333334,0.0055497546131399005,0.001299969063993164
E04,2024-06-16 07:10:00,0.0,0.0,0.0,0.0,ORIGINAL_ISCO,0.076,0.2493438320209971,0.703,2.306430446194223,0.0183039984759948,18.303998475994867,0.646399605850394,290.12429062584084,0.4177789767353662,1.5814654683259566,OK,ACTIVE,CALIBRATION,1,1,,0.0011795995420659257,0.01660091257095337,0.4371713170051575,11.916666666666666,0.0057059765062494015,0.0011795995420659257
E04,2024-06-16 07:15:00,0.0,0.0,0.0,0.0,ORIGINAL_ISCO,0.076,0.2493438320209971,0.686,2.2506561679790003,0.0178613697788513,17.861369778851323,0.6307683209294029,283.10848274441935,0.4076762134288211,1.5432223488927543,OK,ACTIVE,CALIBRATION,1,1,,0.0011179127307225551,0.01617076077461243,0.4297746391296387,12.0,0.005263347809105902,0.0011179127307225551
E04,2024-06-16 07:20:00,0.0,0.0,0.0,0.0,ORIGINAL_ISCO,0.076,0.2493438320209971,0.69,2.2637795275590524,0.0179655177075909,17.96551770759098,0.6344462703225773,284.7592610694597,0.4100533342068317,1.5522207299358608,OK,ACTIVE,CALIBRATION,1,1,,0.0010956193240925446,0.016012626349925996,0.42700395069122316,12.083333333333334,0.0053674957378455,0.0010956193240925446
E04,2024-06-16 07:25:00,0.0,0.0,0.0,0.0,ORIGINAL_ISCO,0.075,0.2460629921259839,0.696,2.283464566929131,0.0177714180413109,17.771418041310962,0.6275917052971464,281.68271863726625,0.4056231131231985,1.5354505187692673,OK,ACTIVE,CALIBRATION,1,1,,0.0010901310752613545,0.01597333459854126,0.42631852741241455,12.166666666666666,0.0051733960715655,0.0010901310752613545
E04,2024-06-16 07:30:00,0.0,0.0,0.0,0.0,ORIGINAL_ISCO,0.076,0.2493438320209971,0.696,2.283464566929131,0.0181217396007004,18.12173960070046,0.6399631944123387,287.23542855702016,0.4136190153738475,1.56571830150052,OK,ACTIVE,CALIBRATION,1,1,,0.001080259780339943,0.01590100979804993,0.42513019151687625,12.25,0.005523717630955001,0.001080259780339943
E04,2024-06-16 07:35:00,0.0,0.0,0.0,0.0,ORIGINAL_ISCO,0.076,0.2493438320209971,0.693,2.273622047244092,0.0180436286541457,18.043628654145724,0.6372047323674581,285.99734481324,0.4118361747903397,1.5589695157181906,OK,ACTIVE,CALIBRATION,1,1,,0.0010529947019353924,0.015700115901231767,0.421774509716034,12.333333333333334,0.005445606684400299,0.0010529947019353924
E04,2024-06-16 07:40:00,0.0,0.0,0.0,0.0,ORIGINAL_ISCO,0.076,0.2493438320209971,0.693,2.273622047244092,0.0180436286541457,18.043628654145724,0.6372047323674581,285.99734481324,0.4118361747903397,1.5589695157181906,OK,ACTIVE,CALIBRATION,1,1,,0.001006676611841852,0.01535297139286995,0.4158866060256958,12.416666666666666,0.005445606684400299,0.001006676611841852
E04,2024-06-16 07:45:00,0.0,0.0,0.0,0.0,ORIGINAL_ISCO,0.075,0.2460629921259839,0.696,2.283464566929131,0.0177714180413109,17.771418041310962,0.6275917052971464,281.68271863726625,0.4056231131231985,1.5354505187692673,OK,ACTIVE,CALIBRATION,1,1,,0.0009456925647115516,0.014882504788041116,0.4077978192329407,12.5,0.0051733960715655,0.0009456925647115516
E04,2024-06-16 07:50:00,0.0,0.0,0.0,0.0,ORIGINAL_ISCO,0.075,0.2460629921259839,0.709,2.326115485564302,0.0181033554472549,18.103355447254987,0.639313964160455,286.9440337842267,0.4131994069027985,1.564129910642831,OK,ACTIVE,CALIBRATION,1,1,,0.0008783073714969978,0.014342735999822618,0.39838578472137454,12.583333333333334,0.005505333477509502,0.0008783073714969978
E04,2024-06-16 07:55:00,0.0,0.0,0.0,0.0,ORIGINAL_ISCO,0.075,0.2460629921259839,0.7,2.296587926509184,0.0178735526277552,17.873552627755277,0.6311985541781644,283.30158483633096,0.4079542804399985,1.544274947038056,OK,ACTIVE,CALIBRATION,1,1,,0.0008083193556776276,0.013756807011365892,0.3880357624053955,12.666666666666666,0.0052755306580098,0.0008083193556776276
E04,2024-06-16 08:00:00,0.0,0.0,0.0,0.0,ORIGINAL_ISCO,0.075,0.2460629921259839,0.7,2.296587926509184,0.0178735526277552,17.873552627755277,0.6311985541781644,283.30158483633096,0.4079542804399985,1.544274947038056,OK,ACTIVE,CALIBRATION,1,1,,0.0007385412619213028,0.013143669927120209,0.3770427924156189,12.75,0.0052755306580098,0.0007385412619213028
E04,2024-06-16 08:05:00,0.0,0.0,0.0,0.0,ORIGINAL_ISCO,0.075,0.2460629921259839,0.693,2.273622047244092,0.0176948171014777,17.694817101477724,0.6248865686363827,280.46856898796767,0.4038747376355985,1.5288321975676755,OK,ACTIVE,CALIBRATION,1,1,,0.0006719508716132898,0.012527444368600846,0.3658320304870606,12.833333333333334,0.0050967951317323,0.0006719508716132898
E04,2024-06-16 08:10:00,0.0,0.0,0.0,0.0,ORIGINAL_ISCO,0.075,0.2460629921259839,0.713,2.3392388451443544,0.0182054900336993,18.205490033699306,0.6429208130414732,288.56289998329146,0.4155305742195985,1.57295433891162,OK,ACTIVE,CALIBRATION,1,1,,0.0006085888505602741,0.011919666695594789,0.35396342353820803,12.916666666666666,0.005607468063953902,0.0006085888505602741
E04,2024-06-16 08:15:00,0.0,0.0,0.0,0.0,ORIGINAL_ISCO,0.076,0.2493438320209971,0.702,2.30314960629921,0.0182779614938099,18.27796149380995,0.6454801185021003,289.7115960445807,0.4171846965408635,1.5792158730651795,OK,ACTIVE,CALIBRATION,1,1,,0.0005523545801996813,0.01135051766037941,0.3426483075141907,13.0,0.005679939524064502,0.0005523545801996813
E04,2024-06-16 08:20:00,0.0,0.0,0.0,0.0,ORIGINAL_ISCO,0.076,0.2493438320209971,0.705,2.312992125984249,0.0183560724403646,18.35607244036469,0.648238580546981,290.949679788361,0.4189675371243714,1.5859646588475096,OK,ACTIVE,CALIBRATION,1,1,,0.00050292442189361,0.010823105040192604,0.33200535249710084,13.083333333333334,0.0057580504706192005,0.00050292442189361
E04,2024-06-16 08:25:00,0.0,0.0,0.0,0.0,ORIGINAL_ISCO,0.076,0.2493438320209971,0.688,2.2572178477690263,0.0179134437432211,17.913443743221148,0.63260729562599,283.9338719069395,0.4088647738178263,1.5477215394143071,OK,ACTIVE,CALIBRATION,1,1,,0.00045906442421870614,0.010330631920695305,0.32192402744293214,13.166666666666666,0.005315421773475701,0.00045906442421870614
E04,2024-06-16 08:30:00,0.0,0.0,0.0,0.0,ORIGINAL_ISCO,0.076,0.2493438320209971,0.688,2.2572178477690263,0.0179134437432211,17.913443743221148,0.63260729562599,283.9338719069395,0.4088647738178263,1.5477215394143071,OK,ACTIVE,CALIBRATION,1,1,,0.00041925932436386347,0.009860804584622384,0.3121702986717224,13.25,0.005315421773475701,0.00041925932436386347
E04,2024-06-16 08:35:00,0.0,0.0,0.0,0.0,ORIGINAL_ISCO,0.076,0.2493438320209971,0.688,2.2572178477690263,0.0179134437432211,17.913443743221148,0.63260729562599,283.9338719069395,0.4088647738178263,1.5477215394143071,OK,ACTIVE,CALIBRATION,1,1,,0.00038343963179690555,0.009416708667576313,0.30282215924263,13.333333333333334,0.005315421773475701,0.00038343963179690555
E04,2024-06-16 08:40:00,0.0,0.0,0.0,0.0,ORIGINAL_ISCO,0.076,0.2493438320209971,0.695,2.2801837270341183,0.0180957026185155,18.09570261851555,0.6390437070640452,286.8227339757601,0.4130247351793449,1.5634687062397437,OK,ACTIVE,CALIBRATION,1,1,,0.00035097655609707927,0.008994296792149544,0.29380859241485596,13.416666666666666,0.0054976806487701015,0.00035097655609707927
E04,2024-06-16 08:45:00,0.0,0.0,0.0,0.0,ORIGINAL_ISCO,0.075,0.2460629921259839,0.698,2.2900262467191577,0.0178224853345331,17.82248533453312,0.6293951297376553,282.49215173679863,0.4067886967815985,1.5398627329036616,OK,ACTIVE,CALIBRATION,1,1,,0.00032191274097995566,0.008597800849378109,0.2852332255840302,13.5,0.005224463364787702,0.00032191274097995566
E04,2024-06-16 08:50:00,0.0,0.0,0.0,0.0,ORIGINAL_ISCO,0.075,0.2460629921259839,0.689,2.26049868766404,0.0175926825150334,17.592682515033406,0.6212797197553646,278.8497027889029,0.4015435703187985,1.5200077692988865,OK,ACTIVE,CALIBRATION,1,1,,0.0002965114856763697,0.008235170254111291,0.2772883798599243,13.583333333333334,0.004994660545288,0.0002965114856763697
E04,2024-06-16 08:55:00,0.0,0.0,0.0,0.0,ORIGINAL_ISCO,0.075,0.2460629921259839,0.697,2.2867454068241444,0.017796951687922,17.79695168792204,0.6284934175174008,282.08743518703244,0.4062059049523985,1.5376566258364643,OK,ACTIVE,CALIBRATION,1,1,,0.0002739871911491275,0.007899409952759744,0.269841396188736,13.666666666666666,0.0051989297181765995,0.0002739871911491275
E04,2024-06-16 09:00:00,0.0,0.0,0.0,0.0,ORIGINAL_ISCO,0.076,0.2493438320209971,0.707,2.319553805774276,0.0184081464047345,18.408146404734524,0.6500775552435683,291.7750689508812,0.4201560975133768,1.590463849369063,OK,ACTIVE,CALIBRATION,1,1,,0.00025371046041875123,0.007584321990609169,0.2627692079544067,13.75,0.0058101244349891,0.00025371046041875123
E04,2024-06-16 09:05:00,0.0,0.0,0.0,0.0,ORIGINAL_ISCO,0.075,0.2460629921259839,0.687,2.253937007874013,0.0175416152218112,17.541615221811252,0.6194762953148557,278.0402696893706,0.4003779866603986,1.5155955551644924,OK,ACTIVE,CALIBRATION,1,1,,0.0002352349453800845,0.007285369035601616,0.2559802509784699,13.833333333333334,0.004943593252065802,0.0002352349453800845
E04,2024-06-16 09:10:00,0.0,0.0,0.0,0.0,ORIGINAL_ISCO,0.076,0.2493438320209971,0.687,2.253937007874013,0.0178874067610362,17.887406761036235,0.6316878082776965,283.52117732567945,0.4082704936233237,1.545471944153531,OK,ACTIVE,CALIBRATION,1,1,,0.00021829460410197115,0.0070001626297831535,0.24942788929939272,13.916666666666666,0.005289384791290801,0.00021829460410197115
E04,2024-06-16 09:15:00,0.0,0.0,0.0,0.0,ORIGINAL_ISCO,0.075,0.2460629921259839,0.696,2.283464566929131,0.0177714180413109,17.771418041310962,0.6275917052971464,281.68271863726625,0.4056231131231985,1.5354505187692673,OK,ACTIVE,CALIBRATION,1,1,,0.00020276311413692524,0.006728276404738427,0.24310916161537172,14.0,0.0051733960715655,0.00020276311413692524
E04,2024-06-16 09:20:00,0.0,0.0,0.0,0.0,ORIGINAL_ISCO,0.076,0.2493438320209971,0.713,2.3392388451443544,0.018564368297844,18.564368297844013,0.6555944793333298,294.25123643844165,0.4237217786803927,1.6039614209337227,OK,ACTIVE,CALIBRATION,1,1,,0.00018856820269427132,0.006470108342170716,0.23704007349014283,14.083333333333334,0.005966346328098601,0.00018856820269427132
E04,2024-06-16 09:25:00,0.0,0.0,0.0,0.0,ORIGINAL_ISCO,0.075,0.2460629921259839,0.71,2.329396325459315,0.018128889093866,18.128889093866068,0.6402156763807095,287.3487503339929,0.4137821987319984,1.5663360177100285,OK,ACTIVE,CALIBRATION,1,1,,0.00017563553995809318,0.006225958205759526,0.2312351589202881,14.166666666666666,0.005530867124120601,0.00017563553995809318
E04,2024-06-16 09:30:00,0.0,0.0,0.0,0.0,ORIGINAL_ISCO,0.076,0.2493438320209971,0.687,2.253937007874013,0.0178874067610362,17.887406761036235,0.6316878082776965,283.52117732567945,0.4082704936233237,1.545471944153531,OK,ACTIVE,CALIBRATION,1,1,,0.0001638837020126052,0.0059959139943122864,0.2257042465209961,14.25,0.005289384791290801,0.0001638837020126052
E04,2024-06-16 09:35:00,0.0,0.0,0.0,0.0,ORIGINAL_ISCO,0.075,0.2460629921259839,0.689,2.26049868766404,0.0175926825150334,17.592682515033406,0.6212797197553646,278.8497027889029,0.4015435703187985,1.5200077692988865,OK,ACTIVE,CALIBRATION,1,1,,0.00015327393502971126,0.005780833554267883,0.220476131772995,14.333333333333334,0.004994660545288,0.00015327393502971126
E04,2024-06-16 09:40:00,0.0,0.0,0.0,0.0,ORIGINAL_ISCO,0.075,0.2460629921259839,0.694,2.276902887139105,0.0177203507480888,17.7203507480888,0.6257882808566372,280.87328553773386,0.4044575294647984,1.5310383046348726,OK,ACTIVE,CALIBRATION,1,1,,0.00014376923892719365,0.005581600847840309,0.21558148140907288,14.416666666666666,0.005122328778343399,0.00014376923892719365
E04,2024-06-16 09:45:00,0.0,0.0,0.0,0.0,ORIGINAL_ISCO,0.075,0.2460629921259839,0.681,2.234251968503935,0.0173884133421447,17.38841334214478,0.6140660219933286,275.6119703907735,0.3968812356851986,1.502358912761309,OK,ACTIVE,CALIBRATION,1,1,,0.00013523387641127158,0.005396900434792042,0.2109971137046814,14.5,0.0047903913723993,0.00013523387641127158
E04,2024-06-16 09:50:00,0.0,0.0,0.0,0.0,ORIGINAL_ISCO,0.075,0.2460629921259839,0.688,2.2572178477690263,0.0175671488684223,17.56714886842233,0.6203780075351101,278.4449862391367,0.4009607784895985,1.5178016622316892,OK,ACTIVE,CALIBRATION,1,1,,0.000127472891596133,0.005223770445585251,0.20665697164535524,14.583333333333334,0.004969126898676901,0.000127472891596133
E04,2024-06-16 09:55:00,0.0,0.0,0.0,0.0,ORIGINAL_ISCO,0.075,0.2460629921259839,0.673,2.20800524934383,0.0171841441692561,17.184144169256147,0.6068523242312923,272.37423799264394,0.3922189010515985,1.484710056223731,OK,ACTIVE,CALIBRATION,1,1,,0.00012031900613430334,0.005059425008296967,0.2024965424537659,14.666666666666666,0.004586122199510701,0.00012031900613430334
E04,2024-06-16 10:00:00,0.0,0.0,0.0,0.0,ORIGINAL_ISCO,0.075,0.2460629921259839,0.687,2.253937007874013,0.0175416152218112,17.541615221811252,0.6194762953148557,278.0402696893706,0.4003779866603986,1.5155955551644924,OK,ACTIVE,CALIBRATION,1,1,,0.00011367255979007292,0.004902298879623413,0.19847999982833864,14.75,0.004943593252065802,0.00011367255979007292
E04,2024-06-16 10:05:00,0.0,0.0,0.0,0.0,ORIGINAL_ISCO,0.075,0.2460629921259839,0.68,2.230971128608921,0.0173628796955337,17.362879695533703,0.6131643097730741,275.2072538410073,0.3962984438559986,1.5001528056941118,OK,ACTIVE,CALIBRATION,1,1,,0.00010747724149747217,0.004751669333875179,0.19459186506271364,14.833333333333334,0.004764857725788302,0.00010747724149747217
E04,2024-06-16 10:10:00,0.0,0.0,0.0,0.0,ORIGINAL_ISCO,0.075,0.2460629921259839,0.681,2.234251968503935,0.0173884133421447,17.38841334214478,0.6140660219933286,275.6119703907735,0.3968812356851986,1.502358912761309,OK,ACTIVE,CALIBRATION,1,1,,0.00010170189259852517,0.0046073325544595724,0.19082979454994203,14.916666666666666,0.0047903913723993,0.00010170189259852517
E04,2024-06-16 10:15:00,0.0,0.0,0.0,0.0,ORIGINAL_ISCO,0.075,0.2460629921259839,0.687,2.253937007874013,0.0175416152218112,17.541615221811252,0.6194762953148557,278.0402696893706,0.4003779866603986,1.5155955551644924,OK,ACTIVE,CALIBRATION,1,1,,9.632223755817748e-05,0.00446921161338687,0.18719460582733155,15.0,0.004943593252065802,9.632223755817748e-05
E04,2024-06-16 10:20:00,0.0,0.0,0.0,0.0,ORIGINAL_ISCO,0.075,0.2460629921259839,0.686,2.2506561679790003,0.0175160815752001,17.516081575200175,0.6185745830946012,277.63555313960444,0.3997951948311986,1.5133894480972951,OK,ACTIVE,CALIBRATION,1,1,,9.130973515121162e-05,0.004337078281491995,0.18368317408561707,15.083333333333334,0.004918059605454699,9.130973515121162e-05
E04,2024-06-16 10:25:00,0.0,0.0,0.0,0.0,ORIGINAL_ISCO,0.075,0.2460629921259839,0.693,2.273622047244092,0.0176948171014777,17.694817101477724,0.6248865686363827,280.46856898796767,0.4038747376355985,1.5288321975676755,OK,ACTIVE,CALIBRATION,1,1,,8.665198388891566e-05,0.004211095214635134,0.18030271182060242,15.166666666666666,0.0050967951317323,8.665198388891566e-05
E04,2024-06-16 10:30:00,0.0,0.0,0.0,0.0,ORIGINAL_ISCO,0.075,0.2460629921259839,0.69,2.2637795275590524,0.0176182161616444,17.61821616164449,0.6221814319756193,279.25441933866915,0.4021263621479986,1.522213876366084,OK,ACTIVE,CALIBRATION,1,1,,8.233143971947539e-05,0.0040912689417600635,0.17705648918151856,15.25,0.005020194191898999,8.233143971947539e-05
E04,2024-06-16 10:35:00,0.0,0.0,0.0,0.0,ORIGINAL_ISCO,0.075,0.2460629921259839,0.688,2.2572178477690263,0.0175671488684223,17.56714886842233,0.6203780075351101,278.4449862391367,0.4009607784895985,1.5178016622316892,OK,ACTIVE,CALIBRATION,1,1,,7.832202061772096e-05,0.003977333195507526,0.17394043664932252,15.333333333333334,0.004969126898676901,7.832202061772096e-05
E04,2024-06-16 10:40:00,0.0,0.0,0.0,0.0,ORIGINAL_ISCO,0.075,0.2460629921259839,0.685,2.2473753280839874,0.017490547928589,17.4905479285891,0.6176728708743467,277.23083658983825,0.3992124030019986,1.511183341030098,OK,ACTIVE,CALIBRATION,1,1,,7.460195639985287e-05,0.0038690952301025394,0.1709522651195526,15.416666666666666,0.0048925259588436,7.460195639985287e-05
E04,2024-06-16 10:45:00,0.0,0.0,0.0,0.0,ORIGINAL_ISCO,0.075,0.2460629921259839,0.676,2.2178477690288694,0.0172607451090893,17.260745109089385,0.609557460892056,273.5883876419425,0.3939672765391986,1.491328377425323,OK,ACTIVE,CALIBRATION,1,1,,7.115140863974976e-05,0.0037663773447275165,0.1680900125026703,15.5,0.0046627231393439016,7.115140863974976e-05
E04,2024-06-16 10:50:00,0.0,0.0,0.0,0.0,ORIGINAL_ISCO,0.075,0.2460629921259839,0.683,2.240813648293961,0.0174394806353669,17.439480635366937,0.6158694464338376,276.42140349030586,0.3980468193435986,1.5067711268957034,OK,ACTIVE,CALIBRATION,1,1,,6.79470775707407e-05,0.003668853943794966,0.16534748368263247,15.583333333333334,0.004841458665621502,6.79470775707407e-05
E04,2024-06-16 10:55:00,0.0,0.0,0.0,0.0,ORIGINAL_ISCO,0.075,0.2460629921259839,0.678,2.2244094488188955,0.0173118124023115,17.311812402311542,0.6113608853325649,274.3978207414749,0.3951328601975986,1.4957405915597173,OK,ACTIVE,CALIBRATION,1,1,,6.496301302824819e-05,0.0035760671496391297,0.1627143231868744,15.666666666666666,0.0047137904325661,6.496301302824819e-05
E04,2024-06-16 11:00:00,0.0,0.0,0.0,0.0,ORIGINAL_ISCO,0.075,0.2460629921259839,0.673,2.20800524934383,0.0171841441692561,17.184144169256147,0.6068523242312923,272.37423799264394,0.3922189010515985,1.484710056223731,OK,ACTIVE,CALIBRATION,1,1,,6.217934362100279e-05,0.003487691366672516,0.1601838453769684,15.75,0.004586122199510701,6.217934362100279e-05
E04,2024-06-16 11:05:00,0.0,0.0,0.0,0.0,ORIGINAL_ISCO,0.075,0.2460629921259839,0.675,2.214566929133856,0.0172352114624783,17.235211462478304,0.6086557486718015,273.1836710921764,0.3933844847099986,1.4891222703581255,OK,ACTIVE,CALIBRATION,1,1,,5.95798570891732e-05,0.0034034807659685615,0.15775118136405947,15.833333333333334,0.0046371894927328995,5.95798570891732e-05
E04,2024-06-16 11:10:00,0.0,0.0,0.0,0.0,ORIGINAL_ISCO,0.075,0.2460629921259839,0.693,2.273622047244092,0.0176948171014777,17.694817101477724,0.6248865686363827,280.46856898796767,0.4038747376355985,1.5288321975676755,OK,ACTIVE,CALIBRATION,1,1,,5.714304697014463e-05,0.003322977185994387,0.1554051218032837,15.916666666666666,0.0050967951317323,5.714304697014463e-05
E04,2024-06-16 11:15:00,0.0,0.0,0.0,0.0,ORIGINAL_ISCO,0.075,0.2460629921259839,0.684,2.244094488188974,0.017465014281978,17.465014281978014,0.6167711586540922,276.826120040072,0.3986296111727985,1.5089772339629006,OK,ACTIVE,CALIBRATION,1,1,,5.484283123874724e-05,0.0032455186486244204,0.15312798972129824,16.0,0.004866992312232601,5.484283123874724e-05
E04,2024-06-16 11:20:00,0.0,0.0,0.0,0.0,ORIGINAL_ISCO,0.075,0.2460629921259839,0.678,2.2244094488188955,0.0173118124023115,17.311812402311542,0.6113608853325649,274.3978207414749,0.3951328601975986,1.4957405915597173,OK,ACTIVE,CALIBRATION,1,1,,5.266090764476073e-05,0.0031706509664654733,0.1509077400684357,16.083333333333332,0.0047137904325661,5.266090764476073e-05
E04,2024-06-16 11:25:00,0.0,0.0,0.0,0.0,ORIGINAL_ISCO,0.074,0.2427821522309708,0.687,2.253937007874013,0.0171979166768009,17.19791667680096,0.6073386957451566,272.5925366876978,0.3925332511711475,1.485900000875603,OK,ACTIVE,CALIBRATION,1,1,,5.058381981473422e-05,0.003098050530999899,0.14873579778671264,16.166666666666668,0.004599894707055501,5.058381981473422e-05
E04,2024-06-16 11:30:00,0.0,0.0,0.0,0.0,ORIGINAL_ISCO,0.075,0.2460629921259839,0.671,2.2014435695538035,0.0171330768760339,17.13307687603399,0.6050488997907834,271.5648048931116,0.3910533173931986,1.480297842089337,OK,ACTIVE,CALIBRATION,1,1,,4.860444727667999e-05,0.00302759215682745,0.0,16.25,0.004535054906288499,4.860444727667999e-05
E04,2024-06-16 11:35:00,0.0,0.0,0.0,0.0,ORIGINAL_ISCO,0.075,0.2460629921259839,0.687,2.253937007874013,0.0175416152218112,17.541615221811252,0.6194762953148557,278.0402696893706,0.4003779866603986,1.5155955551644924,OK,ACTIVE,CALIBRATION,1,1,,4.671717276936328e-05,0.0029591912515461445,0.0,16.333333333333332,0.004943593252065802,4.671717276936328e-05
E04,2024-06-16 11:40:00,0.0,0.0,0.0,0.0,ORIGINAL_ISCO,0.075,0.2460629921259839,0.681,2.234251968503935,0.0173884133421447,17.38841334214478,0.6140660219933286,275.6119703907735,0.3968812356851986,1.502358912761309,OK,ACTIVE,CALIBRATION,1,1,,4.4915139541981105e-05,0.0028927073009312153,0.0,16.416666666666668,0.0047903913723993,4.4915139541981105e-05
E04,2024-06-16 11:45:00,0.0,0.0,0.0,0.0,ORIGINAL_ISCO,0.075,0.2460629921259839,0.678,2.2244094488188955,0.0173118124023115,17.311812402311542,0.6113608853325649,274.3978207414749,0.3951328601975986,1.4957405915597173,OK,ACTIVE,CALIBRATION,1,1,,4.3194490672206764e-05,0.0028280994281172753,0.0,16.5,0.0047137904325661,4.3194490672206764e-05
E04,2024-06-16 11:50:00,0.0,0.0,0.0,0.0,ORIGINAL_ISCO,0.075,0.2460629921259839,0.683,2.240813648293961,0.0174394806353669,17.439480635366937,0.6158694464338376,276.42140349030586,0.3980468193435986,1.5067711268957034,OK,ACTIVE,CALIBRATION,1,1,,4.155749416222894e-05,0.00276555697247386,0.0,16.583333333333332,0.004841458665621502,4.155749416222894e-05
E04,2024-06-16 11:55:00,0.0,0.0,0.0,0.0,ORIGINAL_ISCO,0.075,0.2460629921259839,0.687,2.253937007874013,0.0175416152218112,17.541615221811252,0.6194762953148557,278.0402696893706,0.4003779866603986,1.5155955551644924,OK,ACTIVE,CALIBRATION,1,1,,4.000933872635722e-05,0.002705393323302269,0.0,16.666666666666668,0.004943593252065802,4.000933872635722e-05
E04,2024-06-16 12:00:00,0.0,0.0,0.0,0.0,ORIGINAL_ISCO,0.074,0.2427821522309708,0.684,2.244094488188974,0.0171228166039765,17.1228166039765,0.6046865617026014,271.4021762654808,0.3908191321704001,1.4794113545835696,OK,ACTIVE,CALIBRATION,1,1,,3.855347911211157e-05,0.0026478693544864655,0.0,16.75,0.0045247946342311,3.855347911211157e-05
E02,2024-06-12 18:50:00,0.0,0.0,0.0,0.0,ORIGINAL_ISCO,0.063,0.2066929133858265,0.592,1.9422572178477668,0.0116856488069258,11.685648806925856,0.4126747930409474,185.2213097077302,0.26671868485178,1.009640056918394,OK,ACTIVE,VALIDATION,1,1,,0.0,3.0479999230010435e-05,0.0,-0.25,0.0,0.0
E02,2024-06-12 18:55:00,0.0,0.0,0.0,0.0,ORIGINAL_ISCO,0.063,0.2066929133858265,0.592,1.9422572178477668,0.0116856488069258,11.685648806925856,0.4126747930409474,185.2213097077302,0.26671868485178,1.009640056918394,OK,ACTIVE,VALIDATION,1,1,,0.0,3.0479999230010435e-05,0.0,-0.16666666666666666,0.0,0.0
E02,2024-06-12 19:00:00,0.0,0.0,0.0,0.0,ORIGINAL_ISCO,0.062,0.2034120734908134,0.582,1.909448818897636,0.0112196684873314,11.21966848733142,0.3962188533556972,177.83537106458408,0.2560829332506042,0.9693793573054348,OK,ACTIVE,VALIDATION,1,1,,0.0,3.0479999230010435e-05,0.0,-0.08333333333333333,0.0,0.0
E02,2024-06-12 19:05:00,0.0,0.25,0.0,0.25,ORIGINAL_ISCO,0.062,0.2034120734908134,0.593,1.94553805774278,0.0114317240772981,11.431724077298163,0.4037075258418015,181.1965206895161,0.2609229886900486,0.9877009602785616,OK,ACTIVE,VALIDATION,1,1,,0.0,3.0479999230010435e-05,0.0,0.0,0.0,0.0
E02,2024-06-12 19:10:00,0.0,0.25,0.0,0.25,ORIGINAL_ISCO,0.062,0.2034120734908134,0.606,1.9881889763779503,0.011682335229077,11.682335229077044,0.412557775143561,185.1687884280721,0.266643054209392,1.0093537637922567,OK,ACTIVE,VALIDATION,1,1,,0.0008257840801594591,0.014025822204351427,0.38613598737716676,0.08333333333333333,0.0,0.0008257840801594591
E02,2024-06-12 19:15:00,0.0,0.25,0.0,0.25,ORIGINAL_ISCO,0.063,0.2066929133858265,0.598,1.961942257217845,0.0118040844367257,11.80408443672578,0.4168573078352814,187.0985527115248,0.2694219147658183,1.0198728953331075,OK,ACTIVE,VALIDATION,1,1,,0.003298446936019432,0.026969190949201586,0.5880594180107117,0.16666666666666666,0.0,0.003298446936019432
E02,2024-06-12 19:20:00,0.0,0.51,0.0,0.51,ORIGINAL_ISCO,0.066,0.2165354330708659,0.605,1.9849081364829373,0.012792142191428,12.792142191428042,0.4517502381441741,202.7595874060097,0.2919738046305555,1.1052410853393828,OK,ACTIVE,VALIDATION,1,1,,0.005522754954908043,0.03437628788352013,0.6876434921264649,0.25,0.0008597524890856505,0.005522754954908043
E02,2024-06-12 19:25:00,0.0,0.51,0.0,0.51,ORIGINAL_ISCO,0.103,0.3379265091863513,0.724,2.3753280839894986,0.0294612880558689,29.46128805586894,1.0404155688787844,466.97093585001295,0.672438144781795,2.5454552880270764,OK,ACTIVE,VALIDATION,1,1,,0.010314237647653747,0.04629979019165039,0.8149315074920654,0.3333333333333333,0.01752889835352655,0.010314237647653747
E02,2024-06-12 19:30:00,2.0,2.03,0.0787401574803149,2.03,ORIGINAL_ISCO,0.134,0.4396325459317581,0.493,1.6174540682414682,0.0294394945793081,29.439494579308185,1.0396459395173387,466.62550220414846,0.6719407203338528,2.543572331652227,OK,ACTIVE,VALIDATION,1,1,,0.021830866677042572,0.0665748017191887,1.015347472000122,0.4166666666666667,0.017507104876965753,0.021830866677042572
E02,2024-06-12 19:35:00,2.0,1.27,0.0787401574803149,1.27,ORIGINAL_ISCO,0.144,0.4724409448818892,0.46,1.509186351706035,0.0304890290461713,30.489029046171314,1.0767098994273254,483.26096265205945,0.6958957832775926,2.6342521095892018,OK,ACTIVE,VALIDATION,1,1,,0.047438041810974614,0.09766959249973298,1.2562446865081787,0.5,0.01855663934382895,0.047438041810974614
E02,2024-06-12 19:40:00,4.0,1.27,0.1574803149606299,1.27,ORIGINAL_ISCO,0.289,0.9481627296587916,0.805,2.641076115485561,0.1433606925997993,143.36069259979936,5.062735080123692,2272.313303494491,3.272131143201608,12.386363840622666,DEPTH_STEP,ACTIVE,VALIDATION,1,1,Storm-response step retained for scoring; inspect hydrograph,0.08165352031000928,0.1279436257839203,1.463130168914795,0.5833333333333334,0.13142830289745697,0.08165352031000928
E02,2024-06-12 19:45:00,1.0,0.0,0.0393700787401574,0.0,ORIGINAL_ISCO,0.459,1.505905511811022,0.887,2.9101049868766373,0.2927032252742385,292.7032252742385,10.33671684886453,4639.44070515273,6.680794587181926,25.289558663694205,DEPTH_STEP,ACTIVE,VALIDATION,1,1,Storm-response step retained for scoring; inspect hydrograph,0.1220928525249961,0.15776753211021424,1.613231326675415,0.6666666666666666,0.28077083557189614,0.1220928525249961
E02,2024-06-12 19:50:00,0.0,0.0,0.0,0.0,ORIGINAL_ISCO,0.358,1.174540682414697,1.164,3.818897637795272,0.277444982689006,277.44498268900605,9.79787709721142,4397.592629605567,6.332533359866022,23.97124650433012,DEPTH_STEP,ACTIVE,VALIDATION,1,1,Storm-response step retained for scoring; inspect hydrograph,0.1514029448308535,0.17511783571243286,1.7226493572235109,0.75,0.2655125929866637,0.1514029448308535
E02,2024-06-12 19:55:00,0.0,0.0,0.0,0.0,ORIGINAL_ISCO,0.146,0.4790026246719154,1.248,4.094488188976373,0.0843854370555541,84.38543705555412,2.980043585764048,1337.536445766313,1.9260524737625608,7.290901761599877,DEPTH_STEP,ACTIVE,VALIDATION,1,1,Storm-response step retained for scoring; inspect hydrograph,0.1345618804433357,0.16422731223106385,1.6798534229278566,0.8333333333333334,0.07245304735321174,0.1345618804433357
E02,2024-06-12 20:00:00,0.0,0.0,0.0,0.0,ORIGINAL_ISCO,0.113,0.3707349081364826,1.513,4.9639107611548505,0.0704966500940964,70.49665009409648,2.489565703054415,1117.39468438391,1.6090483387117958,6.090910568129936,OK,ACTIVE,VALIDATION,1,1,,0.11137100403859168,0.14872552406787873,1.6026058124542237,0.9166666666666666,0.05856426039175405,0.11137100403859168
E02,2024-06-12 20:05:00,0.0,0.0,0.0,0.0,ORIGINAL_ISCO,0.14,0.4593175853018368,1.293,4.242125984251964,0.0822749880951545,82.27498809515457,2.905513784094826,1304.0851477703604,1.877882604851991,7.108558971421355,OK,ACTIVE,VALIDATION,1,1,,0.09239920750369776,0.13526755192279816,1.5246418212890627,1.0,0.07034259839281215,0.09239920750369776
E02,2024-06-12 20:10:00,0.0,0.0,0.0,0.0,ORIGINAL_ISCO,0.136,0.4461942257217843,1.095,3.5925196850393664,0.0668086811452526,66.8086811452526,2.359326308746795,1058.9391848089572,1.5248724196796537,5.7722700509498255,OK,ACTIVE,VALIDATION,1,1,,0.08499959444808325,0.12985542769432068,1.4897270919799805,1.0833333333333333,0.054876291442910244,0.08499959444808325
E02,2024-06-12 20:15:00,0.0,0.0,0.0,0.0,ORIGINAL_ISCO,0.13,0.4265091863517056,1.074,3.523622047244091,0.0613727592102976,61.3727592102976,2.1673585372898296,972.7780655680124,1.4008004084971135,5.302606395769714,OK,ACTIVE,VALIDATION,1,1,,0.07436643054363391,0.1209532912015915,1.4432331275939942,1.1666666666666667,0.049440369507955245,0.07436643054363391
E02,2024-06-12 20:20:00,0.0,0.0,0.0,0.0,ORIGINAL_ISCO,0.13,0.4265091863517056,1.071,3.513779527559051,0.0612013269220006,61.20132692200068,2.161304463163322,970.0608084016212,1.396887558194049,5.287794646060859,OK,ACTIVE,VALIDATION,1,1,,0.05883422663259668,0.10744143426418305,1.3572545093536377,1.25,0.04926893721965825,0.05883422663259668
E02,2024-06-12 20:25:00,0.0,0.0,0.0,0.0,ORIGINAL_ISCO,0.127,0.4166666666666662,1.075,3.526902887139104,0.0593801972480597,59.38019724805972,2.096991875671484,941.1953145871024,1.355321247276832,5.13044904223236,OK,ACTIVE,VALIDATION,1,1,,0.044060135471018926,0.09268327803611756,1.2620594478607179,1.3333333333333333,0.047447807545717355,0.044060135471018926
E02,2024-06-12 20:30:00,0.0,0.0,0.0,0.0,ORIGINAL_ISCO,0.127,0.4166666666666662,1.003,3.290682414698159,0.0554031049672594,55.40310496725944,1.9565421872544169,878.1571167728964,1.2645462428080585,4.786828269171216,OK,ACTIVE,VALIDATION,1,1,,0.032577878805963134,0.08012810325622559,1.1537030530929566,1.4166666666666667,0.043470715264917054,0.032577878805963134
E02,2024-06-12 20:35:00,0.0,0.0,0.0,0.0,ORIGINAL_ISCO,0.123,0.4035433070866137,0.964,3.162729658792648,0.0508263433758973,50.82634337589731,1.7949153769917532,805.6139666082513,1.160084107012504,4.391396067677528,OK,ACTIVE,VALIDATION,1,1,,0.02443689444364975,0.06971789656877518,1.0641895488739015,1.5,0.03889395367355496,0.02443689444364975
E02,2024-06-12 20:40:00,0.0,0.0,0.0,0.0,ORIGINAL_ISCO,0.119,0.3904199475065612,0.973,3.1922572178477657,0.0488890978731967,48.88909787319679,1.726502197706182,774.9079993860518,1.1158675143994288,4.224018056244203,OK,ACTIVE,VALIDATION,1,1,,0.018500605683158935,0.06084304765462876,0.9822610467910767,1.5833333333333333,0.03695670817085435,0.018500605683158935
E02,2024-06-12 20:45:00,0.0,0.0,0.0,0.0,ORIGINAL_ISCO,0.115,0.3772965879265088,0.949,3.1135170603674505,0.0453643095168027,45.364309516802734,1.602025471636342,719.038964931848,1.0354161051254227,3.919476342251756,OK,ACTIVE,VALIDATION,1,1,,0.0140687504980215,0.05340153694152832,0.9092195022583008,1.6666666666666667,0.03343191981446035,0.0140687504980215
E02,2024-06-12 20:50:00,0.0,0.0,0.0,0.0,ORIGINAL_ISCO,0.114,0.3740157480314957,0.884,2.900262467191598,0.0417221051325071,41.7221051325071,1.4734022376733973,661.3088484934143,0.9522847378054532,3.604789883448614,OK,ACTIVE,VALIDATION,1,1,,0.010946680712303742,0.04722034628391266,0.8406489057540893,1.75,0.02978971543016475,0.010946680712303742
E02,2024-06-12 20:55:00,0.0,0.0,0.0,0.0,ORIGINAL_ISCO,0.11,0.3608923884514431,0.801,2.6279527559055094,0.0358837930320576,35.88379303205768,1.2672241916299918,568.7697151004255,0.8190283862827898,3.100359717969784,OK,ACTIVE,VALIDATION,1,1,,0.00863794393845076,0.04216864700317383,0.7839863759994508,1.8333333333333333,0.023951403329715248,0.00863794393845076
E02,2024-06-12 21:00:00,0.0,0.0,0.0,0.0,ORIGINAL_ISCO,0.109,0.35761154855643,0.907,2.9757217847769,0.0400939236776741,40.09392367767415,1.415903552233863,635.5016463013324,0.915122366805931,3.464115005751047,OK,ACTIVE,VALIDATION,1,1,,0.006927797290160179,0.038051302027702336,0.738189098739624,1.9166666666666667,0.028161533975331752,0.006927797290160179
E02,2024-06-12 21:05:00,0.0,0.0,0.0,0.0,ORIGINAL_ISCO,0.106,0.3477690288713907,0.843,2.76574803149606,0.0357751402444358,35.77514024443589,1.2633871546467677,567.0475333063966,0.8165484445098703,3.090972117119261,OK,ACTIVE,VALIDATION,1,1,,0.005718841149717842,0.034807268571853636,0.6991093620300294,2.0,0.023842750542093453,0.005718841149717842
E02,2024-06-12 21:10:00,0.0,0.0,0.0,0.0,ORIGINAL_ISCO,0.105,0.3444881889763775,0.849,2.7854330708661386,0.0355337342985385,35.533734298538526,1.2548619841228166,563.2211710556466,0.8110384828920794,3.0701146433937287,OK,ACTIVE,VALIDATION,1,1,,0.004775729466008538,0.03195512389540672,0.6622203346252442,2.0833333333333335,0.023601344596196148,0.004775729466008538
E02,2024-06-12 21:15:00,0.0,0.0,0.0,0.0,ORIGINAL_ISCO,0.103,0.3379265091863513,0.798,2.61811023622047,0.0324725246803638,32.47252468036384,1.146756386692362,514.7000094037436,0.7411680104086636,2.805626132383436,OK,ACTIVE,VALIDATION,1,1,,0.004039157462917854,0.02952466269135475,0.6295356290817261,2.1666666666666665,0.020540134978021454,0.004039157462917854
E02,2024-06-12 21:20:00,0.0,0.0,0.0,0.0,ORIGINAL_ISCO,0.103,0.3379265091863513,0.773,2.536089238845142,0.0314552150099263,31.455215009926373,1.1108304347283156,498.57532239234814,0.7179484612103973,2.717730576857639,OK,ACTIVE,VALIDATION,1,1,,0.0034723064984031947,0.027494896960258485,0.6015158277511597,2.25,0.01952282530758395,0.0034723064984031947
E02,2024-06-12 21:25:00,0.0,0.0,0.0,0.0,ORIGINAL_ISCO,0.102,0.3346456692913382,0.783,2.568897637795273,0.0314103823729913,31.410382372991368,1.1092471850967105,497.8647106096432,0.7169251802476274,2.7138570370264543,OK,ACTIVE,VALIDATION,1,1,,0.0030026439636779596,0.02568202614784241,0.5758841073989869,2.3333333333333335,0.01947799267064895,0.0030026439636779596
E02,2024-06-12 21:30:00,0.0,0.0,0.0,0.0,ORIGINAL_ISCO,0.101,0.3313648293963251,0.786,2.578740157480312,0.0310791810337309,31.079181033730976,1.097550920183019,492.6150623574721,0.709365686796453,2.6852412413143565,OK,ACTIVE,VALIDATION,1,1,,0.0026311494247107125,0.024145105969905854,0.5536591558456421,2.4166666666666665,0.019146791331388552,0.0026311494247107125
E02,2024-06-12 21:35:00,0.0,0.0,0.0,0.0,ORIGINAL_ISCO,0.098,0.3215223097112857,0.782,2.56561679790026,0.0295849862959523,29.584986295952323,1.0447839310013638,468.931592927368,0.6752614909612528,2.556142815970281,OK,ACTIVE,VALIDATION,1,1,,0.0023272846012405016,0.02280472630262375,0.5339559980392456,2.5,0.017652596593609952,0.0023272846012405016
E02,2024-06-12 21:40:00,0.0,0.0,0.0,0.0,ORIGINAL_ISCO,0.099,0.3248031496062988,0.756,2.480314960629918,0.0290299774053085,29.029977405308586,1.0251839770008169,460.1345226642654,0.6625937098359285,2.5081900478186614,OK,ACTIVE,VALIDATION,1,1,,0.002067150868530098,0.02158535124063492,0.5158061611175537,2.5833333333333335,0.01709758770296615,0.002067150868530098
E02,2024-06-12 21:45:00,0.0,0.0,0.0,0.0,ORIGINAL_ISCO,0.097,0.3182414698162726,0.766,2.51312335958005,0.0285473074639103,28.547307463910357,1.008138648883858,452.4840481224199,0.6515770265422357,2.4664873648818544,OK,ACTIVE,VALIDATION,1,1,,0.00183481355966724,0.02043057752251625,0.4983753936767578,2.6666666666666665,0.01661491776156795,0.00183481355966724
E02,2024-06-12 21:50:00,0.0,0.0,0.0,0.0,ORIGINAL_ISCO,0.096,0.3149606299212595,0.783,2.568897637795273,0.0287409122859266,28.740912285926623,1.014975738649036,455.5527471131283,0.6559959530701781,2.4832148215040606,OK,ACTIVE,VALIDATION,1,1,,0.0016365898519109631,0.0193873703956604,0.48243290748596196,2.75,0.01680852258358425,0.0016365898519109631
E02,2024-06-12 21:55:00,0.0,0.0,0.0,0.0,ORIGINAL_ISCO,0.096,0.3149606299212595,0.767,2.516404199475063,0.028153613950582,28.153613950582024,0.9942354936702562,446.2438787174578,0.642591182637071,2.432472245330287,OK,ACTIVE,VALIDATION,1,1,,0.0014664153183856774,0.018441100484132767,0.4678492409706116,2.8333333333333335,0.01622122424823965,0.0014664153183856774
E02,2024-06-12 22:00:00,0.0,0.0,0.0,0.0,ORIGINAL_ISCO,0.095,0.3116797900262464,0.768,2.519685039370076,0.0277607760356984,27.76077603569844,0.980362553630578,440.0172708243242,0.6336248673088571,2.3985310494843457,OK,ACTIVE,VALIDATION,1,1,,0.0013278528322970924,0.017589185732603076,0.4536865880012512,2.9166666666666665,0.01582838633335605,0.0013278528322970924
E02,2024-06-12 22:05:00,0.0,0.0,0.0,0.0,ORIGINAL_ISCO,0.093,0.3051181102362201,0.771,2.5295275590551154,0.0270127930628427,27.01279306284277,0.953947784230832,428.1614990002304,0.6165525559543222,2.333905320629616,OK,ACTIVE,VALIDATION,1,1,,0.0012039362604352284,0.01676660126745701,0.44002877340316776,3.0,0.015080403360500351,0.0012039362604352284
E02,2024-06-12 22:10:00,0.0,0.0,0.0,0.0,ORIGINAL_ISCO,0.092,0.301837270341207,0.743,2.437664041994748,0.0256220530112719,25.622053011271973,0.9048342628133832,406.117819777022,0.5848096580070713,2.2137453801738984,OK,ACTIVE,VALIDATION,1,1,,0.001093053844407486,0.015988420432806016,0.4269010499954224,3.0833333333333335,0.01368966330892955,0.001093053844407486
E02,2024-06-12 22:15:00,0.0,0.0,0.0,0.0,ORIGINAL_ISCO,0.091,0.2985564304461939,0.721,2.365485564304459,0.0244677077872181,24.46770778721813,0.8640689459443797,387.82107495893416,0.5584623455803881,2.114009952815646,OK,ACTIVE,VALIDATION,1,1,,0.0009946514532605095,0.015259280481934548,0.41440395669937136,3.1666666666666665,0.012535318084875752,0.0009946514532605095
E02,2024-06-12 22:20:00,0.0,0.0,0.0,0.0,ORIGINAL_ISCO,0.09,0.2952755905511808,0.706,2.3162729658792625,0.0235731076872851,23.57310768728517,0.8324764415662366,373.6413742925883,0.538043576707155,2.0367165041814386,OK,ACTIVE,VALIDATION,1,1,,0.00090772008974152,0.014580236265063287,0.4025897068977356,3.25,0.01164071798494275,0.00090772008974152
E02,2024-06-12 22:25:00,0.0,0.0,0.0,0.0,ORIGINAL_ISCO,0.091,0.2985564304461939,0.713,2.3392388451443544,0.0241962214317427,24.19622143174276,0.8544814957813353,383.5179284961444,0.5522658147001619,2.0905535317025747,OK,ACTIVE,VALIDATION,1,1,,0.0008303784724071236,0.013944220626354219,0.39137498445510865,3.3333333333333335,0.012263831729400352,0.0008303784724071236
E02,2024-06-12 22:30:00,0.0,0.0,0.0,0.0,ORIGINAL_ISCO,0.09,0.2952755905511808,0.75,2.46062992125984,0.0250422532088723,25.042253208872346,0.8843588260264552,396.9278055516165,0.5715760375784223,2.1636506772465705,OK,ACTIVE,VALIDATION,1,1,,0.0007595237632862549,0.013331445756554604,0.38042038421630864,3.4166666666666665,0.01310986350652995,0.0007595237632862549
E02,2024-06-12 22:35:00,0.0,0.0,0.0,0.0,ORIGINAL_ISCO,0.09,0.2952755905511808,0.728,2.388451443569551,0.0243076804480787,24.307680448078752,0.8584176337963458,385.2845899221023,0.5548098071427886,2.1001835907140043,OK,ACTIVE,VALIDATION,1,1,,0.0006952605014565411,0.01274718363583088,0.36983175001144414,3.5,0.012375290745736352,0.0006952605014565411
E02,2024-06-12 22:40:00,0.0,0.0,0.0,0.0,ORIGINAL_ISCO,0.089,0.2919947506561676,0.713,2.3392388451443544,0.0234193717020502,23.419371702050288,0.8270473064845671,371.2046092481403,0.5345346350579812,2.023433715057145,OK,ACTIVE,VALIDATION,1,1,,0.0006358022923568544,0.012184670278429986,0.35917026414871217,3.5833333333333335,0.011486981999707851,0.0006358022923568544
E02,2024-06-12 22:45:00,0.0,0.0,0.0,0.0,ORIGINAL_ISCO,0.089,0.2919947506561676,0.739,2.424540682414696,0.0242733740362064,24.2733740362064,0.8572061142946635,384.74082220810055,0.5540267816379356,2.097219516728233,OK,ACTIVE,VALIDATION,1,1,,0.0005822428404845095,0.011656888630986214,0.34875661926269536,3.6666666666666665,0.01234098433386405,0.0005822428404845095
E02,2024-06-12 22:50:00,0.0,0.0,0.0,0.0,ORIGINAL_ISCO,0.088,0.2887139107611545,0.716,2.349081364829394,0.0231307618460711,23.130761846071188,0.8168551456081284,366.63004976905296,0.5279472694359386,1.9984978235005508,OK,ACTIVE,VALIDATION,1,1,,0.0005353913479227333,0.011172649928927423,0.33907199964523316,3.75,0.01119837214372875,0.0005353913479227333
E02,2024-06-12 22:55:00,0.0,0.0,0.0,0.0,ORIGINAL_ISCO,0.088,0.2887139107611545,0.692,2.270341207349079,0.0223554290467615,22.35542904676154,0.7894745262022693,354.3407743577998,0.5102507129185327,1.931509069640197,OK,ACTIVE,VALIDATION,1,1,,0.0004937715562236414,0.010722420778870582,0.3299514081001282,3.8333333333333335,0.010423039344419151,0.0004937715562236414
E02,2024-06-12 23:00:00,0.0,0.0,0.0,0.0,ORIGINAL_ISCO,0.087,0.2854330708661414,0.737,2.417979002624669,0.0234126925689913,23.412692568991357,0.8268114351266024,371.0987428308512,0.5343821874177292,2.022856637960853,OK,ACTIVE,VALIDATION,1,1,,0.0004561750949187985,0.01029736723601818,0.32123377161026,3.9166666666666665,0.011480302866648952,0.0004561750949187985
E02,2024-06-12 23:05:00,0.0,0.0,0.0,0.0,ORIGINAL_ISCO,0.088,0.2887139107611545,0.74,2.4278215223097086,0.0239060946453808,23.90609464538084,0.8442357650139874,378.91932518030615,0.5456438259533444,2.0654865773609044,OK,ACTIVE,VALIDATION,1,1,,0.00042144881675585175,0.009887330263853073,0.31272070112228395,4.0,0.011973704943038451,0.00042144881675585175
E02,2024-06-12 23:10:00,0.0,0.0,0.0,0.0,ORIGINAL_ISCO,0.088,0.2887139107611545,0.728,2.388451443569551,0.023518428245726,23.51842824572601,0.830545455311058,372.7746874746796,0.5367955476946414,2.031992200430728,OK,ACTIVE,VALIDATION,1,1,,0.000389824453539824,0.009497537559270859,0.3045292316436768,4.083333333333333,0.01158603854338365,0.000389824453539824
E02,2024-06-12 23:15:00,0.0,0.0,0.0,0.0,ORIGINAL_ISCO,0.087,0.2854330708661414,0.771,2.5295275590551154,0.0244927896481578,24.49278964815785,0.8649547035042204,388.21863055981856,0.5590348256432419,2.1161770256008383,OK,ACTIVE,VALIDATION,1,1,,0.00036078637761033014,0.00912415634840727,0.2965889641284943,4.166666666666667,0.01256039994581545,0.00036078637761033014
E02,2024-06-12 23:20:00,0.0,0.0,0.0,0.0,ORIGINAL_ISCO,0.087,0.2854330708661414,0.76,2.4934383202099712,0.0241433464754863,24.143346475486336,0.8526142343232265,382.679843353388,0.5510589720996937,2.08598513548202,OK,ACTIVE,VALIDATION,1,1,,0.00033414747878680374,0.008767023691534996,0.28890373191833496,4.25,0.01221095677314395,0.00033414747878680374
E02,2024-06-12 23:25:00,0.0,0.0,0.0,0.0,ORIGINAL_ISCO,0.086,0.2821522309711283,0.715,2.3458005249343805,0.0223311292815566,22.33112928155665,0.7886163880926481,353.95561522704,0.5096960837725829,1.9294095699264944,OK,ACTIVE,VALIDATION,1,1,,0.00031033008017447236,0.008434480740129948,0.2816640030384064,4.333333333333333,0.01039873957921425,0.00031033008017447236
E02,2024-06-12 23:30:00,0.0,0.0,0.0,0.0,ORIGINAL_ISCO,0.086,0.2821522309711283,0.749,2.4573490813648267,0.0233930291355047,23.393029135504797,0.8261170275264244,370.787071056018,0.5339333800638665,2.0211577173076143,OK,ACTIVE,VALIDATION,1,1,,0.0002892060923939123,0.008127864508330822,0.27491492371559145,4.416666666666667,0.011460639433162351,0.0002892060923939123
E02,2024-06-12 23:35:00,0.0,0.0,0.0,0.0,ORIGINAL_ISCO,0.086,0.2821522309711283,0.789,2.5885826771653515,0.0246423230813261,24.642323081326147,0.8702354268602789,390.5887837959924,0.5624478462889062,2.1290967142265798,OK,ACTIVE,VALIDATION,1,1,,0.00027010574275226353,0.007840127143263818,0.268514078950882,4.5,0.01270993337898375,0.00027010574275226353
E02,2024-06-12 23:40:00,0.0,0.0,0.0,0.0,ORIGINAL_ISCO,0.087,0.2854330708661414,0.768,2.519685039370076,0.0243974869647019,24.39748696470198,0.8615891210003129,386.708052230792,0.5568595928586378,2.1079428737502512,OK,ACTIVE,VALIDATION,1,1,,0.00025258117993361666,0.007566428710520268,0.26236229238510134,4.583333333333333,0.012465097262359552,0.00025258117993361666
E02,2024-06-12 23:45:00,0.0,0.0,0.0,0.0,ORIGINAL_ISCO,0.085,0.2788713910761152,0.751,2.463910761154853,0.0230556381185944,23.05563811859444,0.8142021762094109,365.4393144129533,0.5262326105304025,1.9920071334465597,OK,ACTIVE,VALIDATION,1,1,,0.0002363112179070883,0.0073031555816531184,0.2563838782310486,4.666666666666667,0.011123248416252052,0.0002363112179070883
E02,2024-06-12 23:50:00,0.0,0.0,0.0,0.0,ORIGINAL_ISCO,0.085,0.2788713910761152,0.783,2.568897637795273,0.0240380354818368,24.038035481836808,0.8488952116803845,381.0106300736916,0.5486553049870907,2.076886265630701,OK,ACTIVE,VALIDATION,1,1,,0.0002211345647960973,0.007048802125453949,0.2505484604358673,4.75,0.01210564577949445,0.0002211345647960973
E02,2024-06-12 23:55:00,0.0,0.0,0.0,0.0,ORIGINAL_ISCO,0.085,0.2788713910761152,0.764,2.5065616797900234,0.0234547370474116,23.45473704741165,0.828296221869494,371.76516140012825,0.5353418301534321,2.026489280896367,OK,ACTIVE,VALIDATION,1,1,,0.0002069962215475681,0.0068034608826041225,0.24486161642074586,4.833333333333333,0.01152234734506925,0.0002069962215475681
E02,2024-06-13 00:00:00,0.0,0.0,0.0,0.0,ORIGINAL_ISCO,0.085,0.2788713910761152,0.75,2.46062992125984,0.0230249382009931,23.024938200993116,0.813118018850943,364.9527107985552,0.5255319013286309,1.989354660565805,OK,ACTIVE,VALIDATION,1,1,,0.0001938738114189763,0.00656777850240469,0.23934236755371094,4.916666666666667,0.01109254849865075,0.0001938738114189763
E02,2024-06-13 00:05:00,0.0,0.0,0.0,0.0,ORIGINAL_ISCO,0.084,0.2755905511811021,0.775,2.542650918635168,0.0233819748887806,23.381974888780668,0.8257266504875047,370.6118576733549,0.533681072793898,2.0202026303906497,OK,ACTIVE,VALIDATION,1,1,,0.0001817368877995448,0.006342288087308407,0.23400744609832766,5.0,0.011449585186438252,0.0001817368877995448
E02,2024-06-13 00:10:00,0.0,0.0,0.0,0.0,ORIGINAL_ISCO,0.085,0.2788713910761152,0.768,2.519685039370076,0.0235775367178169,23.577536717816947,0.8326328513033657,373.71157585772056,0.5381446669605181,2.0370991724193845,OK,ACTIVE,VALIDATION,1,1,,0.00017052958135628843,0.006127035623788834,0.22886277465820315,5.083333333333333,0.01164514701547455,0.00017052958135628843
E02,2024-06-13 00:15:00,0.0,0.0,0.0,0.0,ORIGINAL_ISCO,0.084,0.2755905511811021,0.774,2.5393700787401547,0.0233518045986015,23.3518045986016,0.8246611967449402,370.1336488247441,0.5329924520548092,2.017595917319178,OK,ACTIVE,VALIDATION,1,1,,0.00016019913466620183,0.0059220705047249795,0.2239143485069275,5.166666666666667,0.01141941489625915,0.00016019913466620183
E02,2024-06-13 00:20:00,0.0,0.0,0.0,0.0,ORIGINAL_ISCO,0.084,0.2755905511811021,0.756,2.480314960629918,0.0228087393753783,22.808739375378305,0.8054830293787788,361.5258895497501,0.5205972787512089,1.9706750820326853,OK,ACTIVE,VALIDATION,1,1,,0.0001507430555640893,0.005728428277373314,0.21919250736236573,5.25,0.01087634967303595,0.0001507430555640893
E02,2024-06-13 00:25:00,0.0,0.0,0.0,0.0,ORIGINAL_ISCO,0.084,0.2755905511811021,0.747,2.450787401574801,0.0225372067637666,22.53720676376665,0.795893945695698,357.222009912253,0.5143996920994087,1.947214664389439,OK,ACTIVE,VALIDATION,1,1,,0.00014214716903627157,0.005546949756145478,0.2147240119457245,5.333333333333333,0.01060481706142425,0.00014214716903627157
E02,2024-06-13 00:30:00,0.0,0.0,0.0,0.0,ORIGINAL_ISCO,0.084,0.2755905511811021,0.768,2.519685039370076,0.0231707828575271,23.170782857527165,0.8182684742895531,367.2643957330794,0.5288607276202757,2.001955638890347,OK,ACTIVE,VALIDATION,1,1,,0.00013430267690798807,0.005376407499611378,0.21048482666015625,5.416666666666667,0.01123839315518475,0.00013430267690798807
E02,2024-06-13 00:35:00,0.0,0.0,0.0,0.0,ORIGINAL_ISCO,0.083,0.2723097112860889,0.772,2.5328083989501287,0.0228847734248791,22.88477342487918,0.8081681464963875,362.731053804095,0.5223327152701303,1.9772444239095612,OK,ACTIVE,VALIDATION,1,1,,0.00012705699010175371,0.005214353437721729,0.20641905012130737,5.5,0.010952383722536752,0.00012705699010175371
E02,2024-06-13 00:40:00,0.0,0.0,0.0,0.0,ORIGINAL_ISCO,0.083,0.2723097112860889,0.735,2.411417322834643,0.0217879643358629,21.787964335862952,0.7694346990606798,345.3462753186656,0.4972986343569246,1.8824801186185591,OK,ACTIVE,VALIDATION,1,1,,0.00012029292410913349,0.005058824345469475,0.20248075489997866,5.583333333333333,0.009855574633520551,0.00012029292410913349
E02,2024-06-13 00:45:00,0.0,0.0,0.0,0.0,ORIGINAL_ISCO,0.082,0.2690288713910758,0.773,2.536089238845142,0.0225094018064629,22.509401806463,0.7949120228953142,356.7812923540547,0.5137650588182856,1.944812316078403,OK,ACTIVE,VALIDATION,1,1,,0.00011395259213007903,0.004909016311168671,0.19865206418037415,5.666666666666667,0.010577012104120553,0.00011395259213007903
E02,2024-06-13 00:50:00,0.0,0.0,0.0,0.0,ORIGINAL_ISCO,0.082,0.2690288713910758,0.762,2.4999999999999973,0.0221890869036543,22.18908690365434,0.7836002088567003,351.7041976375029,0.5064540424573528,1.917137108475735,OK,ACTIVE,VALIDATION,1,1,,0.00010800308176073599,0.004764623893797398,0.19492738237380983,5.75,0.010256697201311952,0.00010800308176073599
E02,2024-06-13 00:55:00,0.0,0.0,0.0,0.0,ORIGINAL_ISCO,0.082,0.2690288713910758,0.774,2.5393700787401547,0.0225385213430819,22.538521343081964,0.7959403696260972,357.2428464191958,0.5144296966692795,1.9473282440422817,OK,ACTIVE,VALIDATION,1,1,,0.00010242514135461903,0.004625629777461291,0.1913083990573883,5.833333333333333,0.01060613164073955,0.00010242514135461903
E02,2024-06-13 01:00:00,0.0,0.0,0.0,0.0,ORIGINAL_ISCO,0.082,0.2690288713910758,0.773,2.536089238845142,0.0225094018064629,22.509401806463,0.7949120228953142,356.7812923540547,0.5137650588182856,1.944812316078403,OK,ACTIVE,VALIDATION,1,1,,9.720759572652519e-05,0.004492202295362949,0.18780185437202454,5.916666666666667,0.010577012104120553,9.720759572652519e-05
E02,2024-06-13 01:05:00,0.0,0.0,0.0,0.0,ORIGINAL_ISCO,0.082,0.2690288713910758,0.749,2.4573490813648267,0.0218105329276077,21.810532927607746,0.7702317013565204,345.7039947906688,0.497813750394432,1.8844300449453089,OK,ACTIVE,VALIDATION,1,1,,9.233401504664576e-05,0.004364365008473397,0.1844108367919922,6.0,0.00987814322526535,9.233401504664576e-05
E02,2024-06-13 01:10:00,0.0,0.0,0.0,0.0,ORIGINAL_ISCO,0.082,0.2690288713910758,0.757,2.483595800524932,0.0220434892205594,22.043489220559493,0.778458475202785,349.3964273117975,0.5031308532023833,1.9045574686563405,OK,ACTIVE,VALIDATION,1,1,,8.778897821870362e-05,0.004242149142175913,0.18113874363899232,6.083333333333333,0.010111099518217051,8.778897821870362e-05
E02,2024-06-13 01:15:00,0.0,0.0,0.0,0.0,ORIGINAL_ISCO,0.082,0.2690288713910758,0.777,2.549212598425194,0.0226258799529388,22.62587995293887,0.7990254098184464,358.62750861461905,0.5164236102222612,1.9548760279339183,OK,ACTIVE,VALIDATION,1,1,,8.355338523589469e-05,0.004125462723523378,0.17798579292297365,6.166666666666667,0.01069349025059645,8.355338523589469e-05
E02,2024-06-13 01:20:00,0.0,0.0,0.0,0.0,ORIGINAL_ISCO,0.081,0.2657480314960627,0.719,2.358923884514433,0.0205622903041143,20.562290304114335,0.7261504291202943,325.9189458493184,0.4693232800393093,1.7765818822754789,OK,ACTIVE,VALIDATION,1,1,,7.959421820589066e-05,0.004013784288614989,0.17494039378166198,6.25,0.008629900601771951,7.959421820589066e-05
E02,2024-06-13 01:25:00,0.0,0.0,0.0,0.0,ORIGINAL_ISCO,0.081,0.2657480314960627,0.751,2.463910761154853,0.0214774409157021,21.477440915702186,0.7584686679684854,340.424378766117,0.4902111033512118,1.8556508951166688,OK,ACTIVE,VALIDATION,1,1,,7.587861087604451e-05,0.0039065259486436845,0.171988702583313,6.333333333333333,0.009545051213359752,7.587861087604451e-05
E02,2024-06-13 01:30:00,0.0,0.0,0.0,0.0,ORIGINAL_ISCO,0.081,0.2657480314960627,0.756,2.480314960629918,0.0216204331987627,21.620433198762782,0.7635183927885153,342.6908526593668,0.4934748257436966,1.8680054283731045,OK,ACTIVE,VALIDATION,1,1,,7.238227452524257e-05,0.003803284612298012,0.1691214539051056,6.416666666666667,0.00968804349642035,7.238227452524257e-05
E02,2024-06-13 01:35:00,0.0,0.0,0.0,0.0,ORIGINAL_ISCO,0.081,0.2657480314960627,0.743,2.437664041994748,0.0212486532628052,21.24865326280522,0.7503891082564377,336.79802053691736,0.4849891475232362,1.8358836419063715,OK,ACTIVE,VALIDATION,1,1,,6.909013089474786e-05,0.0037038868367671967,0.16633557744026184,6.5,0.009316263560462851,6.909013089474786e-05
E02,2024-06-13 01:40:00,0.0,0.0,0.0,0.0,ORIGINAL_ISCO,0.081,0.2657480314960627,0.751,2.463910761154853,0.0214774409157021,21.477440915702186,0.7584686679684854,340.424378766117,0.4902111033512118,1.8556508951166688,OK,ACTIVE,VALIDATION,1,1,,6.599451888414395e-05,0.0036083629958331585,0.16363354396820068,6.583333333333333,0.009545051213359752,6.599451888414395e-05
