r,Node_ID,Sensor_Index,pivot_order,Energy_Weighted_Modal_Exposure,Baseline_Systemwise_Mean_NSE,Dropout_Systemwise_Mean_NSE,Delta_Systemwise_Mean_NSE,Delta_Systemwise_Mean_NSE_z,Energy_Weighted_Modal_Exposure_z
2,J297,60,1,0.05932988111790699,0.7932380590179744,0.1628956640788718,0.6303423949391025,1.0000000000000002,1.0000000000000004
2,OF-02,72,2,0.039850625123530305,0.7932380590179744,0.631957053287101,0.16128100573087337,-1.0,-0.9999999999999997
3,J297,60,1,0.059417182475815095,0.7998788484986383,0.7391345876922621,0.06074426080637617,-0.9432904958982891,0.6075299672716659
3,J304,62,2,0.06131024900630265,0.7998788484986383,0.7189363134695053,0.08094253502913296,-0.44085257684879364,0.8022099275398982
3,OF-02,72,3,0.0398012648764413,0.7998788484986383,0.6455705080868022,0.1543083404118362,1.3841430727470834,-1.409739894811564
4,J297,60,1,0.061171598427610364,0.8570355313941064,0.5322604113166854,0.32477512007742093,0.6976456504194668,1.3361805887736657
4,OF-04,74,2,0.04752686066196538,0.8570355313941064,0.47754793228030595,0.3794875991138004,1.1004978443341287,0.3332457529234004
4,OF-02,72,3,0.039743439521808296,0.8570355313941064,0.6696016206814327,0.18743391071267365,-0.3136082441571698,-0.23886228884576527
4,120,20,4,0.023530563586626703,0.8570355313941064,0.8286284803105239,0.028407051083582376,-1.4845352505964258,-1.4305640528513004
5,J297,60,1,0.06092969382167772,0.9180299678325625,0.7701805588603126,0.14784940897225005,-0.10372143606619227,1.0494844307663185
5,J304,62,2,0.06096575139574812,0.9180299678325625,0.47098316350415276,0.4470468043284097,1.8718379302141086,1.0511190028755646
5,OF-03,73,3,0.0038467093956198,0.9180299678325625,0.9149628668835177,0.003067100949044931,-1.059699158888417,-1.5382175059528727
5,OF-02,72,4,0.03967313186488609,0.9180299678325625,0.7723453335480629,0.14568463428449965,-0.11801514642814565,0.08587597376925307
5,120,20,5,0.02347853839044485,0.9180299678325625,0.8438880951068599,0.07414187272570276,-0.5904021888313533,-0.6482619014582631
6,J297,60,1,0.060882259610225836,0.8726483002919806,0.7651543232949765,0.10749397699700441,0.014070839814352677,1.2150486006406422
6,OF-03,73,2,0.004089527411609287,0.8726483002919806,0.8750012757407376,-0.002352975448756904,-0.8485644317484605,-1.195281121729059
6,J304,62,3,0.06089279059671917,0.8726483002919806,0.515824057285232,0.35682424300674875,1.972077656929684,1.2154955442682525
6,OF-02,72,4,0.03962973440631618,0.8726483002919806,0.7305822422216817,0.14206605807029904,0.28556764406004836,0.3130741544166503
6,J305,71,5,0.004574607637450657,0.8726483002919806,0.9065803465210507,-0.033932046229069826,-1.0965569312374865,-1.174693922613681
6,120,20,6,0.023449144022272026,0.8726483002919806,0.8085342790347726,0.06411402125720814,-0.32659477781813684,-0.3736432549828053
7,J297,60,1,0.06081867822316519,0.9349460683835186,0.8405763311078905,0.09436973727562778,-0.1315915698228478,1.3993109627086722
7,OF-03,73,2,0.004151898278375114,0.9349460683835186,0.8917620869279611,0.04318398145555741,-0.5603260745979315,-0.9272162125917418
7,J304,62,3,0.060841419943453164,0.9349460683835186,0.5499133158268826,0.3850327525566358,2.3030166901585756,1.400244653140961
7,J305,71,4,0.004709419499362447,0.9349460683835186,0.9126298766499678,0.022316191733550757,-0.7351157470150965,-0.9043264653236344
7,OF-02,72,5,0.03962232966482335,0.9349460683835186,0.8085369601785046,0.12640910820501391,0.13677183731335046,0.5290677446156713
7,163,33,6,0.007534251667352371,0.9349460683835186,0.9310091766877117,0.003936891695806725,-0.8890617027511865,-0.7883493653208739
7,125,23,7,0.00947349332279115,0.9349460683835186,0.8396333883688196,0.09531268001469871,-0.12369343328486358,-0.7087313172290537
8,J297,60,1,0.060830419078128244,0.9668730497251702,0.9477161555913229,0.01915689413384732,-0.5172473980876134,1.4777954013746037
8,OF-03,73,2,0.004253233549346257,0.9668730497251702,0.9658639480204009,0.001009101704769335,-0.6544889003157173,-1.0814897433055193
8,J305,71,3,0.004814427945777471,0.9668730497251702,0.9501133329330673,0.016759716792102905,-0.5353758961280162,-1.0561039545173252
8,J304,62,4,0.06080007238519718,0.9668730497251702,0.5409542980649465,0.4259187516602237,2.558862745566375,1.4764226600534731
8,OF-02,72,5,0.03961297145085261,0.9668730497251702,0.8726377249095132,0.09423532481565708,0.050528360422295464,0.5180180986862126
8,163,33,6,0.007556806986600287,0.9668730497251702,0.9595011655682043,0.007371884156965915,-0.6063707710444733,-0.932051655438406
8,Stor-01,76,7,0.01800591840646685,0.9668730497251702,0.920945811548189,0.0459272381769811,-0.31479840898874967,-0.45938311630848444
8,94,11,8,0.02941682073970176,0.9668730497251702,0.8768213101542026,0.09005173957096761,0.01889026857589877,0.05679230945544497
9,J297,60,1,0.06081138899635237,0.9625190852461531,0.8575969935279474,0.1049220917182054,0.9226890424500955,1.3828628923535942
9,OF-03,73,2,0.004287092705254596,0.9625190852461531,0.9692089934868459,-0.006689908240692771,-1.327813669750777,-1.0525045461413978
9,J305,71,3,0.00487286767344552,0.9625190852461531,0.8084278091525754,0.1540912760935777,1.9141181256510924,-1.0272662437223672
9,OF-04,74,4,0.047306080115209106,0.9625190852461531,0.9211673723213868,0.04135171292476619,-0.3591203502940224,0.8009823267545215
9,OF-02,72,5,0.03960158619219878,0.9625190852461531,0.880208403210363,0.08231068203578992,0.46676101646990886,0.46903173450739616
9,J304,62,6,0.060773702761158586,0.9625190852461531,0.8928470239195326,0.06967206132662047,0.21192058537882222,1.3812391688206598
9,163,33,7,0.007554468051623834,0.9625190852461531,0.9496058715530302,0.012913213693122729,-0.932543635203394,-0.9117286311806989
9,84,10,8,0.03111506778980716,0.9625190852461531,0.8894890025189645,0.07303008272718854,0.2796304756450123,0.1033873666954587
9,127,24,9,0.0021169911435762255,0.9625190852461531,0.9616621329440387,0.0008569523021142849,-1.1756415903467383,-1.1460040680871666
10,J297,60,1,0.060796078932703314,0.9789295868222755,0.9337271508278118,0.04520243599446369,-0.2767839804055586,1.5014741427068763
10,OF-03,73,2,0.004304792420630965,0.9789295868222755,0.9787264143312363,0.0002031724910391919,-0.6667915799486458,-1.0500461592651904
10,OF-04,74,3,0.04736617637395377,0.9789295868222755,0.9445176720783848,0.034411914743890736,-0.3703051841566904,0.8948908774305014
10,J305,71,4,0.004903288667366424,0.9789295868222755,0.9455579446611364,0.03337164216113916,-0.37932120311527967,-1.023014108510367
10,J304,62,5,0.060771193944114815,0.9789295868222755,0.5683131066219237,0.4106164802003517,2.8902512802765283,1.5003501719581425
10,OF-02,72,6,0.03958910650509278,0.9789295868222755,0.8854013691869286,0.09352821763534683,0.14205447663651977,0.5436269412478218
10,152,31,7,0.007301916228630447,0.9789295868222755,0.9695886724926059,0.009340914329669488,-0.5875949779985399,-0.9146762161147495
10,Stor-01,76,8,0.01799082142705918,0.9789295868222755,0.922075154209668,0.05685443261260734,-0.1757963891179691,-0.43189452882183627
10,117,18,9,0.0031093878170641498,0.9789295868222755,0.9783409507025633,0.0005886361197121412,-0.6634507753926231,-1.1040385411596934
10,94,11,10,0.029397961999510145,0.9789295868222755,0.8916683918112354,0.08726119501104003,0.08773833322225905,0.08332742052849335
11,OF-04,74,1,0.04740849075648449,0.9856156820860416,0.9162864935112558,0.06932918857478583,-0.06995884181762278,0.9764954911103453
11,OF-03,73,2,0.00431827588627612,0.9856156820860416,0.9783123964365685,0.007303285649473088,-0.65988045795992,-1.0220593647922
11,J297,60,3,0.06077980343293742,0.9856156820860416,0.9130312020280796,0.072584480057962,-0.038998118600390215,1.596666496518633
11,J305,71,4,0.004910888154459343,0.9856156820860416,0.9391711189318556,0.046444563154186054,-0.2876120250237945,-0.9945735857165462
11,J304,62,5,0.06075938866433615,0.9856156820860416,0.5942028867279083,0.39141279535813334,2.9933433091460184,1.595719645010858
11,OF-02,72,6,0.03958126892474409,0.9856156820860416,0.8924594578229913,0.09315622426305033,0.15665750293799552,0.613463367757753
11,163,33,7,0.007562911641563155,0.9856156820860416,0.9793487741599484,0.0062669079260932355,-0.6697373337597984,-0.8715708475291492
11,123,21,8,0.012368964672093911,0.9856156820860416,0.9703498570263445,0.015265825059697173,-0.584149611717629,-0.6486626849492223
11,Stor-01,76,9,0.017985489744505583,0.9856156820860416,0.9483581990594856,0.03725748302655609,-0.3749893448355871,-0.388164251822879
11,117,18,10,0.003121993311371013,0.9856156820860416,0.9833668030577949,0.0022488790282466273,-0.7079523695647314,-1.0775438026468178
11,84,10,11,0.03110287754659873,0.9856156820860416,0.8833520265459307,0.10226365554011096,0.24327729119545807,0.2202295370592256
12,OF-04,74,1,0.0473999226485553,0.9864131066912332,0.9213164570544661,0.06509664963676702,-0.06060806730494197,1.0209573693251075
12,OF-03,73,2,0.0043240656051491905,0.9864131066912332,0.9817192639525533,0.004693842738679886,-0.6472566012368786,-1.0532803693956112
12,J297,60,3,0.06077132769253524,0.9864131066912332,0.920734681696153,0.06567842499508017,-0.05495770636049147,1.6648324971953588
12,J305,71,4,0.004922504020945066,0.9864131066912332,0.9481641321281088,0.038248974563124205,-0.3213600096444351,-1.024463681080084
12,J304,62,5,0.06074854256374478,0.9864131066912332,0.5904813320890311,0.39593177460220197,3.152552893271342,1.6637353217178943
12,99,13,6,0.026631639403786236,0.9864131066912332,0.9600140112863809,0.0263990954048523,-0.4364492677843739,0.02089933609009736
12,Stor-01,76,7,0.017988981725782068,0.9864131066912332,0.9278242076899048,0.05858889900132829,-0.12381311630069752,-0.39527176180579027
12,163,33,8,0.007564961356186696,0.9864131066912332,0.9811866366795094,0.0052264700117237006,-0.6420835799004609,-0.8972210652873333
12,OF-02,72,9,0.03957267046234479,0.9864131066912332,0.8918883984480646,0.09452470824316854,0.2252052636390424,0.6440506055487762
12,137,26,10,0.010189544192013714,0.9864131066912332,0.9834553561846132,0.0029577505066199724,-0.6641180024698868,-0.7708391627523401
12,84,10,11,0.031113303908131218,0.9864131066912332,0.8951501434865456,0.09126296320468748,0.19352630626685974,0.23670555064388185
12,117,18,12,0.0031439915374228064,0.9864131066912332,0.978978557444787,0.007434549246446151,-0.6206381121750777,-1.1101046401999557
13,OF-04,74,1,0.047392681832925346,0.9877237379378011,0.9238259918892217,0.06389774604857935,-0.03268949700747445,1.1016498848372045
13,OF-03,73,2,0.004323658363437389,0.9877237379378011,0.9829302390737144,0.0047934988640866765,-0.6090855188541335,-0.9777781526884797
13,J297,60,3,0.06076203779125707,0.9877237379378011,0.9228178312405654,0.0649059066972357,-0.02285771985186711,1.7471396448525731
13,J305,71,4,0.004924042019457158,0.9877237379378011,0.9500779170738891,0.03764582086391195,-0.2887033363348875,-0.9487908549271513
13,J304,62,5,0.06074027641898306,0.9877237379378011,0.5863899296821258,0.4013338082556752,3.2580520850086896,1.7460889777141906
13,125,23,6,0.009502144852379154,0.9877237379378011,0.9837896462521962,0.00393409168560476,-0.6174666234687849,-0.7277541417033644
13,Stor-01,76,7,0.017988346445434768,0.9877237379378011,0.9218641721471128,0.06585956579068833,-0.013557452377887516,-0.31802937659006875
13,99,13,8,0.026628202560514132,0.9877237379378011,0.9627680559167973,0.024955682021003664,-0.4124600187083538,0.09911402715140823
13,OF-02,72,9,0.03956882615517246,0.9877237379378011,0.8853934366087166,0.10233030132908438,0.34211219708968144,0.7239040353312443
13,163,33,10,0.00756758291534232,0.9877237379378011,0.9843501525224029,0.0033735854153980212,-0.6229327887573605,-0.821157288748347
13,84,10,11,0.031113130406552326,0.9877237379378011,0.8918295251911028,0.09589421274669818,0.27934621948471766,0.3156521317578086
13,117,18,12,0.0031461290398984193,0.9877237379378011,0.9827881829062572,0.004935555031543917,-0.6077001597014224,-1.0346307881356307
13,176,35,13,0.005822583784730978,0.9877237379378011,0.9873366190490996,0.00038711888870139583,-0.6520573865209166,-0.9054080988513862
14,OF-04,74,1,0.047387246484384526,0.9883369192104379,0.9228264274214488,0.06551049178898898,0.10637135104931558,1.0997735592743192
14,J297,60,2,0.06075956853373787,0.9883369192104379,0.9194805561079666,0.06885636310247115,0.14342689057615718,1.7622403794846357
14,OF-03,73,3,0.004323178891479957,0.9883369192104379,0.9861340922699257,0.0022028269405120764,-0.594761315856308,-1.0336267445998455
14,J305,71,4,0.00492656743878124,0.9883369192104379,0.9524569943836966,0.035879924826741134,-0.22178730850462797,-1.0037347863590302
14,J304,62,5,0.060734678672078095,0.9883369192104379,0.6183838189488267,0.3699531002616112,3.4780745801765494,1.7610073320416877
14,125,23,6,0.00950130077826237,0.9883369192104379,0.9831157651647153,0.005221154045722408,-0.5613333298780735,-0.7771018173405537
14,84,10,7,0.031115978614953372,0.9883369192104379,0.9399331997004163,0.048403719510021315,-0.08308622725193732,0.29369253262318495
14,OF-02,72,8,0.03956812895762889,0.9883369192104379,0.9388934710310946,0.04944344817934327,-0.07157122766184461,0.7124133158040351
14,99,13,9,0.026625385586111047,0.9883369192104379,0.9672284242561697,0.0211084949542681,-0.3853809593727279,0.0712278870891921
14,Stor-01,76,10,0.017986421812905704,0.9883369192104379,0.9282420034691573,0.06009491574128043,0.04639382247914815,-0.35674766118323464
14,163,33,11,0.007568877967207913,0.9883369192104379,0.9803299061751174,0.008007013035320273,-0.5304799293036762,-0.8728343303787837
14,117,18,12,0.003152687163447074,0.9883369192104379,0.9888852316589414,-0.0005483124485035211,-0.6252301967014056,-1.0916130786329776
14,31,4,13,0.0342187301797549,0.9883369192104379,0.9468567295682497,0.041480189642188144,-0.15976435101867423,0.44740330592422506
14,184,39,14,0.0047577123255064515,0.9883369192104379,0.9812682235834538,0.0070686956269840244,-0.5408717987318943,-1.0120998937468537
15,J297,60,1,0.06075865770665375,0.9902781800585759,0.8237322036293504,0.16654597642922536,1.1387300949960821,1.8241719936971847
15,OF-04,74,2,0.047383800541462726,0.9902781800585759,0.9264653836801995,0.06381279637837645,0.037072540973131986,1.1666560295052257
15,OF-03,73,3,0.004327749399355797,0.9902781800585759,0.9865364225226905,0.0037417575358853197,-0.6070982486985302,-0.9500051528421675
15,J305,71,4,0.004926258761426874,0.9902781800585759,0.9425357893409256,0.04774239071765018,-0.13525818784874855,-0.9205820752406911
15,J304,62,5,0.060730174898227254,0.9902781800585759,0.6172609572463588,0.37301722281221716,3.352821084428829,1.822771761828228
15,163,33,6,0.007576566324217179,0.9902781800585759,0.9868548984832618,0.0034232815753140544,-0.6105134203846826,-0.7902913729901584
15,OF-02,72,7,0.03956816921756658,0.9902781800585759,0.9504255410872346,0.03985263897134117,-0.21986380996990723,0.7824349270119001
15,84,10,8,0.031113869510405172,0.9902781800585759,0.9525364527472512,0.0377417273113246,-0.24250013617903798,0.3668165054567688
15,Stor-01,76,9,0.017987302804807058,0.9902781800585759,0.9595480041087869,0.030730175949788822,-0.3176883910255496,-0.2784933514906374
15,99,13,10,0.026623281475778603,0.9902781800585759,0.9696167540515764,0.02066142600699937,-0.42566046420143966,0.14605651640351805
15,137,26,11,0.010193070144255911,0.9902781800585759,0.9811340241385735,0.00914415592000246,-0.5491657191422737,-0.6616624829170626
15,117,18,12,0.0031546689944679054,0.9902781800585759,0.9809622190151696,0.009315961043406446,-0.547323369748201,-1.0076744859773255
15,179,36,13,0.004264963984158743,0.9902781800585759,0.9877094562725496,0.0025687237860263505,-0.61967725667839,-0.9530917213415996
15,31,4,14,0.034216486591100055,0.9902781800585759,0.9059884059848964,0.08428977407367956,0.25665707199246285,0.5193430136755502
15,118,19,15,0.0019590850861278927,0.9902781800585759,0.9775312833986413,0.012746896659934656,-0.510531788513746,-1.0664501047787354
16,J297,60,1,0.06075475795282725,0.9889843534258148,0.8781989682997714,0.11078538512604333,0.612176719705472,1.8942144920882458
16,OF-04,74,2,0.047380704998733245,0.9889843534258148,0.9229294284733883,0.06605492495242637,0.11584565043739939,1.231633406372798
16,OF-03,73,3,0.004327475854887267,0.9889843534258148,0.9887468348196579,0.00023751860615686668,-0.6144670613366469,-0.9013217574508281
16,J305,71,4,0.004930501815675323,0.9889843534258148,0.9618283625452432,0.027155990880571492,-0.31577855969445967,-0.8714464760245464
16,J304,62,5,0.06072621264809132,0.9889843534258148,0.6088039696637089,0.3801803837621059,3.6013949662768003,1.8928002925879948
16,163,33,6,0.0075764023250852585,0.9889843534258148,0.9815458351547277,0.007438518271086928,-0.5345644658877889,-0.7403625302500358
16,179,36,7,0.00427367013864919,0.9889843534258148,0.9868111633114487,0.0021731901143659236,-0.5929887687885231,-0.9039874153486315
16,84,10,8,0.03111520745945069,0.9889843534258148,0.9444743111905546,0.04451004223526027,-0.12321727524592456,0.4258035613533264
16,Stor-01,76,9,0.01798776523996956,0.9889843534258148,0.9283792177029525,0.06060513572286237,0.05537455970646747,-0.22455986612121673
16,OF-02,72,10,0.03956577679495171,0.9889843534258148,0.9459722711602527,0.043012082265561837,-0.1398387021347925,0.8444640395530885
16,125,23,11,0.009503230038336617,0.9889843534258148,0.98509865936185,0.0038856940639645466,-0.5739867528662409,-0.6449030907955294
16,99,13,12,0.026622296866413743,0.9889843534258148,0.9638874646228992,0.02509688880291551,-0.3386264430376742,0.20321452353696445
16,117,18,13,0.0031585397450422273,0.9889843534258148,0.9884993849250738,0.0004849685007410829,-0.6117213468885381,-0.9592335183397385
16,31,4,14,0.034215724557305045,0.9889843534258148,0.8938840659307621,0.09510028749505268,0.4381342160391344,0.5794102497691055
16,152,31,15,0.007307441588203383,0.9889843534258148,0.9754008450566299,0.013583508369184798,-0.4663793970511941,-0.7536874585772761
16,185,40,16,0.0008815970530288341,0.9889843534258148,0.9794543572706513,0.009529996155163319,-0.5113573392334909,-1.0720384523537214
17,J297,60,1,0.06075138421749083,0.9909223076400474,0.8327358442328119,0.15818646340723555,1.1161728360192864,1.9462212933695204
17,OF-04,74,2,0.04737818345361276,0.9909223076400474,0.9252435981599431,0.06567870948010442,0.1127033678246589,1.2657542126815748
17,OF-03,73,3,0.004327233148950526,0.9909223076400474,0.9907297061685115,0.00019260147153574072,-0.5976512477382385,-0.9248024828989235
17,J305,71,4,0.004930355422811984,0.9909223076400474,0.9423067828666577,0.04861552477338967,-0.0723879802675361,-0.8941138796065154
17,179,36,5,0.004282104330675016,0.9909223076400474,0.9895629618500971,0.0013593457899503105,-0.5849950945941377,-0.9270987675183677
17,163,33,6,0.007578340326197967,0.9909223076400474,0.9891022414245526,0.0018200662154947865,-0.579997471575729,-0.7593767595462396
17,J304,62,7,0.06072287862376318,0.9909223076400474,0.6073848696211078,0.3835374380189395,3.5606470887275914,1.9447708464279383
17,84,10,8,0.03111513954138439,0.9909223076400474,0.9455612710871745,0.045361036552873,-0.10769074598445123,0.43824356587029
17,120,20,9,0.023405126567560372,0.9909223076400474,0.9853116366563692,0.005610670983678267,-0.5388792302458039,0.045935836928156094
17,Stor-01,76,10,0.017986873140891063,0.9909223076400474,0.9199881727399664,0.07093413490008108,0.1697111182827945,-0.22976054696460715
17,OF-02,72,11,0.03956356204266437,0.9909223076400474,0.9464399628727759,0.04448234476727153,-0.11722227541169301,0.8681237043179563
17,125,23,12,0.009502804558424399,0.9909223076400474,0.9890539076108082,0.0018684000292391314,-0.5794731749160991,-0.6614544609796443
17,99,13,13,0.02662627823502893,0.9909223076400474,0.9832685130250289,0.0076537946150184045,-0.5167166320120199,0.2098373374227779
17,152,31,14,0.007307149473781956,0.9909223076400474,0.9829671962095552,0.007955111430492198,-0.5134481251923672,-0.7731757333978283
17,118,19,15,0.0019589382252792704,0.9909223076400474,0.988778185450897,0.002144122189150396,-0.576482303800651,-1.0453081689626187
17,185,40,16,0.0008898067436674324,0.9909223076400474,0.9880583175796444,0.0028639900604030995,-0.5686736023754131,-1.0997086667199722
17,31,4,17,0.03421380608671119,0.9909223076400474,0.8992760976971295,0.09164620994291794,0.3943834732598092,0.5959126695765056
18,J297,60,1,0.06074841358229064,0.9905478160754358,0.8257233574408251,0.16482445863461076,1.2489678784518892,2.00741087474562
18,OF-04,74,2,0.047375869021588024,0.9905478160754358,0.9245292451546622,0.06601857092077384,0.15279635418097248,1.3230159203297358
18,OF-03,73,3,0.004327118294584277,0.9905478160754358,0.9899224895078795,0.0006253265675562769,-0.5726888775017194,-0.880180910140986
18,J305,71,4,0.004930582772260948,0.9905478160754358,0.9391019344138236,0.05144588166161228,-0.008875863614450497,-0.8492961341122844
18,179,36,5,0.004281949715068674,0.9905478160754358,0.9887901424044038,0.0017576736710320892,-0.5601264009212168,-0.8824925979262304
18,163,33,6,0.007579022726741277,0.9905478160754358,0.9896429303324679,0.0009048857429680228,-0.5695873942346236,-0.7137513293302293
18,84,10,7,0.031115131936068106,0.9905478160754358,0.9455056025810463,0.04504221349438946,-0.07991939005003924,0.4908058375069974
18,120,20,8,0.023407406626078264,0.9905478160754358,0.9816665093524333,0.008881306723002653,-0.48109544556417383,0.09633130139795558
18,J304,62,9,0.0607198962139936,0.9905478160754358,0.6093845932334827,0.3811632228419531,3.649071742776958,2.0059513811625465
18,125,23,10,0.009505592596560378,0.9905478160754358,0.9896627700968752,0.0008850459785607538,-0.5698075003972692,-0.6151511943859355
18,117,18,11,0.0031616050743323975,0.9905478160754358,0.9879446456732095,0.0026031704022264875,-0.5507462975483928,-0.9398308416573469
18,OF-02,72,12,0.039565235329131775,0.9905478160754358,0.9453609697656179,0.04518684630981807,-0.07831480577458443,0.9232746245993366
18,Stor-01,76,13,0.017986019955134602,0.9905478160754358,0.9344635837858325,0.056084232289603256,0.042582890470259815,-0.18113045366957967
18,99,13,14,0.026626486257635536,0.9905478160754358,0.9817475097917382,0.008800306283697629,-0.48199408001880023,0.2610809380658318
18,148,29,15,0.009061060378992538,0.9905478160754358,0.982684441255254,0.007863374820181866,-0.49238857790008006,-0.6379019584905308
18,118,19,16,0.0019596899280635845,0.9905478160754358,0.9855783924790863,0.004969423596349527,-0.5244946294481573,-1.001343791418584
18,185,40,17,0.0008897643591322386,0.9905478160754358,0.9890896962130786,0.0014581198623572088,-0.5634497084958354,-1.0561016318320682
18,31,4,18,0.03421217918395039,0.9905478160754358,0.8986351789466757,0.09191263712876017,0.44007010558926457,0.6493099651557498
19,OF-04,74,1,0.04737731251210003,0.9926947404039153,0.9692642167680781,0.023430523635837402,-0.3417191702764943,1.1378242065862234
19,J297,60,2,0.06074590210904381,0.9926947404039153,0.8925459186612279,0.1001488217426874,0.9697550605607793,1.77270205137386
19,OF-03,73,3,0.004326956068629675,0.9926947404039153,0.993179865890711,-0.00048512548679562143,-0.7505493752218093,-0.9066485717851281
19,J306,63,4,0.06059614572855473,0.9926947404039153,0.8182860685618092,0.17440867184210615,2.2392029262522986,1.7655900813789218
19,J305,71,5,0.004931387456477372,0.9926947404039153,0.9579948083696324,0.034699932034282954,-0.1490723170999786,-0.8779439658088571
19,176,35,6,0.005838475741262244,0.9926947404039153,0.9895042932384609,0.0031904471654544794,-0.6877166620888544,-0.8348661039970181
19,J303,61,7,0.06082165911622396,0.9926947404039153,0.7888080713660598,0.20388666903785552,2.7431196534596096,1.7762997716193143
19,179,36,8,0.004281820283300839,0.9926947404039153,0.991749111694639,0.0009456287092763397,-0.7260910998805431,-0.90879208213112
19,125,23,9,0.0095055319842316,0.9926947404039153,0.9910691840174223,0.00162555638649299,-0.7144679584722087,-0.6607166361441288
19,84,10,10,0.03111384461272439,0.9926947404039153,0.952295921699656,0.04039881870425937,-0.05165171215216393,0.36546782793809696
19,120,20,11,0.023407139944454633,0.9926947404039153,0.9835006419698238,0.009194098434091417,-0.5850862059389438,-0.0005256087460897334
19,117,18,12,0.003161546824394721,0.9926947404039153,0.9926899468925641,4.793511351047404e-06,-0.7421743700780287,-0.9619941640714397
19,OF-02,72,13,0.0395636518394261,0.9926947404039153,0.9401861743493324,0.05250856605458293,0.1553604607427568,0.7667514010523311
19,Stor-01,76,14,0.017985303955523082,0.9926947404039153,0.9238768784096002,0.0688178619943151,0.4341625441553439,-0.258010029408673
19,99,13,15,0.026626062833898335,0.9926947404039153,0.9760240011101636,0.0166707392937517,-0.45727547417566966,0.15234188799079906
19,152,31,16,0.007307483211820599,0.9926947404039153,0.9858440667230378,0.006850673680877407,-0.6251462861490907,-0.765102551894391
19,118,19,17,0.0019598567811581675,0.9926947404039153,0.9927024664830519,-7.726079136750977e-06,-0.7423883883854019,-1.0190627410683128
19,31,4,18,0.03421076296187378,0.9926947404039153,0.90600304708504,0.08669169331887534,0.7397098486047347,0.5125412968880855
19,183,38,19,0.0011851015815718012,0.9926947404039153,0.9906891542526829,0.0020055861512324395,-0.7079714738563379,-1.055856069772476
20,OF-04,74,1,0.04737574463520715,0.9949389067311412,0.9707381409272424,0.024200765803898558,-0.35323281180642263,1.18924546726018
20,J305,71,2,0.00493537405419519,0.9949389067311412,0.9472610060059703,0.04767790072517072,0.011463133863311822,-0.8500945626373698
20,OF-03,73,3,0.004329457930778526,0.9949389067311412,0.9945665705892013,0.0003723361419396963,-0.7233858018767265,-0.8792099777086225
20,J297,60,4,0.060744898686686026,0.9949389067311412,0.8749372632798239,0.12000164345131702,1.1349467206099886,1.8316585906565634
20,J306,63,5,0.06059427109256456,0.9949389067311412,0.8349486251430992,0.15999028158804177,1.756133856528505,1.824420650033196
20,176,35,6,0.005840286512989872,0.9949389067311412,0.9926211777920735,0.0023177289390674525,-0.6931658935179449,-0.8066118084693685
20,117,18,7,0.003164090448428667,0.9949389067311412,0.994086110615962,0.0008527961151789181,-0.7159222930250494,-0.9352080880870528
20,J303,61,8,0.060820018518815494,0.9949389067311412,0.7543149227103877,0.2406239840207533,3.0087051119292143,1.835268240586655
20,179,36,9,0.004282318498716875,0.9949389067311412,0.9935193957642776,0.0014195109668634141,-0.7071188930593707,-0.8814751165251288
20,163,33,10,0.007581362196963038,0.9949389067311412,0.9933202969471818,0.0016186097839591721,-0.7040260739557639,-0.7229498307627858
20,120,20,11,0.023406576230663115,0.9949389067311412,0.9852730594935167,0.00966584723762427,-0.579019556634345,0.037481617379661415
20,84,10,12,0.03111274272061832,0.9949389067311412,0.9545827052186804,0.04035620151246053,-0.10227280654180483,0.40777748390661245
20,Stor-01,76,13,0.017986139181313705,0.9949389067311412,0.8796956746284464,0.11524323210269449,1.0610291266407559,-0.2229806288954378
20,125,23,14,0.009505250295512035,0.9949389067311412,0.9927787783085147,0.002160128422626232,-0.695614074250999,-0.6305033709722149
20,OF-02,72,15,0.03956336303956987,0.9949389067311412,0.9403991117254835,0.054539795005657477,0.1180564226994377,0.8138457641306768
20,99,13,16,0.026625646486956676,0.9949389067311412,0.9767676993325893,0.018171207398551565,-0.4468965195792347,0.1921640280853101
20,152,31,17,0.007307488752166829,0.9949389067311412,0.986419817287675,0.008519089443465888,-0.59683339633826,-0.7361099674781973
20,118,19,18,0.001959794503853415,0.9949389067311412,0.9940527660794294,0.0008861406517116604,-0.7154043159667539,-0.9930767846604612
20,31,4,19,0.03420962870780659,0.9949389067311412,0.9066641827370457,0.08827472399409535,0.6420978728506738,0.5565887095212979
20,183,38,20,0.0011865963944891575,0.9949389067311412,0.9930314956621022,0.0019074110690388017,-0.6995398085692105,-1.0302304153635142
21,J305,71,1,0.004936094724229871,0.9950133825363825,0.9464678755043175,0.04854550703206508,0.04720739201158278,-0.8107914904158793
21,OF-04,74,2,0.04737441911991237,0.9950133825363825,0.9663511091258965,0.02866227341048607,-0.25372550450120207,1.2375937878431758
21,OF-03,73,3,0.004329341615540167,0.9950133825363825,0.9940721761567889,0.000941206379593793,-0.6732840710201721,-0.8400778525207965
21,J297,60,4,0.060742782233729316,0.9950133825363825,0.8798851183991954,0.11512826413718724,1.0549379420216067,1.8828491928739621
21,J306,63,5,0.06059421298231802,0.9950133825363825,0.8315007399400307,0.16351264259635184,1.78723588876428,1.8756781494426662
21,163,33,6,0.0075861571961621,0.9950133825363825,0.9942467342154646,0.0007666483209179963,-0.675926008604708,-0.6828800087239905
21,117,18,7,0.0031645753633810043,0.9950133825363825,0.9942484249219673,0.000764957614415224,-0.6759515974608626,-0.8962980279756628
21,176,35,8,0.005840096096108783,0.9950133825363825,0.9937577946258307,0.0012555879105520971,-0.6685259040880727,-0.7671577436068006
21,J303,61,9,0.06081860891068168,0.9950133825363825,0.7347427341827321,0.26027064835365066,3.2516690633432694,1.8865091453103575
21,125,23,10,0.009506836979877259,0.9950133825363825,0.9921936413630303,0.002819741173352216,-0.644852432211068,-0.5901738934558727
21,179,36,11,0.004282509124690658,0.9950133825363825,0.994593897816431,0.00041948471995153526,-0.6811803324230059,-0.8423383325507314
21,120,20,12,0.023406676549028727,0.9950133825363825,0.9838163402734272,0.011197042262955424,-0.5180619146406267,0.08073446942259194
21,84,10,13,0.031112124655058016,0.9950133825363825,0.9534253161895421,0.04158806634684046,-0.05809352722361902,0.4526559976058603
21,Stor-01,76,14,0.017985528459448653,0.9950133825363825,0.886849973956882,0.1081634085795005,0.9495247986336457,-0.18092995998376227
21,OF-02,72,15,0.03956204962704852,0.9950133825363825,0.9419961323784947,0.053017250157888024,0.11488725922667038,0.8605114481094579
21,99,13,16,0.02662587725039492,0.9950133825363825,0.9777143541240823,0.01729902841230048,-0.42570830650264246,0.2361167428355968
21,148,29,17,0.00906222119702639,0.9950133825363825,0.9856298350299807,0.009383547506401819,-0.5455091719774887,-0.6116343171894261
21,118,19,18,0.001959835451884697,0.9950133825363825,0.9941842306915323,0.0008291518448504171,-0.6749800172806998,-0.9544476258681568
21,183,38,19,0.0011870287114129272,0.9950133825363825,0.9927186302761939,0.00229475226018869,-0.652798143521523,-0.9917489560376106
21,31,4,20,0.03420848755727609,0.9950133825363825,0.9094087049545622,0.08560467758182046,0.6080982283892085,0.6021092164915769
21,127,24,21,0.0021290530487569127,0.9950133825363825,0.9935224288305872,0.0014909537057953553,-0.6649636409345723,-0.9462799416065536
22,OF-03,73,1,0.004330944295276339,0.9949066973224248,0.99431165333744,0.0005950439849847585,-0.711998352347636,-0.7921051516492467
22,J305,71,2,0.0049364412038599035,0.9949066973224248,0.9495072525146848,0.04539944480773981,0.04676711488237151,-0.7629164479937727
22,OF-04,74,3,0.04737311373530375,0.9949066973224248,0.9733294262931473,0.021577271029277315,-0.35666296085852434,1.2827941759338097
22,J297,60,4,0.06074123701866787,0.9949066973224248,0.8671912198588216,0.12771547746360326,1.4407945280762473,1.9272205692258007
22,J306,63,5,0.06059253614508855,0.9949066973224248,0.830430318470879,0.16447637885154576,2.0633428047011697,1.9200522655223675
22,163,33,6,0.007587497893049865,0.9949066973224248,0.9907753768086585,0.004131320513766304,-0.652111277342881,-0.6351190852365549
22,176,35,7,0.005842825895205954,0.9949066973224248,0.9928011428649409,0.0021055544574838667,-0.6864177584020628,-0.7192230884100765
22,179,36,8,0.004286241502743677,0.9949066973224248,0.9889984874445885,0.005908209877836229,-0.6220195393933399,-0.7942601033018659
22,117,18,9,0.003167093544721411,0.9949066973224248,0.9860498876497368,0.008856809672688008,-0.5720848084309575,-0.8482099709729615
22,J303,61,10,0.060816923578672674,0.9949066973224248,0.7843977132366093,0.21050898408581545,2.8429079942138946,1.9308691304973198
22,99,13,11,0.026626065872832977,0.9949066973224248,0.9762319000639711,0.018674797258453647,-0.4058165445779917,0.282657885890278
22,125,23,12,0.009506626134689633,0.9949066973224248,0.9901302451488543,0.004776452173570502,-0.6411859303616175,-0.54260520989223
22,120,20,13,0.02340611006703103,0.9949066973224248,0.9923404244914877,0.0025662728309371287,-0.6786154625231907,0.1274360598711534
22,Stor-01,76,14,0.017985195123162063,0.9949066973224248,0.8731554253235752,0.1217512719988495,1.3397903172617307,-0.13388563739112802
22,84,10,15,0.03111126769417154,0.9949066973224248,0.9441536549558034,0.050753042366621266,0.13743064075331815,0.49887241141824035
22,148,29,16,0.009062816802299367,0.9949066973224248,0.9878817397840026,0.007024957538422113,-0.6031073444994821,-0.5639995702911574
22,OF-02,72,17,0.03956096276671157,0.9949066973224248,0.9659271849159701,0.028979512406454563,-0.23130551752785328,0.9062000822207927
22,127,24,18,0.0021295703396371156,0.9949066973224248,0.9934219437900924,0.0014847535323324024,-0.6969310627958163,-0.8982250196702803
22,185,40,19,0.0008937918310231004,0.9949066973224248,0.9868111511622157,0.008095546160208944,-0.584976855955851,-0.957797202715968
22,25,3,20,0.03447843598196354,0.9949066973224248,0.9088268169846103,0.08607988033781433,0.7356929593369333,0.6611907914416558
22,118,19,21,0.0019598458086654983,0.9949066973224248,0.9931094053679329,0.0017972919544918201,-0.6916382041131336,-0.9064067939574255
22,136,25,22,0.0003805199069609692,0.9949066973224248,0.9801313945841574,0.014775302738267248,-0.4718547400953254,-0.9825400905387499
23,J305,71,1,0.004936350847464266,0.9956198175055913,0.9511320937499295,0.04448772375566163,0.05012416374464714,-0.8014052797950875
23,OF-03,73,2,0.004330847256500269,0.9956198175055913,0.9950106275890266,0.0006091899165645594,-0.6405506401090136,-0.8310471673363741
23,OF-04,74,3,0.0473719596191073,0.9956198175055913,0.9652421771803422,0.030377640325248898,-0.17197712937047496,1.2759920498433168
23,J297,60,4,0.06073976794382088,0.9956198175055913,0.8696696477744308,0.1259501697311604,1.3323925982800353,1.9304011680514923
23,J306,63,5,0.06059106008403718,0.9956198175055913,0.8317936877685671,0.16382612973702407,1.928583240012683,1.9231213075816376
23,176,35,6,0.0058454861516104165,0.9956198175055913,0.9945518850563048,0.0010679324492863683,-0.6333297536963357,-0.7568993728979709
23,163,33,7,0.007588550155278078,0.9956198175055913,0.994493868048826,0.0011259494567650824,-0.6324165307202106,-0.6715692312687143
23,117,18,8,0.003167833807521237,0.9956198175055913,0.9944904752135549,0.0011293422920361819,-0.6323631254299618,-0.8879814520839768
23,179,36,9,0.004286161253605814,0.9956198175055913,0.9949202226446148,0.0006995948609764785,-0.6391276113114227,-0.8332347307005454
23,J303,61,10,0.06081571784286071,0.9956198175055913,0.7390398323516102,0.2565799851539808,3.388585325125554,1.9341192275307542
23,120,20,11,0.02340650494209602,0.9956198175055913,0.9852264356606111,0.01039338184498018,-0.486541509680783,0.10278461885055017
23,99,13,12,0.026625417857593797,0.9956198175055913,0.9706972461272939,0.024922571378297283,-0.2578432316600389,0.260363625928731
23,125,23,13,0.009506806792274622,0.9956198175055913,0.9941541580686397,0.0014656594369513215,-0.6270692890645836,-0.5776626907333356
23,OF-02,72,14,0.03956076159712216,0.9956198175055913,0.9679025095245138,0.027717307981077185,-0.21385237813640223,0.8936018265883569
23,Stor-01,76,15,0.017984764031666742,0.9956198175055913,0.8796280487116193,0.11599176879397187,1.1756413121224223,-0.16263186544985844
23,84,10,16,0.031110680774802023,0.9956198175055913,0.9719146438296068,0.023705173675984296,-0.2770058117576382,0.47993566640717295
23,148,29,17,0.009063490946584232,0.9956198175055913,0.989155685874864,0.006464131630727253,-0.5483902973128572,-0.5993648220490295
23,136,25,18,0.000382344985534306,0.9956198175055913,0.9937678794866343,0.0018519380189568116,-0.6209890292993453,-1.024342569740431
23,20,2,19,0.034395186099484706,0.9956198175055913,0.9522130144995135,0.04340680300607762,0.03310981387056183,0.6407256912986845
23,127,24,20,0.002129593175976774,0.9956198175055913,0.9910495133871318,0.004570304118459444,-0.5782002939359155,-0.9388075949843665
23,118,19,21,0.0019598056564867176,0.9956198175055913,0.9950027358826831,0.0006170816229080778,-0.6404264198524556,-0.9471193913696293
23,50,7,22,0.03307197169937888,0.9956198175055913,0.9398993745393633,0.0557204429662278,0.22693399440011655,0.5759489120586091
23,183,38,23,0.0011874795590883255,0.9956198175055913,0.988323259259838,0.0072965582457531685,-0.5352873962185798,-0.9849279257299896
24,J305,71,1,0.004936275173424263,0.9961030699931579,0.9518099510391744,0.044293118953983524,0.0543957082649416,-0.7613548210697751
24,OF-03,73,2,0.004330754684424107,0.9961030699931579,0.9955011261840944,0.0006019438090637097,-0.6137131233956538,-0.790992657176997
24,OF-04,74,3,0.04737100801317066,0.9961030699931579,0.9654004109055881,0.030702659087569792,-0.15342443465780273,1.315657732600921
24,J297,60,4,0.06073889857610348,0.9961030699931579,0.8601639060036143,0.13593916398954364,1.4558121698714186,1.9699631719720674
24,117,18,5,0.0031718359989925432,0.9961030699931579,0.9950506723346941,0.0010523976584637387,-0.606824954468143,-0.8477171490552704
24,J306,63,6,0.06058983163714995,0.9961030699931579,0.8308604708656449,0.16524259912751307,1.9039091539587696,1.9626669341304628
24,176,35,7,0.005845709998435503,0.9961030699931579,0.9932851495951567,0.002817920398001214,-0.5798272522806853,-0.716841578688185
24,163,33,8,0.007588381692397661,0.9961030699931579,0.9951973892317059,0.0009056807614521409,-0.6090684934510646,-0.6315446828892856
24,179,36,9,0.004286100446097413,0.9961030699931579,0.9948582425310055,0.0012448274621523314,-0.6038823911039709,-0.7931783057571212
24,J303,61,10,0.06081542502536805,0.9961030699931579,0.7280588639603737,0.2680442060327842,3.4759122244758274,1.973708839381136
24,120,20,11,0.023406174278216375,0.9961030699931579,0.9886388987121334,0.0074641712810246995,-0.508778551055267,0.14267378329444247
24,99,13,12,0.026625157216749816,0.9961030699931579,0.9710013284216427,0.025101741571515117,-0.23907153491241231,0.30023028302862814
24,125,23,13,0.009506599951798603,0.9961030699931579,0.9950578185644514,0.001045251428706346,-0.6069342318954073,-0.5376554761278765
24,185,40,14,0.0008955916489115518,0.9961030699931579,0.994513305811534,0.0015897641816239854,-0.5986077499921527,-0.9591303187385715
24,OF-02,72,15,0.0395601212502359,0.9961030699931579,0.9728516160646606,0.023251453928497316,-0.2673654297621689,0.9333456788598817
24,148,29,16,0.009063513007049521,0.9961030699931579,0.9893216405818516,0.006781429411306349,-0.5192187800349248,-0.5593428318627862
24,Stor-01,76,17,0.017984357854703797,0.9961030699931579,0.8753249782089657,0.12077809178419209,1.2239748204698169,-0.12270271425206317
24,84,10,18,0.03110997926113573,0.9961030699931579,0.9613282610019956,0.034774808991162406,-0.09115466724111172,0.5197446068808975
24,136,25,19,0.0003823988283998463,0.9961030699931579,0.9950538905688582,0.0010491794242996934,-0.6068741664808714,-0.9842490801711425
24,20,2,20,0.03439468420823952,0.9961030699931579,0.9535874759230064,0.04251559407015163,0.027214473852146297,0.6805179393301275
24,118,19,21,0.001960842693934212,0.9961030699931579,0.9953634950372192,0.0007395749559387172,-0.6116085202479067,-0.9069904878675138
24,127,24,22,0.0021295450439816704,0.9961030699931579,0.9945758323118056,0.001527237681352436,-0.5995638814513248,-0.8987331742134941
24,183,38,23,0.0011878639271935634,0.9961030699931579,0.9906839696965968,0.005419100296561146,-0.5400509986733714,-0.944824745203463
24,34,5,24,0.03390907023624556,0.9961030699931579,0.941323494680153,0.05477957531300501,0.21475061021132008,0.6567490535949824
25,J305,71,1,0.0049361899685992265,0.9960440800902216,0.9518402706873033,0.04420380940291842,0.08051720575271513,-0.7359148858089288
25,OF-03,73,2,0.004330676616694138,0.9960440800902216,0.995630180854955,0.00041389923526651077,-0.6042459437066074,-0.7657951850664267
25,OF-04,74,3,0.047370218037185614,0.9960440800902216,0.9650980729077222,0.03094600718249927,-0.12680120089862737,1.3580793314964092
25,117,18,4,0.003172386861736123,0.9960440800902216,0.9951532399281604,0.0008908401620611533,-0.5967877970721984,-0.8229533705897485
25,J297,60,5,0.060737858651496696,0.9960440800902216,0.8694394574768552,0.12660462261336636,1.369056966532528,2.0177329967138644
25,J306,63,6,0.06058880077103897,0.9960440800902216,0.8236213263768508,0.17242275371337054,2.085536348067221,2.0103774296388326
25,176,35,7,0.005845624476738589,0.9960440800902216,0.9908353791333616,0.005208700956859954,-0.5292674037794641,-0.691036973252908
25,163,33,8,0.007588785451317534,0.9960440800902216,0.9950317195179958,0.0010123605722257443,-0.5948875260173068,-0.605017116860749
25,179,36,9,0.004286711629169002,0.9960440800902216,0.991755237177662,0.004288842912559483,-0.5436516509509961,-0.7679647276206414
25,J303,61,10,0.060814481598275225,0.9960440800902216,0.7309997833207647,0.26504429676945707,3.5339024051805312,2.0215141133028385
25,99,13,11,0.026625104098527808,0.9960440800902216,0.9721581088493926,0.02388597124082891,-0.23720225968603434,0.33436910170919165
25,120,20,12,0.023405984730501227,0.9960440800902216,0.9896409921645327,0.006403087925688919,-0.5105902203982416,0.1755150487645113
25,125,23,13,0.009506916950904314,0.9960440800902216,0.994931062593205,0.0011130174970165902,-0.5933135069665533,-0.5103629807586106
25,185,40,14,0.0008961275955732822,0.9960440800902216,0.9904199136242553,0.005624166465966304,-0.5227705767839718,-0.9352800564449918
25,OF-02,72,15,0.039560234666719506,0.9960440800902216,0.9730989543819454,0.02294512570827621,-0.2519146979522686,0.9726796709085972
25,148,29,16,0.009063501176068755,0.9960440800902216,0.9892740949216674,0.006769985168554133,-0.5048528779239033,-0.5322442423458178
25,Stor-01,76,17,0.017984091355964228,0.9960440800902216,0.8763987279345227,0.11964535215569878,1.2602316243866571,-0.09203940905825322
25,84,10,18,0.03110943970304306,0.9960440800902216,0.9600068082186298,0.03603727187159183,-0.047186731951636106,0.5556578468911004
25,136,25,19,0.0003824148665677457,0.9960440800902216,0.9950029957473885,0.001041084342833092,-0.5944383590847844,-0.9606302655308475
25,20,2,20,0.03439420626071554,0.9960440800902216,0.9488196027147021,0.04722447737551941,0.12775279281991908,0.717751395159644
25,118,19,21,0.001961200860120472,0.9960440800902216,0.9956843237270038,0.0003597563632178439,-0.6050926009261102,-0.8827218299819383
25,124,22,22,0.001806540464718574,0.9960440800902216,0.9946114957138815,0.0014325843763399386,-0.588316291354314,-0.8903538646568995
25,183,38,23,0.0011883930784111717,0.9960440800902216,0.9939920533271859,0.0020520267630355325,-0.5786297832523719,-0.9208576162752461
25,34,5,24,0.033908479874624725,0.9960440800902216,0.9477916925261836,0.04825238756403814,0.14382670152072696,0.6937822296111169
25,184,39,25,0.004766539428488287,0.9960440800902216,0.9934961182041072,0.002547961886114375,-0.5708746155549093,-0.7442866399440972
26,J305,71,1,0.00493611512866029,0.9958144478348716,0.9513953121804934,0.04441913565437812,0.1441055739118617,-0.7740015990259199
26,OF-03,73,2,0.00433061143750754,0.9958144478348716,0.9951705719321603,0.0006438759027111793,-0.5388081039524508,-0.8039565440562854
26,OF-04,74,3,0.047369594705108854,0.9958144478348716,0.9650364711188246,0.030777976716046908,-0.06870262125944554,1.3252301096029067
26,117,18,4,0.003172347128560361,0.9958144478348716,0.994462936941934,0.0013515108929376411,-0.5277686808513091,-0.861257175269769
26,J297,60,5,0.06073695096373973,0.9958144478348716,0.9016749784579761,0.09413946937689555,0.9197650710732099,1.986528178928111
26,J306,63,6,0.06058795151324369,0.9958144478348716,0.8174641649537673,0.17835028288110427,2.2334915159269153,1.9791570094135762
26,176,35,7,0.00584563308644622,0.9958144478348716,0.9950022406968189,0.0008122071380528463,-0.53618206121327,-0.7290067280983127
26,163,33,8,0.0075890417488268126,0.9958144478348716,0.9946008829279696,0.001213564906902107,-0.5299207000787121,-0.6427583510691807
26,179,36,9,0.004287359854676382,0.9958144478348716,0.9944124825749155,0.0014019652599561035,-0.5269815701056424,-0.806096248248207
26,99,13,10,0.026626051610531835,0.9958144478348716,0.9742512134175407,0.02156323441733075,-0.21245673235980223,0.29902382512904874
26,J303,61,11,0.060813558038362504,0.9958144478348716,0.7174618493158219,0.2783525985190497,3.793572473862444,1.9903180166166206
26,OF-02,72,12,0.03956089215828826,0.9958144478348716,0.9870391554058109,0.008775292429060702,-0.4119543605878659,0.9389248583447818
26,120,20,13,0.023405982114899943,0.9958144478348716,0.9870046318826474,0.00880981595222415,-0.41141577814860375,0.13972338461154155
26,184,39,14,0.004767761546188953,0.9958144478348716,0.9949399474048136,0.0008745004300579791,-0.5352102579300724,-0.7823302391024042
26,125,23,15,0.009507247297366978,0.9958144478348716,0.9943407488214787,0.0014736990133927884,-0.5258624913916755,-0.5478625765214296
26,148,29,16,0.009063392807652068,0.9958144478348716,0.9896773570165752,0.0061370908182963825,-0.45311148849927724,-0.5698205547058052
26,Stor-01,76,17,0.017984062575814152,0.9958144478348716,0.8773890049650737,0.11842544286979804,1.2986371456797277,-0.1285050409545826
26,84,10,18,0.031108968253550424,0.9958144478348716,0.9658180088089708,0.02999643902590072,-0.08089495961209209,0.5207987268834557
26,118,19,19,0.0019618921809480792,0.9958144478348716,0.9953261533034141,0.0004882945314575526,-0.5412352430957187,-0.9211397357681701
26,136,25,20,0.0003826978318582793,0.9958144478348716,0.9944125236261829,0.001401924208688583,-0.5269822105238201,-0.9992642469981357
26,25,3,21,0.03447808860735466,0.9958144478348716,0.963169160397587,0.03264528743728442,-0.03957173683774405,0.6874728801107586
26,124,22,22,0.0018065163059293747,0.9958144478348716,0.994054924887606,0.0017595229472656213,-0.5214035098799711,-0.9288263541376957
26,185,40,23,0.0008961160443430085,0.9958144478348716,0.992934173351037,0.0028802744838347908,-0.5039192834435674,-0.9738648736214195
26,183,38,24,0.0011886074510157078,0.9958144478348716,0.993915958828728,0.0018984890061435225,-0.5192355770588986,-0.9593949964980367
26,50,7,25,0.03307049897906316,0.9958144478348716,0.9626557207945552,0.033158727040316416,-0.03156184884034795,0.6178378464076405
26,16,1,26,0.039644689933310606,0.9958144478348716,0.982836596965217,0.012977850869654656,-0.3463925647838686,0.943070428026913
27,J305,71,1,0.004936046370016745,0.9959905246162677,0.9516053973372846,0.044385127278983215,0.14731917745492687,-0.7434001680103318
27,OF-03,73,2,0.004330560126909039,0.9959905246162677,0.9953239195190511,0.0006666050972166934,-0.5537572738866846,-0.7734724635195407
27,OF-04,74,3,0.04736897329862025,0.9959905246162677,0.9614007248039305,0.03458979981233716,-0.009760089577327366,1.3640887013786296
27,117,18,4,0.0031723371977310628,0.9959905246162677,0.995528094938027,0.000462429678240789,-0.5570314599991903,-0.8309971762413553
27,J297,60,5,0.06073615045532019,0.9959905246162677,0.872258386901458,0.12373213771480986,1.4197391432907298,2.0279876853043803
27,J306,63,6,0.060587177272433,0.9959905246162677,0.8294313164650028,0.166559208151265,2.1065201474178457,2.0205887301179883
27,176,35,7,0.0058460566901085585,0.9959905246162677,0.9934572069065398,0.00253331770972795,-0.5238224044367782,-0.6982032711794938
27,163,33,8,0.007589061953059981,0.9959905246162677,0.9947429206214449,0.0012476039948228677,-0.5444402927757127,-0.6116345506870987
27,179,36,9,0.004287557466307716,0.9959905246162677,0.9945866900007162,0.001403834615551443,-0.5419349562797556,-0.775608248984538
27,OF-02,72,10,0.03956219722474277,0.9959905246162677,0.9713215417928072,0.024668982823460552,-0.16885172446959684,0.9763545790261533
27,99,13,11,0.026625683075193946,0.9959905246162677,0.9754657251204496,0.0205247994958182,-0.23530843883365896,0.3338450574760634
27,J303,61,12,0.06081274374246401,0.9959905246162677,0.7250791225371228,0.2709114020791449,3.7799267988252376,2.0317917947969244
27,184,39,13,0.004767770718461168,0.9959905246162677,0.9948552942030137,0.0011352304132539947,-0.546242331542332,-0.7517578064838517
27,125,23,14,0.009507116720126059,0.9959905246162677,0.9944139209478984,0.0015766036683692085,-0.5391644071301861,-0.5163717591461893
27,120,20,15,0.023405666089949647,0.9959905246162677,0.9862303439362149,0.009760180680052764,-0.4079314000587639,0.1739185464657824
27,148,29,16,0.009064827386664576,0.9959905246162677,0.9899709136470312,0.006019610969236761,-0.4679157089508088,-0.5383386587873076
27,Stor-01,76,17,0.017984285673441045,0.9959905246162677,0.8758160165273128,0.1201745080889549,1.3626884876690168,-0.09534166515571157
27,84,10,18,0.031108576643166845,0.9959905246162677,0.9639473708938542,0.032043153722413655,-0.050598469157577396,0.5564940468576965
27,118,19,19,0.001962157574216869,0.9959905246162677,0.9940687528498398,0.0019217717664279353,-0.5336292423252725,-0.8911023886583255
27,16,1,20,0.03964473000131333,0.9959905246162677,0.9912706678406658,0.004719856775601878,-0.48875875240734085,0.9804536813170434
27,136,25,21,0.0003827482924846758,0.9959905246162677,0.9937019458337945,0.0022885787824733312,-0.5277470727481051,-0.9695458928516799
27,25,3,22,0.034478076155559575,0.9959905246162677,0.9589907164169348,0.0369998081993329,0.02888714832869608,0.7238448103279485
27,127,24,23,0.0021309246475808095,0.9959905246162677,0.9880761128165444,0.007914411799723256,-0.43753041283504396,-0.8827203430541581
27,183,38,24,0.0011886023375076585,0.9959905246162677,0.9929550838884479,0.0030354407278198846,-0.5157702881690501,-0.9295220586934666
27,185,40,25,0.0008961036566382357,0.9959905246162677,0.9938825002260754,0.00210802439019255,-0.530642468710669,-0.9440494024065332
27,116,17,26,0.0019598860757702842,0.9959905246162677,0.993611361735077,0.002379162881190838,-0.5262944532333645,-0.8912152057095994
27,50,7,27,0.03307005291849089,0.9959905246162677,0.9693944905071513,0.02659603410911626,-0.13794925545923645,0.6539134265005702
28,J305,71,1,0.004935994521233618,0.9957990026560481,0.9516037037427898,0.04419529891325835,0.15757794009382003,-0.8060336395406235
28,OF-03,73,2,0.0043305095925560595,0.9957990026560481,0.9945668979635572,0.0012321046924910868,-0.5290239873116434,-0.83695483233252
28,OF-04,74,3,0.047368457450518146,0.9957990026560481,0.9610247857872161,0.034774216868832135,0.007018066526008651,1.3609275922394821
28,J297,60,4,0.06073559307087332,0.9957990026560481,0.8554907337917373,0.14030826886431094,1.693575242295285,2.0435668422290414
28,117,18,5,0.003172299577012634,0.9957990026560481,0.9929951859853143,0.002803816670733838,-0.5039061976975253,-0.8961028531797832
28,J306,63,6,0.0605867423792447,0.9957990026560481,0.8361705389322119,0.15962846372383632,2.0023344784041117,2.0359652641961934
28,176,35,7,0.005846130925342734,0.9957990026560481,0.9944181864426019,0.0013808162134462392,-0.5266474038483531,-0.759554360064836
28,163,33,8,0.0075890228066270455,0.9957990026560481,0.9944961580020941,0.0013028446539540643,-0.52789348026332,-0.6705475271543458
28,179,36,9,0.004287644590884155,0.9957990026560481,0.9914730104146969,0.004325992241351308,-0.47958005762365064,-0.8391438826588706
28,OF-02,72,10,0.039561762168286045,0.9957990026560481,0.9716023035811855,0.024196699074862743,-0.16202299841870277,0.9622515584417227
28,123,21,11,0.012371062846658875,0.9957990026560481,0.9928660736768675,0.0029329289791806845,-0.5018428324976324,-0.42633602821687683
28,99,13,12,0.02662537682732085,0.9957990026560481,0.9830286079467156,0.012770394709332491,-0.3446286622383242,0.30161006893031694
28,J303,61,13,0.06081209793207644,0.9957990026560481,0.720710847621457,0.2750881550345911,3.8475149411101346,2.0474738289280268
28,184,39,14,0.004767966272807752,0.9957990026560481,0.9889431481899005,0.00685585446614763,-0.4391499101190267,-0.8146145861802182
28,148,29,15,0.009064763005668853,0.9957990026560481,0.9900665739981531,0.005732428657894927,-0.4571035641532162,-0.5951837236241939
28,120,20,16,0.023405473414411782,0.9957990026560481,0.9918074109563426,0.003991591699705569,-0.48492416810201944,0.1371745074716635
28,124,22,17,0.0018085868275432306,0.9957990026560481,0.9906366010269183,0.005162401629129802,-0.46621326057411594,-0.9657455855450778
28,Stor-01,76,18,0.017984130727750087,0.9957990026560481,0.8722474142092846,0.1235515884467634,1.4257839553512561,-0.1396852035889167
28,125,23,19,0.009507154704408051,0.9957990026560481,0.9940474187018223,0.0017515839542259235,-0.5207221031332575,-0.5725914535967197
28,94,11,20,0.029382600787072184,0.9957990026560481,0.9818415200551416,0.013957482600906594,-0.3256576138994535,0.4424172956537249
28,118,19,21,0.0019622093973423447,0.9957990026560481,0.9933440977874534,0.002454904868594896,-0.5094822150348793,-0.9579003149644872
28,16,1,22,0.0396442571161557,0.9957990026560481,0.9921682912867688,0.0036307113692794395,-0.4906914564735514,0.9664644497402829
28,25,3,23,0.03447766838065299,0.9957990026560481,0.9580257840577885,0.03777321859825976,0.05494561020761882,0.702614634822765
28,78,9,24,0.03179197664167104,0.9957990026560481,0.9880559537839405,0.0077430488721078146,-0.4249715092770064,0.5654604496276963
28,185,40,25,0.0008962088568634926,0.9957990026560481,0.9942278575665836,0.0015711450894645947,-0.5236057265362889,-1.0123393384103805
28,183,38,26,0.0011886353347457252,0.9957990026560481,0.9920231237322802,0.003775878923768077,-0.48837150972572657,-0.997405563725351
28,34,5,27,0.033907434087425366,0.9957990026560481,0.9771935613549478,0.018605441301100274,-0.25137781557590655,0.6734936382754965
28,127,24,28,0.0021309843011291453,0.9957990026560481,0.9759143021051198,0.01988470055092843,-0.23093376148463246,-0.9492812377732124
29,OF-03,73,1,0.00433052415187813,0.9961929484375939,0.995643929561629,0.000549018875964997,-0.5330807183810697,-0.8213428889245883
29,J305,71,2,0.004935966732031268,0.9961929484375939,0.9518263393854166,0.04436660905217727,0.18763734990219352,-0.790124711408323
29,OF-04,74,3,0.04736797862844961,0.9961929484375939,0.9602927445060734,0.03590020393152044,0.048380692488479406,1.3977790191479562
29,117,18,4,0.0031724429042628093,0.9961929484375939,0.9954744008298899,0.0007185476077037414,-0.5302922852525955,-0.8810565383299022
29,J297,60,5,0.06073500946887325,0.9961929484375939,0.8761343542659251,0.12005859417166874,1.43263008182703,2.087017528828246
29,J306,63,6,0.06058613903953783,0.9961929484375939,0.8373721583223634,0.15882079011523054,2.070196293718515,2.079341386379295
29,176,35,7,0.005846100438781204,0.9961929484375939,0.9951268220467914,0.001066126390802649,-0.5245752590965728,-0.7431958752936423
29,163,33,8,0.007588958294088193,0.9961929484375939,0.993044549204839,0.0031483992327549044,-0.4903257338658299,-0.6533296390952746
29,179,36,9,0.004288124760248006,0.9961929484375939,0.9953597796397782,0.0008331687978156942,-0.528406979319759,-0.8235291106702676
29,184,39,10,0.004769155467512759,0.9961929484375939,0.9937007160704747,0.0024922323671192517,-0.5011184614889284,-0.7987259294893743
29,OF-02,72,11,0.03956145721408301,0.9961929484375939,0.9757236236267017,0.020469324810892288,-0.20542864177676304,0.9952546852357602
29,123,21,12,0.012370949143143333,0.9961929484375939,0.9948984590107857,0.0012944894268083617,-0.520819110811935,-0.40675788464549645
29,99,13,13,0.02662513001677222,0.9961929484375939,0.9805106682012812,0.01568228023631268,-0.2841666441338595,0.328224363793896
29,J303,61,14,0.06081151009593511,0.9961929484375939,0.718390388697196,0.2778025597403979,4.027225669828025,2.090962098031025
29,185,40,15,0.0008967741328946694,0.9961929484375939,0.9960316882915787,0.00016126014601523507,-0.5394586301212064,-0.9983958765291131
29,148,29,16,0.009065025282177811,0.9961929484375939,0.9858933349443701,0.010299613493223727,-0.3727015261684649,-0.5772198265868358
29,124,22,17,0.001808690656671256,0.9961929484375939,0.995664385267292,0.000528563170302047,-0.5334171767899298,-0.9513751137805261
29,120,20,18,0.023405256449309967,0.9961929484375939,0.9886427299147234,0.007550218522870422,-0.41792397277066284,0.16219939643275938
29,94,11,19,0.02938269766988591,0.9961929484375939,0.9887894067049249,0.007403541732669232,-0.4203365338556214,0.47041164848444433
29,125,23,20,0.009507170709233926,0.9961929484375939,0.9943942450666899,0.0017987033709039105,-0.5125257268460749,-0.5544216705232972
29,Stor-01,76,21,0.017984335452388152,0.9961929484375939,0.8749417262031131,0.12125122223448083,1.4522466009042698,-0.1173172407035824
29,16,1,22,0.039644059643347954,0.9961929484375939,0.9828930656699195,0.013299882767674218,-0.32335266268428625,0.9995138790628867
29,118,19,23,0.001962252509013933,0.9961929484375939,0.9954487091377641,0.0007442392998297818,-0.5298697045801865,-0.9434570694881217
29,78,9,24,0.03179190580118319,0.9961929484375939,0.967420775862418,0.028772172575175985,-0.06886219944481656,0.5946366197400914
29,127,24,25,0.0021311829616031262,0.9961929484375939,0.9822307322040831,0.013962216233510894,-0.3124585059281186,-0.9347465806164956
29,25,3,26,0.034477315476360515,0.9961929484375939,0.9576477175584719,0.03854523087912194,0.09188647873930413,0.7331032533924149
29,154,32,27,0.007385783986051396,0.9961929484375939,0.9883678614824611,0.007825086955132841,-0.4134028969941185,-0.6638058292790453
29,183,38,28,0.0011886258079508258,0.9961929484375939,0.9914328047609439,0.004760143676650218,-0.46381552786182356,-0.9833472530939759
29,34,5,29,0.03390717144573125,0.9961929484375939,0.9804922846752225,0.015700663762371368,-0.2838642692351951,0.703705159929082
30,OF-03,73,1,0.0043304839296760995,0.9969685651777662,0.9964159746719291,0.0005525905058371292,-0.6535697046306722,-0.8467896733362202
30,J305,71,2,0.0049359226064036735,0.9969685651777662,0.9526695838796457,0.04429898129812042,0.48186116226635217,-0.8171161550093989
30,OF-04,74,3,0.04736754270002652,0.9969685651777662,0.9576415716314719,0.03932699354629426,0.352813982350125,1.2625254418742253
30,117,18,4,0.0031724322731276748,0.9969685651777662,0.9963433720201937,0.0006251931575723596,-0.6516853139345304,-0.9035476380564984
30,J306,63,5,0.06058571321160496,0.9969685651777662,0.8702378521532327,0.12673071302453356,2.6213641228272526,1.910369129433787
30,J297,60,6,0.060734445330964,0.9969685651777662,0.8657468247073441,0.131221740470422,2.7379280517318274,1.9176587285942535
30,176,35,7,0.005846046668535281,0.9969685651777662,0.9958601500377406,0.0011084151400255005,-0.6391433614556244,-0.7725095184077941
30,163,33,8,0.0075890516299192195,0.9969685651777662,0.9937203880295589,0.003248177148207282,-0.5836061665487541,-0.6870820562163761
30,179,36,9,0.004288128181399901,0.9969685651777662,0.9968782056431456,9.035953462062935e-05,-0.6655668386307547,-0.8488655963339271
30,184,39,10,0.004769689645397281,0.9969685651777662,0.9959132349872599,0.0010553301905061592,-0.640521173182725,-0.8252634984226187
30,OF-02,72,11,0.039561231419804575,0.9969685651777662,0.9868577641227377,0.010110801055028503,-0.4054878150552921,0.8799256349200875
30,J303,61,12,0.06081201034037179,0.9969685651777662,0.9154253311701246,0.08154323400764166,1.448530031972583,1.9214603138194042
30,123,21,13,0.012371219171806535,0.9969685651777662,0.9965644507319869,0.0004041144457793945,-0.6574233780087865,-0.45270037290020554
30,99,13,14,0.026624902833496743,0.9969685651777662,0.9854401628663482,0.011528402311418147,-0.3686941917573278,0.24589547110167123
30,185,40,15,0.0008968666401505095,0.9969685651777662,0.9964276796408494,0.0005408855369168198,-0.6538735053046818,-1.0150767509288434
30,124,22,16,0.0018090736081109334,0.9969685651777662,0.9966542637044356,0.000314301473330536,-0.6597544599407887,-0.9703680277796488
30,148,29,17,0.009064947904202637,0.9969685651777662,0.9890523738745568,0.007916191303209327,-0.4624485747403691,-0.6147460181882959
30,120,20,18,0.0234050945361196,0.9969685651777662,0.9868451427713574,0.010123422406408749,-0.4051602298150119,0.08808751433636011
30,127,24,19,0.0021321931003490777,0.9969685651777662,0.9875503316765346,0.009418233501231497,-0.4234632997467332,-0.954531424431964
30,94,11,20,0.02938245220472392,0.9969685651777662,0.9875708903903777,0.009397674787388434,-0.42399689801297535,0.38104737822213985
30,125,23,21,0.009507117795654583,0.9969685651777662,0.995867093844055,0.001101471333711072,-0.6393235868840624,-0.593074564279064
30,16,1,22,0.039643820838587945,0.9969685651777662,0.9660882420101918,0.030880323167574386,0.133581947505434,0.8839734744884417
30,J304,62,23,0.060706867976399154,0.9969685651777662,0.9657383074877665,0.031230257689999652,0.14266444439165948,1.9163071183196867
30,Stor-01,76,24,0.01798430852052696,0.9969685651777662,0.8711034871035258,0.12586507807424033,2.598896700390173,-0.17759388224848985
30,25,3,25,0.03447748691914763,0.9969685651777662,0.9722031827273875,0.024765382450378636,-0.025130401417627762,0.6307631822923712
30,118,19,26,0.0019622440473776705,0.9969685651777662,0.9963129029160664,0.0006556622616996031,-0.6508944930076788,-0.9628608994586184
30,78,9,27,0.03179163720197868,0.9969685651777662,0.9726115796616613,0.024356985516104834,-0.03573028124136826,0.4991253899460419
30,154,32,28,0.007385762480440158,0.9969685651777662,0.9920091289814011,0.004959436196364987,-0.5391907002818129,-0.6970455827213491
30,34,5,29,0.03390713482560061,0.9969685651777662,0.9600425173870055,0.03692604779076078,0.2904978033189858,0.6028093135503123
30,183,38,30,0.0011886408060935853,0.9969685651777662,0.9952564289494563,0.0017121362283099798,-0.6234738731568142,-1.0007764321794672
31,OF-03,73,1,0.004330451759778146,0.9990277395697811,0.9984439702274547,0.0005837693423264693,-0.6318612451917809,-0.8122149304641797
31,J305,71,2,0.004935886882450994,0.9990277395697811,0.9546465659128665,0.0443811736569147,0.3428537527176231,-0.7825705029691207
31,OF-04,74,3,0.0473671924322525,0.9990277395697811,0.9614278146484558,0.037599924921325356,0.19193647918112952,1.2950290841487797
31,J306,63,4,0.060585427857270696,0.9990277395697811,0.8552696859832922,0.14375805358648883,2.554494758130677,1.942244627144804
31,117,18,5,0.003172426830477232,0.9990277395697811,0.9985978470023623,0.00042989256741881774,-0.6352857860448209,-0.8689162759404343
31,J297,60,6,0.06073399369727535,0.9990277395697811,0.8646273227588593,0.13440041681092177,2.346239747294436,1.9495189809233182
31,176,35,7,0.005846089214610141,0.9990277395697811,0.9979449675566342,0.0010827720131470302,-0.6207558978576777,-0.7380035030857894
31,163,33,8,0.007588995036877234,0.9990277395697811,0.9969211286272728,0.0021066109425083622,-0.5979702744740657,-0.6526641440958223
31,179,36,9,0.004288128339378427,0.9990277395697811,0.9982639819247845,0.0007637576449966509,-0.6278555900438011,-0.8142872475802455
31,J303,61,10,0.06081234856864954,0.9990277395697811,0.8574396029709288,0.14158813659885225,2.506203069041621,1.9533555361814317
31,184,39,11,0.004769703904791423,0.9990277395697811,0.9979648680857773,0.0010628714840038172,-0.6211987858444383,-0.7907074594284574
31,J304,62,12,0.06070786271543177,0.9990277395697811,0.9201727725721031,0.07885496699767815,1.1100709869334673,1.9482395077516645
31,OF-02,72,13,0.03956093601968454,0.9990277395697811,0.9949635374019219,0.0040642021678591505,-0.5544039134765097,0.9128048068247572
31,123,21,14,0.012371223984957566,0.9990277395697811,0.998596994275794,0.00043074529398716454,-0.6352668085417408,-0.4185078587943099
31,99,13,15,0.026625088119539054,0.9990277395697811,0.9861397615384516,0.012887978031329399,-0.3580300231304395,0.27941604095662953
31,127,24,16,0.002133222168461126,0.9990277395697811,0.9837953136385532,0.015232425931227837,-0.3058541335860663,-0.919799725053297
31,185,40,17,0.0008968737578437419,0.9990277395697811,0.9975703659061532,0.001457373663627928,-0.6124191059249255,-0.9803360888099518
31,124,22,18,0.0018092409596680648,0.9990277395697811,0.9983729456067143,0.0006547939630667661,-0.6302805861518265,-0.9356630885982251
31,148,29,19,0.009064880231274995,0.9990277395697811,0.9923960080604259,0.0066317315093552525,-0.49726332727297706,-0.5803991399725035
31,125,23,20,0.009507299466421275,0.9990277395697811,0.9980991015556266,0.000928638014154437,-0.6241861632548396,-0.5587365960473795
31,120,20,21,0.023404922410364595,0.9990277395697811,0.9908965779540798,0.008131161615701434,-0.4638933813630613,0.12174436762148337
31,94,11,22,0.029382263722427193,0.9990277395697811,0.9863465670449497,0.012681172524831289,-0.3626324974548555,0.4144179415568514
31,16,1,23,0.039643525732799056,0.9990277395697811,0.9651494375740022,0.03387830199577892,0.10911144105700224,0.9168487161894012
31,25,3,24,0.03447731723298778,0.9990277395697811,0.9798872115887516,0.019140527981029443,-0.2188789865216249,0.6638913181763886
31,Stor-01,76,25,0.01798417528527429,0.9990277395697811,0.873080582908945,0.12594715666083614,2.158111715999807,-0.14367621850070936
31,118,19,26,0.001962229399825939,0.9990277395697811,0.9982337603211752,0.0007939792486060639,-0.6271830056575809,-0.9281721873405969
31,78,9,27,0.03179140725318107,0.9990277395697811,0.9767746344391074,0.022253105130673766,-0.1496083144946553,0.5323788560266496
31,154,32,28,0.007385707407083418,0.9990277395697811,0.9968825056992551,0.002145233870526094,-0.5971107178909482,-0.6626178867453408
31,34,5,29,0.03390691669564031,0.9990277395697811,0.958320073080351,0.040707666489429986,0.26109953492525967,0.6359623184548497
31,197,43,30,0.0009467400738487934,0.9990277395697811,0.9969396136874503,0.0020881258823307993,-0.5983816610773198,-0.9778944425725626
31,138,27,31,0.00048128711631165833,0.9990277395697811,0.9974527376972848,0.0015750018724963086,-0.6098012800250687,-1.0006848059580815
32,OF-03,73,1,0.004330425987198241,0.9986715449781836,0.9981457335987561,0.0005258113794274611,-0.6029621091641995,-0.813561077794408
32,J305,71,2,0.0049358548407897294,0.9986715449781836,0.9543005874407925,0.0443709575373912,0.5431092120149157,-0.7834955657295241
32,OF-04,74,3,0.04736687017468688,0.9986715449781836,0.9514828377983026,0.047188707179881065,0.6167625656583449,1.3236227122958328
32,J306,63,4,0.060585010557685795,0.9986715449781836,0.865905723811903,0.13276582116628066,2.853668692866558,1.980033712205883
32,117,18,5,0.0031724159237132496,0.9986715449781836,0.9979705749223357,0.0007009700558480603,-0.5983836243536321,-0.8710676953406825
32,176,35,6,0.005846177395002221,0.9986715449781836,0.9973700513070213,0.001301493671162262,-0.5826864958568351,-0.738289075199294
32,J297,60,7,0.06073361019045804,0.9986715449781836,0.8947328014726789,0.1039387435055047,2.100155707383724,1.987413149154499
32,163,33,8,0.007588963663172343,0.9986715449781836,0.9985617119558783,0.00010983302230531825,-0.6138353963374549,-0.6517425532399388
32,179,36,9,0.0042881342656617616,0.9986715449781836,0.9986891380008495,-1.759302266575761e-05,-0.6171661945787581,-0.815661278761965
32,184,39,10,0.00476976724900773,0.9986715449781836,0.9974980833262599,0.00117346165192381,-0.586033133701608,-0.7917434522729669
32,J303,61,11,0.06081193559300909,0.9986715449781836,0.8647682323258632,0.13390331265232047,2.8834016618373743,1.99130277767388
32,J304,62,12,0.06070750126027271,0.9986715449781836,0.9062056132727918,0.09246593170539175,1.8002670827678255,1.986116583338662
32,OF-02,72,13,0.039560768855469386,0.9986715449781836,0.9927110649447999,0.005960480033383888,-0.46090492769260205,0.9359728142105328
32,123,21,14,0.012371459061198815,0.9986715449781836,0.9964194359609034,0.002252109017280263,-0.5578382952890121,-0.41424450167426663
32,127,24,15,0.002133507946852649,0.9986715449781836,0.9945423075488886,0.004129237429294979,-0.5087719053303642,-0.9226597199482223
32,99,13,16,0.026624976061031827,0.9986715449781836,0.9892277021864887,0.009443842791694957,-0.36985306657710254,0.2935831559990568
32,185,40,17,0.0008970024756239853,0.9986715449781836,0.9983572153556837,0.00031432962250002323,-0.6084900454993618,-0.9840644084479299
32,124,22,18,0.0018092682921344843,0.9986715449781836,0.9980982790194146,0.0005732659587691291,-0.6017216906182978,-0.9387614157841799
32,Stor-01,76,19,0.017984656884706983,0.9986715449781836,0.9701107385122003,0.02856080646598341,0.12984657488812368,-0.1354938840184746
32,120,20,20,0.023404907655813222,0.9986715449781836,0.9960707667792634,0.002600778198920392,-0.5487244073293943,0.13367501004178453
32,148,29,21,0.009064843187537738,0.9986715449781836,0.9956231724455996,0.0030483725325839944,-0.5370247079490797,-0.578450582791395
32,125,23,22,0.009507237802235568,0.9986715449781836,0.998181590396282,0.0004899545819016697,-0.6038993724855619,-0.5564813281932124
32,94,11,23,0.029382139701753688,0.9986715449781836,0.9774920962016037,0.02117944877657991,-0.06309524651013274,0.4305035161920584
32,HartleyRd,75,24,0.014472330207354193,0.9986715449781836,0.9919523231139672,0.0067192218642163504,-0.44107212226955356,-0.3099155348323248
32,25,3,25,0.03447712125272228,0.9986715449781836,0.985508159002762,0.0131633859754218,-0.27262766891510115,0.6835195863418428
32,78,9,26,0.031791717680127014,0.9986715449781836,0.9916117189787041,0.007059825999479542,-0.43216904711743076,0.5501628210803323
32,16,1,27,0.039643458403681,0.9986715449781836,0.9622924821225886,0.03637906285559524,0.3342085217608222,0.9400791655921165
32,118,19,28,0.0019622784449886475,0.9986715449781836,0.9982011248931912,0.000470420084992501,-0.6044099860572582,-0.9311629530260924
32,154,32,29,0.007385694979198249,0.9986715449781836,0.9985371581981317,0.00013438678005197897,-0.6131935839580583,-0.6618368476135595
32,34,5,30,0.03390675567650599,0.9986715449781836,0.9486288598925853,0.050042685085598435,0.6913628923909177,0.6551953117199791
32,183,38,31,0.0011886649279379497,0.9986715449781836,0.9983568551705624,0.0003146898076212912,-0.6084806305954562,-0.9695804919201655
32,J110,66,32,0.00011360234385931196,0.9986715449781836,0.9949504073118037,0.0037211376663798504,-0.5194392533823463,-1.0229679492578547
33,OF-03,73,1,0.004330401490466685,0.998973984818428,0.998437051678619,0.0005369331398091701,-0.5885086566556574,-0.7866144808107899
33,J305,71,2,0.00493582290140325,0.998973984818428,0.95456746333191,0.044406521486518205,0.5362953444981445,-0.7564867167789328
33,OF-04,74,3,0.04736657545208139,0.998973984818428,0.9537941463289277,0.04517983848950041,0.556122976620886,1.3550073226594845
33,J306,63,4,0.060584628054335746,0.998973984818428,0.861710044458169,0.13726394036025913,2.9171336478015673,2.012781168393396
33,117,18,5,0.0031724083248927163,0.998973984818428,0.9981698084896615,0.0008041763287666419,-0.5816566158786891,-0.844240035858382
33,176,35,6,0.005846188312778751,0.998973984818428,0.9975528467179136,0.001421138100514709,-0.5658378882458545,-0.7111839346155853
33,J297,60,7,0.06073321795634601,0.998973984818428,0.8890270552259307,0.10994692959249752,2.2167331159273096,2.020175491462276
33,163,33,8,0.00758896847936157,0.998973984818428,0.99861488971015,0.00035909510827818755,-0.5930683741492995,-0.6244574517563436
33,179,36,9,0.004288106593765305,0.998973984818428,0.9984459527997881,0.0005280320186400061,-0.588736878918121,-0.7887192142155761
33,J303,61,10,0.060811593151747764,0.998973984818428,0.8603097807467908,0.13866420407163735,2.9530360185459887,2.0240756994006803
33,184,39,11,0.004769763712671238,0.998973984818428,0.9977231903512337,0.0012507944671945723,-0.5702054514610663,-0.7647503691094644
33,J304,62,12,0.060707143583366326,0.998973984818428,0.9070682877397979,0.09190569707863021,1.7541609496018347,2.0188779447580796
33,123,21,13,0.012371698706824802,0.998973984818428,0.9969943545469662,0.001979630271461919,-0.5515183048586167,-0.38645303843680745
33,OF-02,72,14,0.039560678617627174,0.998973984818428,0.9948516272869541,0.004122357531474073,-0.49657937594970675,0.9665601788400223
33,127,24,15,0.0021336087292835237,0.998973984818428,0.9938629693356731,0.005111015482755141,-0.47123046201450475,-0.8959341261689435
33,99,13,16,0.026624805319859873,0.998973984818428,0.9894933054796002,0.00948067933882786,-0.3591935003233323,0.32282850496638277
33,124,22,17,0.0018097246033739597,0.998973984818428,0.9976078511039865,0.0013661337144415455,-0.5672481853529789,-0.9120516673440608
33,185,40,18,0.0008971466394525868,0.998973984818428,0.998254805777937,0.000719179040491133,-0.583835922627226,-0.9574645534115749
33,125,23,19,0.009507388439462966,0.998973984818428,0.9984807995837084,0.0004931852347198163,-0.5896303407320546,-0.5289905541080941
33,Stor-01,76,20,0.017984541473768455,0.998973984818428,0.9713304476447775,0.027643537173650704,0.10649710528566665,-0.10713949026083612
33,118,19,21,0.0019631888329221165,0.998973984818428,0.9984505003735918,0.0005234844448361572,-0.5888534774412182,-0.9044147816779176
33,120,20,22,0.023404760839114833,0.998973984818428,0.9959492104383932,0.0030247743800350378,-0.5247211016158022,0.16258848283387267
33,148,29,23,0.009064788154348616,0.998973984818428,0.9952375051097677,0.003736479708660422,-0.5064731756276759,-0.5510158024879455
33,94,11,24,0.0293819497659951,0.998973984818428,0.9776386111605264,0.021335373657901648,-0.05524244664197875,0.46003309630451655
33,HartleyRd,75,25,0.014472236875149673,0.998973984818428,0.9928822899035863,0.006091694914841944,-0.4460861150846293,-0.2819233387400254
33,116,17,26,0.0019615272257986556,0.998973984818428,0.9978978680767578,0.0010761167416703825,-0.5746841395907394,-0.9044974687227182
33,25,3,27,0.0344769853632052,0.998973984818428,0.9862572548986117,0.01271672991981644,-0.27622206661246423,0.7135788537451003
33,16,1,28,0.03964330504652857,0.998973984818428,0.9629988332821875,0.035975151536240646,0.3201173721787036,0.9706719421634986
33,78,9,29,0.03179153116742209,0.998973984818428,0.9908295059236782,0.00814447889474978,-0.39345330677431445,0.579941805455456
33,197,43,30,0.000947321906484924,0.998973984818428,0.9981290543546674,0.0008449304637608317,-0.580611691231967,-0.9549676668164226
33,154,32,31,0.007385690903008638,0.998973984818428,0.9985305444818197,0.0004434403366084277,-0.5909057860357686,-0.6345732136747319
33,34,5,32,0.03390654569425468,0.998973984818428,0.9459106438060424,0.05306334101238584,0.7582537810124623,0.6851918964454473
33,J110,66,33,0.00011404075123143941,0.998973984818428,0.9939650213683268,0.00500896345010133,-0.47384704764890123,-0.9964344824330589
34,OF-03,73,1,0.004330375450571829,0.9991935412253987,0.9986403193539256,0.0005532218714730138,-0.6426355095542831,-0.7604214489304315
34,J305,71,2,0.004935795763224859,0.9991935412253987,0.9550718017776232,0.044121739447775504,0.49745953114771113,-0.7302326066054697
34,OF-04,74,3,0.04736629712317531,0.9991935412253987,0.9499529450593325,0.04924059616606603,0.6314090773622782,1.3855333968697565
34,J306,63,4,0.06058426385470714,0.9991935412253987,0.862425212110416,0.13676832911498257,2.921822885548063,2.0446376673660374
34,176,35,5,0.005846198186721578,0.9991935412253987,0.9977177991691613,0.0014757420562373418,-0.6184951268626909,-0.6848360537630863
34,117,18,6,0.003172389787039535,0.9991935412253987,0.9983814519808157,0.000812089244582819,-0.6358615033520943,-0.8181635594614628
34,J297,60,7,0.06073289573787848,0.9991935412253987,0.8863662063215578,0.11282733490384067,2.295338206059125,2.0520490878151776
34,179,36,8,0.004288315858679251,0.9991935412253987,0.9967546443588233,0.0024388968665753036,-0.5932914228171844,-0.7625187198038405
34,163,33,9,0.007589036973409817,0.9991935412253987,0.9973850180801247,0.0018085231452739544,-0.6097869565976459,-0.5979306688106117
34,184,39,10,0.004769871212086985,0.9991935412253987,0.9974503165011948,0.0017432247242038788,-0.6114956767967503,-0.7385063133302919
34,J303,61,11,0.06081123959113955,0.9991935412253987,0.8613553689306761,0.1378381722947224,2.949818396329767,2.05595564691767
34,185,40,12,0.0008979834883826248,0.9991935412253987,0.9950081349765152,0.004185406248883432,-0.547589002903039,-0.9315751706975793
34,J304,62,13,0.060706783369190456,0.9991935412253987,0.9119498776295489,0.08724366359584973,1.625868175776177,2.0507470135956996
34,OF-02,72,14,0.03956057327139615,0.9991935412253987,0.9892416160455341,0.009951925179864509,-0.3966915200173329,0.9963066701335412
34,123,21,15,0.012371659008350267,0.9991935412253987,0.9982064414241106,0.0009870998012880595,-0.631281850913365,-0.3594487092608808
34,127,24,16,0.0021337146175160514,0.9991935412253987,0.9975364169176124,0.0016571243077861183,-0.6137487407801266,-0.8699563392282824
34,99,13,17,0.026624681740363667,0.9991935412253987,0.9901944077819148,0.008999133443483734,-0.42162404455336167,0.35126787377759866
34,124,22,18,0.0018098533844413084,0.9991935412253987,0.998639561563449,0.0005539796619495505,-0.642615679796186,-0.8861054434061998
34,Stor-01,76,19,0.017984884189175102,0.9991935412253987,0.9586199524719834,0.04057358875341531,0.4046120064822483,-0.07954932964501535
34,HartleyRd,75,20,0.014472442994496121,0.9991935412253987,0.971247534218413,0.02794600700698555,0.07417516524819802,-0.2546946480060703
34,125,23,21,0.009507415926674328,0.9991935412253987,0.9982956137696639,0.0008979274557346483,-0.6336153007204455,-0.502272101482663
34,118,19,22,0.001963178739637333,0.9991935412253987,0.9985496835705895,0.0006438576548091489,-0.6402637647063961,-0.878459986397749
34,120,20,23,0.023404620366925005,0.9991935412253987,0.9912773675473083,0.007916173678090298,-0.4499627883640166,0.19070186195441854
34,78,9,24,0.031791558617751035,0.9991935412253987,0.9811084556522996,0.018085085573098868,-0.18386408531471513,0.6089104207882945
34,148,29,25,0.009064770924896251,0.9991935412253987,0.9941914096093855,0.005002131616013166,-0.5262170446065606,-0.5243442716516035
34,94,11,26,0.0293817740309814,0.9991935412253987,0.9797735497583852,0.01941999146701345,-0.14893244948867385,0.48874826995407816
34,16,1,27,0.03964309897844993,0.9991935412253987,0.9618378913502134,0.03735564987518531,0.3204054196979496,1.0004217543253566
34,25,3,28,0.034476828214913324,0.9991935412253987,0.9752802671883894,0.02391327403700913,-0.03135284248108701,0.7428094307397579
34,116,17,29,0.0019616418630922705,0.9991935412253987,0.9969660619087871,0.00222747931661162,-0.5988237685025484,-0.8785366216257422
34,J110,66,30,0.00011448483369305864,0.9991935412253987,0.9954976489604547,0.003695892264943806,-0.5603985382393387,-0.9706437596661142
34,197,43,31,0.0009473301889101005,0.9991935412253987,0.9975134446842993,0.0016800965410992841,-0.6131476065040219,-0.9291145334669701
34,154,32,32,0.0073857913744575275,0.9991935412253987,0.997544992158503,0.0016485490668956956,-0.6139731365171373,-0.6080653623644594
34,34,5,33,0.03390640646196484,0.9991935412253987,0.9422824474892432,0.056911093736155514,0.8321296142513346,0.714365766068138
34,183,38,34,0.0011886918013421844,0.9991935412253987,0.9965283627902058,0.002665178435192622,-0.5873701175138524,-0.9170792127010039
35,OF-03,73,1,0.004330356243884322,0.9992897495789103,0.9988373444679464,0.0004524051109637956,-0.6120868884967318,-0.7630004263300838
35,J305,71,2,0.0049357775970704475,0.9992897495789103,0.9585733720747044,0.040716377504205814,0.49252640708601386,-0.7324057347763312
35,OF-04,74,3,0.04736608627502749,0.9992897495789103,0.9490133164212261,0.05027643315768398,0.7547996989064557,1.411790533989107
35,J306,63,4,0.06058400137487523,0.9992897495789103,0.87113874085475,0.12815100872416024,2.8912330025670476,2.0797518362050327
35,176,35,5,0.0058461966227507794,0.9992897495789103,0.9979942478127013,0.0012955017662090458,-0.5889571345382885,-0.6863981251524357
35,117,18,6,0.0031724024663962788,0.9992897495789103,0.9985454465847101,0.0007443029942000972,-0.6040788787647016,-0.8215170915737328
35,179,36,7,0.004288463507106564,0.9992897495789103,0.9988547037523969,0.00043504582651326235,-0.612563128054483,-0.7651174566484117
35,184,39,8,0.0047700780348408495,0.9992897495789103,0.9983964121648519,0.0008933374140584573,-0.5999902260091519,-0.7407792864694243
35,J297,60,9,0.060732625963387216,0.9992897495789103,0.8762085956847103,0.12308115389419992,2.7521451600374185,2.0872625119003936
35,163,33,10,0.007589003866049965,0.9992897495789103,0.9985765813825808,0.0007131681963294525,-0.604933039684228,-0.5983261571490339
35,185,40,11,0.0008981809455550591,0.9992897495789103,0.9990521156976853,0.00023763388122499476,-0.6179789836323314,-0.936443837366349
35,J303,61,12,0.06081097195602962,0.9992897495789103,0.8903482640827153,0.10894148549619487,2.3642334667989973,2.091221690853618
35,J304,62,13,0.06070653316858896,0.9992897495789103,0.8970996281008532,0.1021901214780571,2.179014621899192,2.0859439244332902
35,OF-02,72,14,0.039560396590890515,0.9992897495789103,0.9809461310273366,0.018343618551573578,-0.12125423920941698,1.0173335710926206
35,123,21,15,0.012371604153978333,0.9992897495789103,0.9983777435289094,0.0009120060500009351,-0.5994780653293499,-0.3566396360773641
35,127,24,16,0.0021337051276837534,0.9992897495789103,0.9987919310145661,0.0004978185643441168,-0.6108410028719282,-0.8740071871548906
35,Stor-01,76,17,0.01798513301947368,0.9992897495789103,0.9849711661759465,0.014318583402963781,-0.2316782007827787,-0.07296251886951101
35,124,22,18,0.0018099360850940037,0.9992897495789103,0.9989664241063549,0.0003233254725552209,-0.6156280960900258,-0.8903687078388859
35,99,13,19,0.02662458595802137,0.9992897495789103,0.9911292767973838,0.008160472781526444,-0.4006215628950258,0.36362828926270296
35,HartleyRd,75,20,0.014472396210580052,0.9992897495789103,0.986619423855063,0.012670325723847246,-0.27689697177528194,-0.2504770690452366
35,125,23,21,0.0095073856321597,0.9992897495789103,0.9969331753931424,0.0023565741857676436,-0.5598473713292985,-0.5013816108300228
35,148,29,22,0.00906489027547064,0.9992897495789103,0.9966065052219425,0.0026832443569677344,-0.5508854087376871,-0.5237429115681346
35,118,19,23,0.001963200620577413,0.9992897495789103,0.9987831826989959,0.0005065668799144133,-0.6106009990889303,-0.882623554542645
35,78,9,24,0.0317914940285174,0.9992897495789103,0.9728377900324942,0.0264519595464161,0.10119229886552387,0.6247356285917519
35,120,20,25,0.023404611728193067,0.9992897495789103,0.9916679292113711,0.007621820367539052,-0.41539910675922936,0.20090836229913742
35,94,11,26,0.02938170331486772,0.9992897495789103,0.9833785669977145,0.0159111825811957,-0.18798638096858672,0.5029579555625292
35,116,17,27,0.0019616650669702354,0.9992897495789103,0.9989886683218333,0.00030108125707693984,-0.6162383502380054,-0.8827011530428112
35,16,1,28,0.03964292208967712,0.9992897495789103,0.9693504579546021,0.02993929162430828,0.19686476112854825,1.0215039594798294
35,25,3,29,0.03447669069780507,0.9992897495789103,0.9674424164917468,0.031847333087163546,0.24921051449357967,0.7604308157959667
35,J110,66,30,0.00011481825738261241,0.9992897495789103,0.9988597471258347,0.0004300024530754218,-0.6127014893989529,-0.9760307130079594
35,154,32,31,0.0073858067163498345,0.9992897495789103,0.997769502807404,0.0015202467715063773,-0.5827914160010653,-0.6085946322977226
35,197,43,32,0.0009473269553019785,0.9992897495789103,0.9985560371785277,0.0007337124003824409,-0.6043694241342653,-0.9339602662114967
35,186,41,33,0.0010305712214715855,0.9992897495789103,0.9985183834331429,0.0007713661457672454,-0.6033364205504579,-0.9297535552428886
35,34,5,34,0.033906353965647146,0.9992897495789103,0.946713270569424,0.05257647900948621,0.8178998124158002,0.7316091095407821
35,J288,59,35,0.014445296158254918,0.9992897495789103,0.9895748494095199,0.009714900169390358,-0.3579769588583752,-0.2518465578113904
36,OF-03,73,1,0.004330338283065036,0.9994392980855288,0.9988449145008323,0.000594383584696514,-0.6043941513453489,-0.7728823930520621
36,J305,71,2,0.004935757110924815,0.9994392980855288,0.955381601978799,0.04405769610672984,0.4962941834052436,-0.7419115080859935
36,OF-04,74,3,0.04736588929562686,0.9994392980855288,0.9558440195420475,0.043595278543481455,0.48458367198499075,1.4286498991846905
36,J306,63,4,0.06058376380265682,0.9994392980855288,0.8549397559753243,0.14449954211020447,3.0399375875013996,2.1048252211519967
36,176,35,5,0.005846183323916175,0.9994392980855288,0.998239931485123,0.0011993666004059486,-0.5890732356241636,-0.69533762532069
36,117,18,6,0.0031723931385284117,0.9994392980855288,0.9986592475229153,0.0007800505626134428,-0.5996922208001803,-0.8321183867446261
36,179,36,7,0.004288446498819107,0.9994392980855288,0.9986598364166972,0.0007794616688315663,-0.5997071342634785,-0.7750254146615659
36,184,39,8,0.004770060808604468,0.9994392980855288,0.998548720487297,0.0008905775982317218,-0.5968931746226039,-0.750387889860587
36,J297,60,9,0.06073238084588316,0.9994392980855288,0.8741748573743454,0.12526444071118337,2.552817520044175,2.1124278941082233
36,163,33,10,0.007588985521529515,0.9994392980855288,0.997640066995847,0.0017992310896818638,-0.5738819442231133,-0.6061826075097876
36,185,40,11,0.0008981863161891259,0.9994392980855288,0.9991210262989833,0.00031827178654546837,-0.6113865552298388,-0.948458009238216
36,J304,62,12,0.060706436736793386,0.9994392980855288,0.915211529038344,0.08422776904718474,1.5135827453211097,2.1111006938607404
36,J303,61,13,0.0608108180239833,0.9994392980855288,0.8599115134279296,0.13952778465759916,2.9140301240857243,2.1164404366791083
36,OF-02,72,14,0.03956030243450354,0.9994392980855288,0.9870879539636108,0.012351344121917981,-0.30665455064458463,1.029346273919014
36,123,21,15,0.012371565087273833,0.9994392980855288,0.9980544119073481,0.001384886178180665,-0.584375037919583,-0.36152433995084804
36,127,24,16,0.002133778206905599,0.9994392980855288,0.995535079205079,0.003904218880449737,-0.520574099706751,-0.8852499084137564
36,Stor-01,76,17,0.01798505919946576,0.9994392980855288,0.9510521393929894,0.04838715869253943,0.6059358256874323,-0.07435969886924325
36,124,22,18,0.0018099876294317308,0.9994392980855288,0.998860132940101,0.000579165145427772,-0.6047795512977275,-0.9018137816640985
36,125,23,19,0.009507529931238878,0.9994392980855288,0.998831903651616,0.000607394433912809,-0.6040646575924207,-0.5080372980461635
36,99,13,20,0.026624495190988088,0.9994392980855288,0.9965405355053856,0.0028987625801432473,-0.5460368165737135,0.367600421880623
36,HartleyRd,75,21,0.014472336310122309,0.9994392980855288,0.9558053480657145,0.04363395001981427,0.4855630092793016,-0.2540570117330073
36,148,29,22,0.009064868701669872,0.9994392980855288,0.998748913340024,0.0006903847455047593,-0.601962966244798,-0.5306821339664224
36,118,19,23,0.0019632274802127195,0.9994392980855288,0.9987943231087593,0.0006449749767696231,-0.6031129476850103,-0.8939746237582683
36,78,9,24,0.03179139396940308,0.9994392980855288,0.9772687905546034,0.02217050753092542,-0.057988768076230816,0.6319189734911023
36,25,3,25,0.03447688940511668,0.9994392980855288,0.9716551609399643,0.02778413714556465,0.0841738116698838,0.7692985302359935
36,120,20,26,0.02340458113022418,0.9994392980855288,0.9977437960144819,0.0016955020710468392,-0.5765088337573342,0.20288207585712822
36,94,11,27,0.02938158139752723,0.9994392980855288,0.9801346672951826,0.019304630790346142,-0.1305657741566935,0.5086422854878696
36,189,42,28,0.001523834862922834,0.9994392980855288,0.9978818994429596,0.0015573986425692359,-0.5800062393597558,-0.9164522501200579
36,16,1,29,0.039642785153620776,0.9994392980855288,0.958453342147663,0.04098595593786581,0.4185037809931065,1.0335657707167913
36,116,17,30,0.0019616582454321054,0.9994392980855288,0.9991647533977479,0.0002745446877809362,-0.6124939238294642,-0.8940548997385296
36,J110,66,31,0.00011481906332794044,0.9994392980855288,0.9991558649371589,0.0002834331483698439,-0.6122688276663695,-0.988532047173766
36,152,31,32,0.007307674125200126,0.9994392980855288,0.9988544454227594,0.0005848526627694071,-0.6046355175453887,-0.6205734101978393
36,183,38,33,0.0011889206286332036,0.9994392980855288,0.998827879189713,0.0006114188958158737,-0.6039627399516954,-0.9335851666174707
36,34,5,34,0.033906289913438664,0.9994392980855288,0.9457936850698937,0.05364561301563511,0.7391037550604204,0.7401088677986204
36,137,26,35,0.01019190778828289,0.9994392980855288,0.9983628828548431,0.0010764152306857871,-0.5921869223300258,-0.47302717462670524
36,110,14,36,0.023376005066199825,0.9994392980855288,0.9914578212997985,0.007981476785730274,-0.417319424586513,0.20142023497779854
37,OF-03,73,1,0.0043303242434356,0.9994084609132201,0.9989295357606314,0.00047892515258873245,-0.5963785885769002,-0.716466554964224
37,J305,71,2,0.0049357400033512395,0.9994084609132201,0.9582189658566179,0.041189495056602264,0.5097058975566778,-0.6857175004177821
37,OF-04,74,3,0.047365725313409816,0.9994084609132201,0.9491140799596549,0.050294380953565206,0.7570807946016408,1.4693006195028326
37,J306,63,4,0.060583553539228154,0.9994084609132201,0.8678716147353892,0.13153684617783087,2.9643952736590276,2.1406338552907793
37,176,35,5,0.005846174663577713,0.9994084609132201,0.9981321005547087,0.0012763603585115584,-0.574712699053673,-0.6394765419198141
37,117,18,6,0.0031723823210165884,0.9994084609132201,0.9986428496124282,0.0007656113007918606,-0.5885894787298869,-0.7752784024441032
37,179,36,7,0.004288432285223665,0.9994084609132201,0.9990396946746997,0.00036876623852050074,-0.5993715475589894,-0.7185942466984059
37,J297,60,8,0.06073218572254546,0.9994084609132201,0.8798404387217539,0.11956802219146624,2.6392087051635515,2.148182880960044
37,184,39,9,0.004770044431314392,0.9994084609132201,0.9985006279274707,0.0009078329857493787,-0.5847253913517394,-0.6941331752647252
37,163,33,10,0.00758902364756791,0.9994084609132201,0.9985903652327305,0.0008180956804896613,-0.5871635061069304,-0.5509572762793018
37,185,40,11,0.0008981840405416919,0.9994084609132201,0.9991980893589559,0.0002103715542642077,-0.6036750467081045,-0.8907848884092038
37,J303,61,12,0.060810636454979326,0.9994084609132201,0.8831353691613862,0.11627309175183402,2.5496872012701073,2.1521673921183813
37,J304,62,13,0.06070623103200297,0.9994084609132201,0.8898240842675932,0.10958437664562695,2.367958376825093,2.14686464273754
37,123,21,14,0.012371730584955347,0.9994084609132201,0.9986492077053761,0.0007592532078441306,-0.588762224726503,-0.30804368493529083
37,OF-02,72,15,0.039560176210791456,0.9994084609132201,0.9800004090394744,0.019408051873745797,-0.08208430452011382,1.0728569340018386
37,148,29,16,0.009065330765147074,0.9994084609132201,0.995971394408686,0.0034370665045342194,-0.5160074646920797,-0.4759756667948256
37,127,24,17,0.002133783067277104,0.9994084609132201,0.9989264096893715,0.00048205122384851416,-0.5962936548869237,-0.8280288381274741
37,Stor-01,76,18,0.017985054324434827,0.9994084609132201,0.9822752515163716,0.017133209396848512,-0.14389056215851911,-0.022943082539109573
37,125,23,19,0.009507580996052804,0.9994084609132201,0.9957547522313477,0.0036537086818724794,-0.5101214122010183,-0.4535137862597176
37,124,22,20,0.001809995080246267,0.9994084609132201,0.9990458730166264,0.0003625878965937959,-0.599539409816169,-0.8444740236245961
37,99,13,21,0.026624496463459112,0.9994084609132201,0.9894866069328356,0.009921853980384579,-0.3398192452733123,0.41585401389046134
37,HartleyRd,75,22,0.014472383689415513,0.9994084609132201,0.986028107733167,0.013380353180053192,-0.24585366534951675,-0.20135155504888294
37,78,9,23,0.03179131712643769,0.9994084609132201,0.9738473623670842,0.02556109854613588,0.08509069408179827,0.6782767338073472
37,118,19,24,0.001963221223581263,0.9994084609132201,0.9988232325780072,0.0005852283352129373,-0.5934903877630946,-0.8366916708163289
37,120,20,25,0.02340450400022591,0.9994084609132201,0.990423363668246,0.008985097244974176,-0.3652704264963105,0.2523106599730054
37,136,25,26,0.00038376529507525443,0.9994084609132201,0.9993637334835838,4.472742963631069e-05,-0.6081755092882668,-0.916912206380351
37,25,3,27,0.03447680262873404,0.9994084609132201,0.9666972933144085,0.03271116759881171,0.27935425935723446,0.8146724896847548
37,154,32,28,0.007386066976566704,0.9994084609132201,0.9971867750943844,0.0022216858188358795,-0.5490287101417729,-0.5612654416102636
37,116,17,29,0.0019617466216079716,0.9994084609132201,0.9989535560591407,0.000454904854079399,-0.597031207284919,-0.8367665658215685
37,16,1,30,0.03964265430967872,0.9994084609132201,0.9625170911384568,0.03689136977476324,0.39292812448914904,1.0770459950231845
37,94,11,31,0.029381521021245104,0.9994084609132201,0.9817120530541783,0.01769640785904191,-0.12858876011754614,0.555883236990061
37,189,42,32,0.00152383024140615,0.9994084609132201,0.998666996151847,0.0007414647613731542,-0.5892455273361289,-0.8590083301646085
37,J110,66,33,0.00011484154561729674,0.9994084609132201,0.9989063901681202,0.0005020707450998775,-0.595749735164646,-0.9305708383295236
37,186,41,34,0.0010309005396267933,0.9994084609132201,0.9984225543844468,0.000985906528773355,-0.5826041747998733,-0.8840442200292641
37,183,38,35,0.001189098288821382,0.9994084609132201,0.9991410129663448,0.0002674479468753156,-0.6021243115417715,-0.8760093594571068
37,34,5,36,0.03390618892891105,0.9994084609132201,0.9457959852326793,0.05361247568054086,0.8472316598359685,0.7856910310863713
37,J288,59,37,0.014445191836379134,0.9994084609132201,0.992597628208235,0.006810832704985166,-0.424344035195537,-0.20273262873013456
38,OF-03,73,1,0.004330310768260514,0.9994955472448391,0.9989288842190068,0.0005666630258325177,-0.6206990604030113,-0.6873975800921427
38,J305,71,2,0.004935724117216753,0.9994955472448391,0.9555191772284816,0.043976370016357784,0.450502048058194,-0.6566211475219879
38,OF-04,74,3,0.04736557061215293,0.9994955472448391,0.9493181499732268,0.050177397271612294,0.6035219076687783,1.5003172679667935
38,J306,63,4,0.06058335639352913,0.9994955472448391,0.8552116490989925,0.14428389814584666,2.925744171732613,2.172248756640793
38,176,35,5,0.005846155592382467,0.9994955472448391,0.9982144383194426,0.0012811089253966863,-0.6030690119045098,-0.6103389950826803
38,117,18,6,0.0031723899939729463,0.9994955472448391,0.9987501160000261,0.0007454312448131187,-0.6162876803775379,-0.7462609511969955
38,179,36,7,0.004288436286925813,0.9994955472448391,0.9992339011467284,0.0002616460981107199,-0.6282258209763166,-0.6895262862949866
38,J297,60,8,0.06073198737249797,0.9994955472448391,0.8926535890088525,0.10684195823598666,2.0018068702637515,2.179804472599083
38,184,39,9,0.004770042197513178,0.9994955472448391,0.9986106013312969,0.0008849459135423639,-0.6128449419176357,-0.6650436549520634
38,163,33,10,0.007589017958300797,0.9994955472448391,0.998796227889475,0.000699319355364282,-0.61742556198318,-0.5217398814750561
38,185,40,11,0.0008982291384530838,0.9994955472448391,0.9986837779479947,0.0008117692968445148,-0.6146506871841791,-0.8618688385094572
38,J303,61,12,0.06081045549221884,0.9994955472448391,0.8420653079621478,0.15743023928269137,3.250150305159656,2.1837934312166287
38,J304,62,13,0.060706052870596494,0.9994955472448391,0.8871393067171854,0.11235624052765375,2.137880244463007,2.17848608170072
38,123,21,14,0.012371698868055565,0.9994955472448391,0.998768881925533,0.0007266653193061324,-0.6167507583754791,-0.27861036215176416
38,OF-02,72,15,0.0395600487101475,0.9994955472448391,0.9844180071454919,0.015077540099347166,-0.26262090960402346,1.1035204036325357
38,148,29,16,0.009065396040670148,0.9994955472448391,0.9968803467572901,0.0026152004875491255,-0.5701482561740381,-0.4466876042525079
38,Stor-01,76,17,0.01798502776969772,0.9994955472448391,0.9570523007755316,0.04244324646930765,0.4126698727945709,0.006745483954594023
38,125,23,18,0.00950764746442042,0.9994955472448391,0.9974701254127245,0.002025421832114692,-0.5847019491898885,-0.42420557417244587
38,127,24,19,0.0021337777558520623,0.9994955472448391,0.9903269580875816,0.009168589157257639,-0.4084333381557923,-0.7990592245885121
38,124,22,20,0.001810059305664586,0.9994955472448391,0.9942713769665882,0.005224170278250985,-0.5057679245502467,-0.8155155829940318
38,99,13,21,0.02662443786085867,0.9994955472448391,0.9899600710802999,0.009535476164539081,-0.3993798384635305,0.4459333918111652
38,HartleyRd,75,22,0.01447235000103068,0.9994955472448391,0.9334137124281537,0.06608183481668543,0.9959883007603713,-0.17182291179427095
38,78,9,23,0.0317914267063278,0.9994955472448391,0.9745093668700858,0.024986180374753347,-0.018110011415396702,0.7085993605538163
38,137,26,24,0.01019228653921964,0.9994955472448391,0.9973869011259177,0.0021086461189214786,-0.5826482622507488,-0.38940166977096813
38,116,17,25,0.0019618061469825797,0.9994955472448391,0.9991268434483879,0.00036870379645139036,-0.6255840080482344,-0.8078014709124121
38,136,25,26,0.00038385839182476447,0.9994955472448391,0.9990639669819097,0.0004315802629293487,-0.6240324347883177,-0.8880170835505671
38,25,3,27,0.03447675855932091,0.9994955472448391,0.9669283684741435,0.03256717877069574,0.16896275290315937,0.8451092919000864
38,120,20,28,0.023404459393317496,0.9994955472448391,0.9900234234102785,0.009472123834560746,-0.40094315438527134,0.2822444834736074
38,118,19,29,0.001963275360166446,0.9994955472448391,0.9988515310204525,0.000644016224386763,-0.6187902515724791,-0.8077267828657042
38,154,32,30,0.007386118430310372,0.9994955472448391,0.9976986858985478,0.0017968613462913355,-0.5903420297787266,-0.5320543610822194
38,94,11,31,0.029381450693418344,0.9994955472448391,0.9793778175080576,0.020117729736781567,-0.13824649888402424,0.5860872547588715
38,16,1,32,0.03964254114899585,0.9994955472448391,0.9592283498447434,0.04026719740009586,0.3589725240537831,1.1077139401413374
38,189,42,33,0.0015239275574469714,0.9994955472448391,0.9989025794197576,0.0005929678250816685,-0.6200499491312008,-0.8300612061957371
38,J110,66,34,0.00011484593573493499,0.9994955472448391,0.9990874219745909,0.00040812527024824914,-0.624611222711591,-0.9016924406097633
38,186,41,35,0.0010309056133040399,0.9994955472448391,0.9948632045121829,0.004632342732656346,-0.5203721770737024,-0.8551241762238698
38,34,5,36,0.03390608696984397,0.9994955472448391,0.9452968485498718,0.05419869869496735,0.702753688779274,0.8160989707310538
38,183,38,37,0.00118909585206728,0.9994955472448391,0.9936833244338668,0.005812222810972529,-0.4912568262601287,-0.8470825114258486
38,138,27,38,0.00048171912924698597,0.9994955472448391,0.9937523493147941,0.005743197930045171,-0.4929601210779657,-0.883042293365096
39,OF-03,73,1,0.004330301330457919,0.999599968786963,0.9991189711059508,0.00048099768101217215,-0.5600522316666593,-0.7818327210905553
39,J305,71,2,0.004935714256664746,0.999599968786963,0.9580878668694406,0.04151210191752249,0.5160367100241782,-0.7504265185693351
39,OF-04,74,3,0.04736545274888229,0.999599968786963,0.949399735969039,0.0502002328179238,0.7438931560021833,1.4506446880830353
39,J306,63,4,0.060583204364662864,0.999599968786963,0.8669925845863241,0.13260738420063892,2.9051175726796057,2.1363244384664544
39,176,35,5,0.005846147896478373,0.999599968786963,0.9983147754170641,0.0012851933698988323,-0.5389612543734783,-0.7031971614869422
39,117,18,6,0.003172384675928633,0.999599968786963,0.9988537292819837,0.0007462395049792785,-0.5530959530347296,-0.841900425925812
39,179,36,7,0.004288429191279928,0.999599968786963,0.9993671202116424,0.00023284857532058752,-0.5665602336688957,-0.7840048664579495
39,184,39,8,0.004770044245425335,0.999599968786963,0.9986947720071162,0.000905196779846821,-0.5489271116430796,-0.7590207617700497
39,J297,60,9,0.060731833980364025,0.999599968786963,0.876143394226661,0.12345657456030208,2.665126832856371,2.1440346996936266
39,163,33,10,0.0075890082672522945,0.999599968786963,0.9985311077136575,0.0010688610733055625,-0.5446348231556573,-0.6127851081571867
39,185,40,11,0.0008982272414974603,0.999599968786963,0.9994099957273589,0.00018997305960396184,-0.5676846944698044,-0.9598738715844273
39,J303,61,12,0.06081030370383286,0.999599968786963,0.8700780705881553,0.12952189819880755,2.8241970752156798,2.1481053693479524
39,J304,62,13,0.060705899930651695,0.999599968786963,0.8789313559570284,0.12066861282993462,2.5920092591588015,2.1426893534312605
39,123,21,14,0.012371692119846829,0.999599968786963,0.9987118114847077,0.0008881573022552461,-0.5493739919732503,-0.3646801682599511
39,OF-02,72,15,0.03955994782625255,0.999599968786963,0.9804451661406742,0.01915480264628879,-0.07030974492790448,1.0457288731591488
39,Stor-01,76,16,0.017985173502670208,0.999599968786963,0.9755453776054872,0.024054591181475696,0.058192969231235854,-0.07347704799848766
39,148,29,17,0.00906539976985192,0.999599968786963,0.996087934858209,0.003512033928753989,-0.4805597430107785,-0.5361963064912441
39,127,24,18,0.002133856648334825,0.999599968786963,0.9991770725155273,0.00042289627143565024,-0.5615760094324623,-0.8957747654826652
39,124,22,19,0.0018101485809294056,0.999599968786963,0.9992717565554083,0.0003282122315546336,-0.5640592096817969,-0.9125673390842639
39,99,13,20,0.02662445997270743,0.999599968786963,0.9907608648757106,0.008839103911252333,-0.34085107061587705,0.37469174518670206
39,125,23,21,0.009507633717960704,0.999599968786963,0.9961870395385127,0.0034129292484503305,-0.4831588797517701,-0.5132551231519928
39,20,2,22,0.03439223534274143,0.999599968786963,0.9989434792210611,0.0006564895659018748,-0.5554497506903308,0.7776503142069026
39,HartleyRd,75,23,0.014472318526337121,0.999599968786963,0.98375010437486,0.015849864412102913,-0.1569856351569103,-0.2557087613278182
39,78,9,24,0.031791364951145505,0.999599968786963,0.9814800450134119,0.01811992377355091,-0.09745065989143077,0.6427284142704583
39,116,17,25,0.001961858499178404,0.999599968786963,0.9990750273199261,0.0005249414670368966,-0.5588997542211422,-0.9046972850917628
39,137,26,26,0.010192272548630667,0.999599968786963,0.9988704721884258,0.0007294965985371856,-0.5535350554378785,-0.47773902357904346
39,136,25,27,0.00038388471810892104,0.999599968786963,0.999562534452301,3.743433466203822e-05,-0.5716852018444893,-0.9865557357395667
39,25,3,28,0.03447675207256449,0.999599968786963,0.9693689764364681,0.030230992350494874,0.22017635040267977,0.7820346763808073
39,120,20,29,0.02340442584598415,0.999599968786963,0.9899899442573995,0.00961002452956343,-0.32063277116421723,0.20765031027263545
39,J110,66,30,0.00011496451578093945,0.999599968786963,0.9994220603787547,0.0001779084082081529,-0.5680011041349587,-1.0005061520104521
39,118,19,31,0.001963275871840276,0.999599968786963,0.999085797537559,0.0005141712494038754,-0.5591822158392281,-0.9046237579321336
39,154,32,32,0.007386099564512335,0.999599968786963,0.9977542609614195,0.0018457078255435945,-0.5242611038754451,-0.6233111335123048
39,16,1,33,0.03964247959467813,0.999599968786963,0.9654169789891124,0.034182989797850546,0.3238221291313379,1.0500102641262168
39,94,11,34,0.029381377985612956,0.999599968786963,0.9912030015302485,0.008396967256714405,-0.35244662412382016,0.5177087203778322
39,189,42,35,0.0015239549849421687,0.999599968786963,0.9989781572472392,0.000621811539723798,-0.5563592226917372,-0.9274138242628458
39,186,41,36,0.0010309048046426785,0.999599968786963,0.9989840308329143,0.0006159379540487242,-0.5565132643806127,-0.9529911338069765
39,J288,59,37,0.01444531029517112,0.999599968786963,0.9870203240841033,0.012579644702859773,-0.2427509912567992,-0.2571098314751867
39,34,5,38,0.03390605052025407,0.999599968786963,0.9462307997011182,0.0533691690858447,0.82700223479218,0.7524291497143472
39,84,10,39,0.03110683200506138,0.999599968786963,0.9995598951629652,4.0073623997802045e-05,-0.5716159833791083,0.6072178075315776
40,OF-03,73,1,0.004330291611548461,0.9996310290205088,0.999060975718295,0.0005700533022136348,-0.5873768254009317,-0.7268482969732984
40,J305,71,2,0.0049357028812070354,0.9996310290205088,0.9556124692073705,0.0440185598131383,0.49428079517130186,-0.6955811083599932
40,OF-04,74,3,0.047365338978988064,0.9996310290205088,0.9521965890656598,0.047434439954849056,0.579319685640731,1.4957481601080422
40,J306,63,4,0.06058305861421067,0.9996310290205088,0.8548484291778833,0.14478259984262554,3.0028179240628448,2.1783930885801657
40,176,35,5,0.005846133952729209,0.9996310290205088,0.9983555288769775,0.0012755001435314167,-0.5698146118038284,-0.6485608075176394
40,117,18,6,0.003172377040767663,0.9996310290205088,0.9988744229862355,0.0007566060342732254,-0.5827325648618475,-0.7866501789288748
40,179,36,7,0.004288419810039039,0.9996310290205088,0.9991112773188094,0.0005197517016993025,-0.588629091908864,-0.7290108162077229
40,184,39,8,0.004770035212424242,0.9996310290205088,0.9987438629306542,0.0008871660898546437,-0.5794822510903842,-0.7041372131214382
40,J297,60,9,0.06073168962247371,0.9996310290205088,0.8813605274916254,0.1182705015288834,2.342794934061821,2.186069314646732
40,163,33,10,0.007588990348312842,0.9996310290205088,0.998213961582941,0.0014170674375678688,-0.5662902710447321,-0.5585489058935561
40,123,21,11,0.012371764314981566,0.9996310290205088,0.9974753545344371,0.0021556744860715647,-0.5479025287083755,-0.3115368279800184
40,185,40,12,0.0008982581191287725,0.9996310290205088,0.9990596127259508,0.0005714162945580527,-0.587342893485326,-0.9040997686797727
40,J303,61,13,0.06081016090131896,0.9996310290205088,0.8386941835185774,0.16093684550193144,3.404980491321415,2.190122057632117
40,J304,62,14,0.06070575409215915,0.9996310290205088,0.9031151453052232,0.09651588371528569,1.8012101931732523,2.184729843185309
40,OF-02,72,15,0.039559891857404474,0.9996310290205088,0.9869459694536217,0.012685059566887282,-0.2857717783742942,1.0926265143888083
40,Stor-01,76,16,0.017985149131172874,0.9996310290205088,0.9432119860372854,0.056419042983223366,0.8029928360863945,-0.021626859990984036
40,148,29,17,0.009065460050636185,0.9996310290205088,0.9970796150189553,0.002551414001553561,-0.5380505292483934,-0.4822948634301414
40,124,22,18,0.0018101997864278811,0.9996310290205088,0.9978206003320064,0.0018104286885024766,-0.5564974788666105,-0.8570014513130446
40,125,23,19,0.009507677674613729,0.9996310290205088,0.9975705840212898,0.002060444999219113,-0.5502732822377573,-0.45945600569822076
40,127,24,20,0.0021338520844069253,0.9996310290205088,0.9939183435342308,0.005712685486278069,-0.45935016261346223,-0.8402860415524243
40,99,13,21,0.026624430278285868,0.9996310290205088,0.9922700706739196,0.007360958346589263,-0.41831614226825853,0.4245591405809813
40,120,20,22,0.02340462164370708,0.9996310290205088,0.9948703893061345,0.004760639714374376,-0.48305149660647934,0.2582682753103364
40,HartleyRd,75,23,0.014472397133932084,0.9996310290205088,0.9327912987710621,0.06683973024944655,1.0624175366863153,-0.20304713535426616
40,20,2,24,0.034392152563727386,0.9996310290205088,0.9936704551521838,0.005960573868325043,-0.45317894111416823,0.8257324420486697
40,78,9,25,0.0317913081653565,0.9996310290205088,0.9752931538526854,0.02433787516782336,0.004326957072602968,0.6914087245473703
40,116,17,26,0.0019618592548015673,0.9996310290205088,0.9992203623084617,0.00041066671204728167,-0.5913447804289627,-0.849168816804427
40,136,25,27,0.0003839429646368634,0.9996310290205088,0.9995338732786208,9.71557418881508e-05,-0.5991496869087827,-0.9306621895465809
40,137,26,28,0.01019226888768546,0.9996310290205088,0.9955492638098985,0.004081765210610291,-0.49995218754792703,-0.42409947427092015
40,25,3,29,0.034476725915214855,0.9996310290205088,0.9801590556823099,0.01947197333819884,-0.11681045863226945,0.8301003338689018
40,J110,66,30,0.00011496673621843978,0.9996310290205088,0.9983629615466784,0.0012680674738303433,-0.5699996493222376,-0.9445537883455218
40,118,19,31,0.0019632717705867124,0.9996310290205088,0.999020887660346,0.0006101413601627678,-0.5863788266926512,-0.8490958657384545
40,154,32,32,0.007386103280629027,0.9996310290205088,0.9985127496268188,0.0011182793936900534,-0.5737286478854883,-0.5690272509961306
40,16,1,33,0.03964241858486849,0.9996310290205088,0.9668621098893724,0.032768919131136484,0.2142191647599757,1.0968887058652101
40,94,11,34,0.029381307745802,0.9996310290205088,0.9799619147514506,0.019669114269058235,-0.11190260316577254,0.5669413724301033
40,189,42,35,0.0015239622300310895,0.9996310290205088,0.9991496172031968,0.000481411817311948,-0.589583569552624,-0.8717845320262885
40,110,14,36,0.023376109067665324,0.9996310290205088,0.9904349650059548,0.009196064014554048,-0.3726308888566065,0.25679570924222933
40,186,41,37,0.0010309026743608339,0.9996310290205088,0.9969226171213702,0.0027084118991385605,-0.534142041109821,-0.8972491820871117
40,34,5,38,0.03390597179747541,0.9996310290205088,0.9451669446999716,0.05446408432053717,0.7543238229209699,0.8006230552889306
40,183,38,39,0.0011892134808122435,0.9996310290205088,0.9932987872103106,0.006332241810198169,-0.443926207385602,-0.8890730312737445
40,138,27,40,0.00048183718303925675,0.9996310290205088,0.9963575235054155,0.0032735055150933225,-0.5200739438351656,-0.9256063256333341
41,OF-03,73,1,0.004330282022167151,0.9995334637546226,0.9990438126355096,0.0004896511191133405,-0.546709151333218,-0.7368806971817703
41,J305,71,2,0.004935691874278571,0.9995334637546226,0.9593260664593986,0.04020739729522421,0.5369226046736005,-0.7053546278152267
41,OF-04,74,3,0.04736523701194608,0.9995334637546226,0.9493762457907929,0.050157217963829846,0.8083866901548432,1.5041184729872596
41,J306,63,4,0.06058292353377646,0.9995334637546226,0.868277703245568,0.13125576050905485,3.021023723439824,2.192415336176994
41,176,35,5,0.005846121156486149,0.9995334637546226,0.9985071444579687,0.001026319296653857,-0.5320670647192753,-0.6579449984474408
41,117,18,6,0.0031723706473435506,0.9995334637546226,0.9989260616831342,0.0006074020714885453,-0.543496515079186,-0.7971776913513998
41,J297,60,7,0.06073158156972579,0.9995334637546226,0.8720109788529704,0.12752248490165233,2.9191675913176978,2.20015654411553
41,179,36,8,0.004288413839296375,0.9995334637546226,0.9987524610417131,0.0007810027129096299,-0.5387601142000195,-0.7390609379440106
41,184,39,9,0.004770027437765902,0.9995334637546226,0.9987534257453575,0.0007800380092652049,-0.5387864345128489,-0.7139814258411474
41,163,33,10,0.007588982331767664,0.9995334637546226,0.998973180696827,0.0005602830577958009,-0.5447820779437749,-0.5671873701786688
41,185,40,11,0.0008982780122938169,0.9995334637546226,0.9992733474613078,0.0002601162933149369,-0.5529716221502113,-0.9155986286858142
41,123,21,12,0.01237173745351944,0.9995334637546226,0.9977989259968697,0.001734537757753163,-0.5127445177843465,-0.31813052182102475
41,J303,61,13,0.06081004006506158,0.9995334637546226,0.8939597394293116,0.10557372432531117,2.320332655919993,2.2042421861937425
41,J304,62,14,0.06070564055759207,0.9995334637546226,0.8687329601793914,0.13080050357523154,3.0086028053835534,2.1988056937038394
41,OF-02,72,15,0.039559803894237126,0.9995334637546226,0.9791931593125555,0.020340304442067168,-0.005117535765333753,1.0976589067172338
41,Stor-01,76,16,0.01798511102269773,0.9995334637546226,0.9758666256425663,0.023666838112056342,0.08564132820047522,-0.02582010780142042
41,148,29,17,0.009065449800753066,0.9995334637546226,0.997529665852163,0.002003797902459739,-0.5053982086021167,-0.4903019087307898
41,HartleyRd,75,18,0.014472541940020676,0.9995334637546226,0.9795909221593199,0.019942541595302867,-0.01596982456848648,-0.20873337914817192
41,124,22,19,0.0018102028138469643,0.9995334637546226,0.9993778314969759,0.0001556322576468504,-0.5558222929446631,-0.8681111217505209
41,127,24,20,0.0021338761560662236,0.9995334637546226,0.9991559122993824,0.0003775514552404512,-0.5497676017063013,-0.8512561792626883
41,99,13,21,0.026624396011455533,0.9995334637546226,0.9956664128030785,0.0038670509515441993,-0.45456248986541575,0.42406140120116276
41,125,23,22,0.0095076566361215,0.9995334637546226,0.9985655437705617,0.0009679199840610053,-0.533660391525232,-0.4672744615930131
41,120,20,23,0.023404572068197977,0.9995334637546226,0.9925334716814797,0.006999992073143068,-0.3690854722619817,0.25639251932027524
41,20,2,24,0.034392101822190616,0.9995334637546226,0.9983393045326385,0.0011941592219842055,-0.5274878352683561,0.8285563583844303
41,78,9,25,0.031791241621088415,0.9995334637546226,0.9829629575972942,0.016570506157328604,-0.10797012757578753,0.6931193501714555
41,189,42,26,0.00152428947186128,0.9995334637546226,0.9986009047069618,0.0009325590476608688,-0.5346251550703591,-0.8829997526851263
41,116,17,27,0.001961888618116163,0.9995334637546226,0.9993975905197215,0.0001358732349011952,-0.5563613845743823,-0.8602122460209092
41,136,25,28,0.0003839455197581007,0.9995334637546226,0.9994505416112103,8.292214341245706e-05,-0.5578060658510589,-0.9423819421396626
41,25,3,29,0.0344766496090821,0.9995334637546226,0.97039223946209,0.02914122429253281,0.23500072748525241,0.8329590937958755
41,137,26,30,0.010192261835908859,0.9995334637546226,0.9993286909364117,0.00020477281821096958,-0.554481575581217,-0.4316243793521637
41,84,10,31,0.031106863183669432,0.9995334637546226,0.9948557631503071,0.004677700604315617,-0.4324452805241825,0.6574810763379688
41,96,12,32,0.028493809698649238,0.9995334637546226,0.9880603407948098,0.01147312295981307,-0.2470436359483687,0.5214091159297762
41,118,19,33,0.0019632709212426365,0.9995334637546226,0.9989988062211228,0.0005346575334999409,-0.5454812271796905,-0.8601402640667029
41,154,32,34,0.007386089001292312,0.9995334637546226,0.9963576838754974,0.003175779879125462,-0.4734226558667883,-0.5777528229678278
41,16,1,35,0.03964234303791012,0.9995334637546226,0.9754046304938153,0.024128833260807506,0.0982460870930876,1.1019570441852893
41,186,41,36,0.0010309288312171556,0.9995334637546226,0.9970637220594639,0.0024697416951587094,-0.4926857176152401,-0.9086909794225573
41,J288,59,37,0.014445369530194105,0.9995334637546226,0.9759803834847207,0.023553080269901938,0.08253763722801344,-0.21014835327530415
41,J110,66,38,0.00011497419095524793,0.9995334637546226,0.9991168177367075,0.0004166460179153495,-0.5487009724616841,-0.9563883358907335
41,34,5,39,0.03390591461365315,0.9995334637546226,0.9485671472668745,0.05096631648774819,0.8304615795599098,0.803238680437793
41,197,43,40,0.0009476281395195827,0.9995334637546226,0.998693463799001,0.0008399999556217392,-0.5371504738786325,-0.913028773688012
41,203,44,41,0.0009983041911695838,0.9995334637546226,0.9984665681333652,0.0010668956212576658,-0.5309600080980923,-0.910389872596514
42,OF-03,73,1,0.004330272802811269,0.9997041690554058,0.9992047855566342,0.0004993834987715948,-0.5370571067321946,-0.7162720837034984
42,J305,71,2,0.0049356813766695635,0.9997041690554058,0.9597902761139492,0.03991389294145675,0.5051007348057047,-0.6846840000685679
42,OF-04,74,3,0.047365136411820566,0.9997041690554058,0.9495655264405357,0.05013864261487011,0.7754530289375144,1.5291352818310953
42,176,35,4,0.005846111703427465,0.9997041690554058,0.9985393080518704,0.0011648610035354182,-0.5194612363341323,-0.6371809574173466
42,J306,63,5,0.06058279477034541,0.9997041690554058,0.8706544080039003,0.12904976105150553,2.86193950374325,2.2187860659720333
42,J297,60,6,0.06073145973285697,0.9997041690554058,0.8595145823923213,0.14018958666308456,3.156487292834822,2.226542879258424
42,117,18,7,0.0031723644416853116,0.9997041690554058,0.9990375145827942,0.0006666544726116467,-0.5326343000167494,-0.7766876571396835
42,179,36,8,0.00428840591464856,0.9997041690554058,0.9989313194717538,0.0007728495836519489,-0.5298263983260135,-0.7184565502306068
42,184,39,9,0.004770017977981933,0.9997041690554058,0.9990015269847552,0.0007026420706506345,-0.531682753035073,-0.6933277317878622
42,185,40,10,0.000898293554867448,0.9997041690554058,0.9994704295670319,0.00023373948837377323,-0.5440809919056545,-0.8953406535892792
42,163,33,11,0.007588972472705825,0.9997041690554058,0.9990201366869502,0.0006840323684556469,-0.5321748116029816,-0.5462446309078873
42,123,21,12,0.012371711345519981,0.9997041690554058,0.9987804314620456,0.0009237375933601299,-0.5258367730652934,-0.29669818898080547
42,J304,62,13,0.0607055239534667,0.9997041690554058,0.8704808613715037,0.12922330768390203,2.8665282449550995,2.225189641785595
42,J303,61,14,0.060809919588639544,0.9997041690554058,0.880995356175724,0.11870881287968191,2.5885148086604834,2.2306366377439533
42,OF-02,72,15,0.03955973187331426,0.9997041690554058,0.9778377774008714,0.021866391654534283,0.027907303952991763,1.1218768087713575
42,125,23,16,0.009507753576714335,0.9997041690554058,0.995332571042463,0.004371598012942912,-0.4346720009140266,-0.44612940194066136
42,Stor-01,76,17,0.01798507463642518,0.9997041690554058,0.9772073620043643,0.022496807051041408,0.044576098216472154,-0.003812695178953461
42,148,29,18,0.00906544938447599,0.9997041690554058,0.9968187414541917,0.0028854276012140606,-0.4739677874237398,-0.4692072743392366
42,127,24,19,0.0021339397651168675,0.9997041690554058,0.9988681449269801,0.0008360241284257001,-0.5281560021152656,-0.8308689934279558
42,124,22,20,0.0018102265745485655,0.9997041690554058,0.9991570728715602,0.0005470961838456148,-0.5357955370819869,-0.8477592057224964
42,99,13,21,0.026624377822521465,0.9997041690554058,0.9976643993289264,0.002039769726479592,-0.49632780148643824,0.44695566750004373
42,HartleyRd,75,22,0.0144725125663049,0.9997041690554058,0.9830713988340805,0.016632770221325418,-0.11047472067148778,-0.1870857924473355
42,137,26,23,0.010192411207211583,0.9997041690554058,0.9989224542234052,0.0007817148320005849,-0.5295919925649283,-0.4104063821036438
42,20,2,24,0.03439216930887581,0.9997041690554058,0.9985993479938903,0.0011048210615154385,-0.5210487506091125,0.852251624189111
42,189,42,25,0.0015244129034435044,0.9997041690554058,0.9993276433284793,0.0003765257269264794,-0.5403055853288508,-0.8626719547926581
42,120,20,26,0.023404530584551518,0.9997041690554058,0.9902375076254966,0.009466661429909248,-0.2999535845692611,0.27895539753937926
42,186,41,27,0.001031231757960976,0.9997041690554058,0.9977578996569302,0.0019462693984754979,-0.4988000408062636,-0.8884044071287548
42,116,17,28,0.001961886418307191,0.9997041690554058,0.9987787552664976,0.0009254137889081355,-0.5257924528299536,-0.8398461300979195
42,78,9,29,0.03179117924916625,0.9997041690554058,0.9828468978596743,0.016857271195731573,-0.10453869725730584,0.7165411385973445
42,136,25,30,0.00038397915671499553,0.9997041690554058,0.9996104683504515,9.370070495427374e-05,-0.5477837531051127,-0.9221757644962009
42,25,3,31,0.03447659615587057,0.9997041690554058,0.9680568841858878,0.03164728486951807,0.2865236030106458,0.8566567192258527
42,203,44,32,0.0009985118948391486,0.9997041690554058,0.999049742530176,0.0006544265252297264,-0.5329576188003692,-0.8901116141579333
42,84,10,33,0.031106799233096477,0.9997041690554058,0.9974007235072501,0.0023034455481557034,-0.48935595713091484,0.6808326037017894
42,16,1,34,0.039642270568997044,0.9997041690554058,0.979341355102872,0.020362813952533778,-0.011848748187653892,1.1261833867336248
42,96,12,35,0.02849376365018047,0.9997041690554058,0.9862499294058461,0.013454239649559767,-0.19451815053455515,0.5444936252030806
42,118,19,36,0.001963266811722803,0.9997041690554058,0.9991107947191508,0.0005933743362549596,-0.5345718978661947,-0.8397741060392189
42,154,32,37,0.007386091094385449,0.9997041690554058,0.9964922142450879,0.0032119548103177633,-0.46533409145099786,-0.5568302655075289
42,J288,59,38,0.014445341513778128,0.9997041690554058,0.9687037705467824,0.031000398508623416,0.26941930048036533,-0.18850348211465376
42,183,38,39,0.00118930182538335,0.9997041690554058,0.9994753836777488,0.000228785377656943,-0.5442119833959558,-0.8801568686472703
42,J110,66,40,0.00011498186671270371,0.9997041690554058,0.999483571899928,0.0002205971554779287,-0.5444284879287478,-0.9362110941249333
42,34,5,41,0.03390584456683141,0.9997041690554058,0.9467343084415171,0.052969860613888704,0.8503131776619598,0.8268769147965248
42,138,27,42,0.00048190179353976023,0.9997041690554058,0.9983922577648573,0.0013119112905485592,-0.5155730841820931,-0.9170665067563234
43,OF-03,73,1,0.00433026602041467,0.9997244275134689,0.9991694593535526,0.0005549681599164034,-0.5338176227050017,-0.7306259645990717
43,J305,71,2,0.0049356737394634425,0.9997244275134689,0.9569527311148158,0.042771696398653,0.570700905781737,-0.6986926099566042
43,OF-04,74,3,0.047365054211502354,0.9997244275134689,0.9517059824402653,0.04801844507320373,0.7079718731713205,1.5393238725597744
43,J306,63,4,0.060582690270381774,0.9997244275134689,0.8633659113935566,0.1363585161199125,3.01921789695473,2.2365126372924844
43,185,40,5,0.0008983200521269335,0.9997244275134689,0.9995765090255203,0.00014791848794858077,-0.544467285136454,-0.9116503292888938
43,176,35,6,0.005846101504555285,0.9997244275134689,0.9986587652410577,0.0010656622724112491,-0.5204563052090125,-0.6506704064328256
43,J297,60,7,0.06073135350054003,0.9997244275134689,0.8581763585462151,0.14154806896725383,3.154992446844888,2.244354155498425
43,117,18,8,0.003172359151465719,0.9997244275134689,0.9989813117320232,0.0007431157814457433,-0.5288951063770029,-0.7917019131304068
43,179,36,9,0.004288399958946686,0.9997244275134689,0.9989323215671205,0.0007921059463484663,-0.5276133740612563,-0.7328342677743946
43,184,39,10,0.0047700108379187854,0.9997244275134689,0.9988433273176596,0.0008811001958093333,-0.5252850127324855,-0.7074308074054867
43,163,33,11,0.007588968241258653,0.9997244275134689,0.9982159099154936,0.0015085175979753689,-0.5088698575393,-0.5587396631559551
43,123,21,12,0.01237169563544469,0.9997244275134689,0.9980940114101481,0.00163041610332088,-0.5056806203964411,-0.3064658231779047
43,J304,62,13,0.06070542919595911,0.9997244275134689,0.8841415956025551,0.11558283191091388,2.475662555075516,2.242986729900776
43,J303,61,14,0.06080981938325096,0.9997244275134689,0.8662465770038026,0.13347785050966632,2.9438508878653797,2.24849298422674
43,120,20,15,0.02340475121113625,0.9997244275134689,0.9990797148754391,0.0006447126380298752,-0.5314696331036959,0.27549318626813585
43,125,23,16,0.009507755617095213,0.9997244275134689,0.995943919691468,0.0037805078220009627,-0.4494276552732699,-0.4575296590080861
43,Stor-01,76,17,0.01798507102564201,0.9997244275134689,0.9640657751282872,0.03565865238518182,0.3846019531961184,-0.010377911781405466
43,OF-02,72,18,0.03955966469221916,0.9997244275134689,0.9786020286400415,0.02112239887342754,0.004289171785904676,1.1276141044162533
43,148,29,19,0.009065439396229375,0.9997244275134689,0.9967150572352016,0.0030093702782672442,-0.46960296824989517,-0.4808604496481817
43,127,24,20,0.0021339427178076486,0.9997244275134689,0.9989151311915822,0.0008092963218868866,-0.5271636213427022,-0.8464751167074459
43,99,13,21,0.026624358099376643,0.9997244275134689,0.9992998311193002,0.00042459639416888895,-0.5372285462148803,0.4453173317763112
43,HartleyRd,75,22,0.014472514953645155,0.9997244275134689,0.9734348766103698,0.026289550903099163,0.1394776478801612,-0.1956542061188276
43,124,22,23,0.0018102261716961452,0.9997244275134689,0.9992794901028494,0.0004449374106194985,-0.5366963631089109,-0.8635501472122692
43,110,14,24,0.023376299391386288,0.9997244275134689,0.9902515939955085,0.00947283351796044,-0.3004990323394011,0.2739924421882179
43,137,26,25,0.010192422072458506,0.9997244275134689,0.9994875619292503,0.00023686558421874172,-0.5421401574791445,-0.42141565510131446
43,20,2,26,0.0343921775740002,0.9997244275134689,0.9936222287230981,0.006102198790370818,-0.38868512976339714,0.8550453981306072
43,189,42,27,0.0015244176870654457,0.9997244275134689,0.9993025189630859,0.00042190855038317754,-0.5372988684162172,-0.8786256466027932
43,186,41,28,0.0010313123812560679,0.9997244275134689,0.998459393846087,0.0012650336673820266,-0.5152401406936057,-0.9046354018653036
43,25,3,29,0.034476593385700124,0.9997244275134689,0.9732128145534075,0.02651161296006148,0.14528746940403056,0.859498066915011
43,78,9,30,0.031791148210326504,0.9997244275134689,0.9819374737900368,0.017786953723432235,-0.0829762588293621,0.7178492731189077
43,J288,59,31,0.014445470598840538,0.9997244275134689,0.9743722064679157,0.0253522210455533,0.11495423647062215,-0.19708071084593856
43,116,17,32,0.0019618902395451138,0.9997244275134689,0.9991504791012329,0.0005739484122360677,-0.5333210413440805,-0.8555503442484914
43,203,44,33,0.0009985680191683113,0.9997244275134689,0.998586062669315,0.001138364844153909,-0.5185541839194541,-0.9063625640639168
43,136,25,34,0.0003839847288716308,0.9997244275134689,0.9996197489801537,0.00010467853331526654,-0.5455985743920624,-0.9387799012548179
43,154,32,35,0.0073861702940905705,0.9997244275134689,0.9976816181163953,0.002042809397073556,-0.494891152501211,-0.5694366175619181
43,84,10,36,0.031106750230378864,0.9997244275134689,0.9987611570407467,0.0009632704727222283,-0.5231351873640218,0.6817494304466084
43,16,1,37,0.03964222123439888,0.9997244275134689,0.9822426423481426,0.017481785165326297,-0.09096040020653097,1.1319687025763545
43,118,19,38,0.001963284482668578,0.9997244275134689,0.9990792315233211,0.000645195990147919,-0.5314569871362693,-0.855476802305238
43,96,12,39,0.02849372417193579,0.9997244275134689,0.9816086020160645,0.018115825497404547,-0.07437196894231635,0.5439205174863013
43,183,38,40,0.0011893066389831045,0.9997244275134689,0.9989042540960342,0.0008201734174347767,-0.526879043307644,-0.8963017012785353
43,34,5,41,0.03390578565618008,0.9997244275134689,0.9459523053290344,0.05377212218443448,0.858505636478285,0.8293897529872254
43,J110,66,42,0.0001149818743282644,0.9997244275134689,0.9994942664729402,0.00023016104052887983,-0.5423155688158218,-0.952968956471138
43,138,27,43,0.0004819032156916037,0.9997244275134689,0.9988138965511636,0.0009105309623052893,-0.5245150140078444,-0.9336150087909608
44,OF-03,73,1,0.004330258861574138,0.999797644860452,0.9992397722908041,0.0005578725696479358,-0.5202909446243827,-0.7115249336428606
44,J305,71,2,0.004935665905187816,0.999797644860452,0.9567928808644794,0.043004763995972584,0.5364333162466096,-0.6795214924908491
44,OF-04,74,3,0.04736497471554564,0.999797644860452,0.9517985686019834,0.0479990762584686,0.6607677670580531,1.563405645468421
44,J306,63,4,0.06058258982813864,0.999797644860452,0.863098330932413,0.13669931392803894,2.8689787794745643,2.2621242545233535
44,185,40,5,0.0008983185515369239,0.999797644860452,0.9996500770055943,0.00014756785485782952,-0.5305055665177439,-0.8929465092721975
44,176,35,6,0.005846091832786803,0.999797644860452,0.9987394490378451,0.0010581958226070507,-0.5078352923512955,-0.6313939345039745
44,J297,60,7,0.060731252816958604,0.999797644860452,0.858218083803575,0.14157956105687697,2.990473554870315,2.269982979102742
44,117,18,8,0.0031723548412114807,0.999797644860452,0.9990432607802558,0.0007543840801961125,-0.5153987493714725,-0.7727348478093046
44,179,36,9,0.0042883951995397575,0.999797644860452,0.9990048770103847,0.0007927678500673495,-0.5144431773735317,-0.7137379591741262
44,184,39,10,0.0047700066440265745,0.999797644860452,0.9989175227994185,0.0008801220610335486,-0.5122684759780846,-0.6882786856417809
44,163,33,11,0.007588955857200366,0.999797644860452,0.9982709193959535,0.001526725464498526,-0.49617114869113416,-0.5392614645737597
44,123,21,12,0.012371687810716767,0.999797644860452,0.9981662294352812,0.001631415425170758,-0.4935648701723881,-0.28643341733703115
44,J304,62,13,0.06070535984466423,0.999797644860452,0.8721674638191985,0.12763018104125354,2.6432008149523942,2.2686142070941986
44,J303,61,14,0.060809748517882505,0.999797644860452,0.8450437312616298,0.15475391359882226,3.3184518233497617,2.2741324725249017
44,120,20,15,0.023404714408823798,0.999797644860452,0.9991802237102239,0.0006174211502280322,-0.5188084702267313,0.29680197971661243
44,125,23,16,0.009507745646763042,0.999797644860452,0.9961342587783499,0.0036633860821019926,-0.4429785346739648,-0.4378290865379746
44,Stor-01,76,17,0.01798504507286367,0.999797644860452,0.961796749688815,0.03800089517163698,0.4118609528246768,0.010303712994361124
44,OF-02,72,18,0.039559599254736275,0.999797644860452,0.9787389295692138,0.02105871529123822,-0.009918167154756968,1.1507925500899525
44,20,2,19,0.03439220441912366,0.999797644860452,0.9924727923587731,0.007324852501678823,-0.3518255605475317,0.8776301905250297
44,124,22,20,0.0018102665375963505,0.999797644860452,0.9993361687309206,0.00046147612953142454,-0.5226907542101924,-0.844738491190115
44,148,29,21,0.00906542427130478,0.999797644860452,0.9968139016527463,0.002983743207705788,-0.4598983865163346,-0.4612113815725008
44,127,24,22,0.0021339391408468286,0.999797644860452,0.9989002533780496,0.0008973914824023795,-0.5118385501126458,-0.8276282886909596
44,99,13,23,0.026624317200051737,0.999797644860452,0.9992935374730535,0.0005041073873985491,-0.5216294401081262,0.4669988242179231
44,HartleyRd,75,24,0.014472493805594433,0.999797644860452,0.973016186014207,0.026781458846245006,0.13255073339630524,-0.17537917418263033
44,110,14,25,0.02337626052151422,0.999797644860452,0.9904414527974897,0.009356192062962402,-0.30125493630756345,0.2952978308672325
44,137,26,26,0.01019240746534472,0.999797644860452,0.9995503894206554,0.000247255439796523,-0.5280238231916113,-0.4016360252725856
44,189,42,27,0.0015244666578902637,0.999797644860452,0.9993625397462188,0.0004351051142333335,-0.5233472661646111,-0.8598466398776984
44,116,17,28,0.001962026036891992,0.999797644860452,0.9989792659396949,0.0008183789207570186,-0.513805584399459,-0.8367160767563874
44,197,43,29,0.0009480194791011247,0.999797644860452,0.9996173200919508,0.00018032476850120006,-0.5296900762852428,-0.8903191848509172
44,78,9,30,0.03179116167938424,0.999797644860452,0.981250739852905,0.018546905007546903,-0.07245021075773635,0.7401320904728012
44,186,41,31,0.0010313155871339514,0.999797644860452,0.9979932388796399,0.0018044059808120449,-0.48925823402295426,-0.8859159290253685
44,25,3,32,0.034476546777860696,0.999797644860452,0.9734452372880361,0.02635240757241598,0.1218694119855328,0.8820887539707912
44,J288,59,33,0.014445464661697473,0.999797644860452,0.9729720146051973,0.02682563025525472,0.1336503898839526,-0.1768080072714102
44,203,44,34,0.0009985865698544495,0.999797644860452,0.9987358833050164,0.001061761555435607,-0.5077465226849875,-0.8876460727188008
44,136,25,35,0.00038398459377344727,0.999797644860452,0.9997044691557145,9.317570473747742e-05,-0.531859670498076,-0.920135582678929
44,154,32,36,0.0073861600713387866,0.999797644860452,0.9978074979093021,0.0019901469511499014,-0.48463417362657846,-0.5499817940895135
44,118,19,37,0.001963310607161436,0.999797644860452,0.9991347245615313,0.0006629202989206931,-0.5176757593813219,-0.8366481709243403
44,84,10,38,0.03110671050124705,0.999797644860452,0.9988925048816375,0.0009051399788144411,-0.5116456496700278,0.7039501642266368
44,96,12,39,0.028493684124317683,0.999797644860452,0.9802549668060551,0.01954267805439694,-0.047660231996764627,0.5658185769501661
44,16,1,40,0.03964215548012542,0.999797644860452,0.9824296582361689,0.017367986624283162,-0.10179963106437838,1.155156693733216
44,183,38,41,0.001189408901732638,0.999797644860452,0.9986538343273011,0.001143810533150787,-0.5057038961835444,-0.8775586921156603
44,34,5,42,0.03390572870972769,0.999797644860452,0.94599271588715,0.05380492897330211,0.8053056875664879,0.8519137788945896
44,J110,66,43,0.00011501412979696676,0.999797644860452,0.9995142210408892,0.00028342381956274724,-0.5271234037947822,-0.9343540832832817
44,138,27,44,0.0004819138401366157,0.999797644860452,0.998416607032618,0.0013810378278339137,-0.49979807294870127,-0.9149587798879716
45,OF-03,73,1,0.004330253328029542,0.9997695452218971,0.9992331232201456,0.0005364220017515484,-0.5292399725299082,-0.6954052961959367
45,J305,71,2,0.004935659593398731,0.9997695452218971,0.9583394910947088,0.041430054127188136,0.5004019015360658,-0.6632885535341848
45,OF-04,74,3,0.04736491445919413,0.9997695452218971,0.9503395278375444,0.0494300173843526,0.7018292811168129,1.5875792319579878
45,J306,63,4,0.06058251290439302,0.9997695452218971,0.8602055423855199,0.1395640028363771,2.9712712669298282,2.2887715257178676
45,176,35,5,0.005846085496446493,0.9997695452218971,0.9985079136851922,0.0012616315367048377,-0.5109802566316142,-0.6149905491801221
45,J297,60,6,0.06073117609063858,0.9997695452218971,0.8630623531410646,0.1367071920808323,2.89934094850841,2.29665809308435
45,185,40,7,0.0008983176681684358,0.9997695452218971,0.9996233971987577,0.00014614802313926015,-0.5390665007655252,-0.8774691444321829
45,179,36,8,0.004288392220649993,0.9997695452218971,0.9989873064690722,0.0007822387528249318,-0.5230506661001041,-0.6976260238133244
45,117,18,9,0.003172351507909466,0.9997695452218971,0.999014882958374,0.0007546622635230379,-0.5237450017863514,-0.7568318735401479
45,184,39,10,0.004770000578867411,0.9997695452218971,0.9988880472504014,0.0008814979714957547,-0.5205514640821209,-0.6720767479147919
45,163,33,11,0.007588946147046063,0.9997695452218971,0.9988276634665241,0.0009418817553729269,-0.5190310886798144,-0.5225319635781626
45,123,21,12,0.012371673122499472,0.9997695452218971,0.9984276762821791,0.00134186893971798,-0.508959996123689,-0.26880876928914393
45,J304,62,13,0.06070528220394981,0.9997695452218971,0.8672204452596912,0.13254909996220582,2.7946462677221944,2.295284424949633
45,J303,61,14,0.060809671210615396,0.9997695452218971,0.8474344666944085,0.15233507852748862,3.292828282655393,2.3008222514565158
45,120,20,15,0.023404704516217484,0.9997695452218971,0.9965533670887922,0.003216178133104834,-0.4617676307075217,0.3164924578710737
45,127,24,16,0.002134028293426837,0.9997695452218971,0.9995226094822746,0.0002469357396225992,-0.5365288134071508,-0.811914817650291
45,20,2,17,0.034392182098623575,0.9997695452218971,0.9964695703389731,0.0032999748829238935,-0.4596577510504719,0.8993770598345323
45,99,13,18,0.026624333550020883,0.9997695452218971,0.999443199785308,0.0003263454365889181,-0.5345293933274521,0.48729346053646677
45,OF-02,72,19,0.03955956646255662,0.9997695452218971,0.9799149337085724,0.019854611513324738,-0.042836202103132874,1.1735062906405473
45,125,23,20,0.009507738127094649,0.9997695452218971,0.9960348517078027,0.003734693514094403,-0.44871217143756736,-0.4207402383024531
45,Stor-01,76,21,0.017985024382550414,0.9997695452218971,0.9657196892598083,0.03404985596208871,0.3145793009320822,0.028978961366627535
45,110,14,22,0.023376272349118418,0.9997695452218971,0.993631588548765,0.006137956673131991,-0.3882015184499598,0.31498413421096133
45,124,22,23,0.0018102642519477433,0.9997695452218971,0.9976661343693383,0.0021034108525587176,-0.4897854840648937,-0.8290904681153086
45,148,29,24,0.009065412666801985,0.9997695452218971,0.9970145716366723,0.0027549735852247645,-0.47338008698311873,-0.4442055603408652
45,HartleyRd,75,25,0.014472485279541201,0.9997695452218971,0.9744755612671121,0.02529398395478498,0.09411924409417997,-0.15736089157806063
45,189,42,26,0.0015245153007125672,0.9997695452218971,0.997803092569619,0.001966452652278107,-0.49323389132725365,-0.8442494217926201
45,137,26,27,0.010192401585048475,0.9997695452218971,0.9995549341033482,0.00021461111854892905,-0.5373427001100652,-0.38441890939185985
45,116,17,28,0.0019620295185514562,0.9997695452218971,0.9934411269167804,0.006328418305116526,-0.38340597299455287,-0.8210393356918092
45,186,41,29,0.0010313576894533966,0.9997695452218971,0.9996539456453061,0.00011559957659093505,-0.5398356659905006,-0.8704113844258219
45,203,44,30,0.0009986540552637476,0.9997695452218971,0.999178571565404,0.0005909736564930837,-0.527866441613183,-0.8721463089937607
45,78,9,31,0.03179114937683692,0.9997695452218971,0.982062012301078,0.017707532920818943,-0.09689650222451755,0.7613925305045037
45,197,43,32,0.0009480390847712669,0.9997695452218971,0.9974211151179184,0.0023484301039787027,-0.48361625751048865,-0.8748314281858255
45,25,3,33,0.03447651208701039,0.9997695452218971,0.9732095209626336,0.026560024259263505,0.1259962881226433,0.9038507574003087
45,96,12,34,0.028493759659723304,0.9997695452218971,0.9815877420159882,0.018181803205908995,-0.08495506978691866,0.5864663312596645
45,J288,59,35,0.014445448303469418,0.9997695452218971,0.9669615790214984,0.03280796620039857,0.283310332265085,-0.1587952004917946
45,136,25,36,0.00038398952481220606,0.9997695452218971,0.9996724148561601,9.7130365736927e-05,-0.5403006937194611,-0.9047542017049143
45,118,19,37,0.0019633246831661376,0.9997695452218971,0.9957116089908515,0.004057936231045544,-0.4405733923768362,-0.8209706273367527
45,16,1,38,0.03964212716888074,0.9997695452218971,0.9679535293101438,0.03181601591175325,0.25833447414008015,1.177886127967416
45,154,32,39,0.0073861520683610625,0.9997695452218971,0.996975247539946,0.0027942976819510384,-0.4723899637158826,-0.5332901694491926
45,84,10,40,0.031106674613640146,0.9997695452218971,0.9973678380803779,0.002401707141519174,-0.48227481959150925,0.7250812118321596
45,183,38,41,0.0011894250974061476,0.9997695452218971,0.9985652866173678,0.001204258604529147,-0.5124248231896747,-0.8620259240253868
45,J110,66,42,0.00011502110488313853,0.9997695452218971,0.9996169214877699,0.0001526237341271777,-0.5389034518297628,-0.919022949851635
45,138,27,43,0.0004819797216855245,0.9997695452218971,0.9995299260504887,0.00023961917140835964,-0.5367130338986135,-0.899555831426345
45,34,5,44,0.03390568668694037,0.9997695452218971,0.9455171107256735,0.054252434496223564,0.8232506940488791,0.8735685262316891
45,115,16,45,0.001978967327654233,0.9997695452218971,0.9932721588449454,0.006497386376951604,-0.3791516039620363,-0.820140786589619
46,OF-03,73,1,0.004330248523925561,0.9997836779969533,0.999233814848933,0.0005498631480202892,-0.5076940408292644,-0.6768820031212238
46,J305,71,2,0.004935654629291188,0.9997836779969533,0.9560519589369687,0.04373171905998454,0.5985758186294703,-0.6446374904075338
46,OF-04,74,3,0.04736486210422904,0.9997836779969533,0.9513748025593919,0.04840887543756137,0.7183992263828839,1.6151829965880067
46,J306,63,4,0.06058244568115688,0.9997836779969533,0.8581887221237725,0.1415949558731807,3.1057202418851473,2.3191642381268833
46,J297,60,5,0.060731110149607394,0.9997836779969533,0.8611224899012494,0.1386611880957039,3.0305604601126697,2.3270822510120217
46,176,35,6,0.005846079088313668,0.9997836779969533,0.9985283557932036,0.0012553222037497078,-0.48962098505262636,-0.5961474061754374
46,185,40,7,0.0008983168478463503,0.9997836779969533,0.9996493573733837,0.00013432062356966295,-0.5183397659935631,-0.8596699921769657
46,179,36,8,0.004288387599047477,0.9997836779969533,0.9992133764802545,0.0005703015166986909,-0.5071704331526625,-0.6791115563293518
46,117,18,9,0.003172348015832452,0.9997836779969533,0.9990281053656159,0.0007555726313373157,-0.5024239986693718,-0.7385529002652952
46,184,39,10,0.004769995285927987,0.9997836779969533,0.998905363420588,0.0008783145763653009,-0.4992794901389226,-0.6534606667116286
46,163,33,11,0.007588938580642044,0.9997836779969533,0.9981233897231295,0.0016602882738238137,-0.47924621657718636,-0.5033210296977542
46,123,21,12,0.012371660918029844,0.9997836779969533,0.9980891982906361,0.0016944797063171712,-0.4783702711037859,-0.24858862801374232
46,J304,62,13,0.060705215593642385,0.9997836779969533,0.888704781120793,0.1110788968761602,2.3239336422842993,2.3257030820019486
46,J303,61,14,0.06080960384978377,0.9997836779969533,0.8443542932458323,0.15542938475112097,3.4601425187250467,2.3312629011423223
46,120,20,15,0.023404680342887528,0.9997836779969533,0.9982427050772036,0.0015409729197497966,-0.48230293975860394,0.3390406211170693
46,127,24,16,0.002134026406511923,0.9997836779969533,0.9993260400517059,0.0004576379452474619,-0.5100567452558191,-0.7938549100004216
46,99,13,17,0.02662432404804472,0.9997836779969533,0.9964978406918161,0.0032858373051371102,-0.43760150584311175,0.5105219482202951
46,189,42,18,0.0015245784847803573,0.9997836779969533,0.9995428643124917,0.00024081368446154667,-0.5156115353277396,-0.826314693749608
46,20,2,19,0.034392144122071096,0.9997836779969533,0.997762693670848,0.0020209843261053085,-0.4700055954265282,0.9242435326488699
46,Stor-01,76,20,0.017985012415937054,0.9997836779969533,0.960270910215737,0.039512767781216325,0.4904911024991242,0.050383883390594186
46,OF-02,72,21,0.03955952428957158,0.9997836779969533,0.9822684471889396,0.017515230808013635,-0.07306068613626845,1.1994631811306296
46,125,23,22,0.009507731343873274,0.9997836779969533,0.9974593597749487,0.002324318222004603,-0.4622345272475756,-0.40112427763232883
46,110,14,23,0.023376251121454947,0.9997836779969533,0.9932231784377523,0.006560499559200874,-0.3537083966871844,0.33752645338106746
46,124,22,24,0.0018102657567042812,0.9997836779969533,0.9996348674865158,0.00014881051043762176,-0.5179685516311775,-0.8110987142772388
46,148,29,25,0.009065404988846356,0.9997836779969533,0.9968345285211901,0.0029491494757632347,-0.44622706372654913,-0.4246830056528398
46,HartleyRd,75,26,0.014472469521839509,0.9997836779969533,0.9665426348345321,0.03324104316242134,0.32981667649151325,-0.13669753683675512
46,197,43,27,0.0009481343800172356,0.9997836779969533,0.9995308752746084,0.0002528027223448771,-0.5153043898617995,-0.857016662395168
46,137,26,28,0.010192395532492588,0.9997836779969533,0.9989204611859476,0.0008632168110057719,-0.49966627765441235,-0.36465840300886293
46,116,17,29,0.001962048422105119,0.9997836779969533,0.9995528356066931,0.00023084239026024733,-0.5158669885036564,-0.8030146232169424
46,186,41,30,0.00103137756261593,0.9997836779969533,0.9986852883693798,0.0010983896275735723,-0.4936414185269266,-0.8525830502530993
46,203,44,31,0.000998673728629076,0.9997836779969533,0.9996187523174944,0.00016492567945889825,-0.5175556993951673,-0.854324887973977
46,78,9,32,0.03179111546011548,0.9997836779969533,0.9733751279111789,0.02640855008577454,0.15477600267090055,0.7857102390203751
46,96,12,33,0.028493768755815926,0.9997836779969533,0.9975739727480909,0.0022097052488623775,-0.46517078079695273,0.6100903752860649
46,J288,59,34,0.014445455087356262,0.9997836779969533,0.9797484836415841,0.02003519435536922,-0.008502096411508583,-0.13813635165614338
46,25,3,35,0.03447647918116611,0.9997836779969533,0.97263817343129,0.027145504565663336,0.17365593526472362,0.9287352991855761
46,136,25,36,0.0003840419488924587,0.9997836779969533,0.9996856465039065,9.803149304689877e-05,-0.5192694520961044,-0.8870607689971559
46,183,38,37,0.0011894835060338727,0.9997836779969533,0.9976319588965983,0.002151719100354962,-0.46665631973466376,-0.8441621753106986
46,115,16,38,0.0019790850491256565,0.9997836779969533,0.9996148068184784,0.00016887117847497388,-0.5174546202138809,-0.8021072360404778
46,154,32,39,0.007386157947668772,0.9997836779969533,0.9986197270471626,0.0011639509497907265,-0.491961812285292,-0.5141213216671388
46,118,19,40,0.0019633271168708025,0.9997836779969533,0.999336704428953,0.00044697356800031755,-0.5103299544282657,-0.8029465187012074
46,16,1,41,0.03964208319811128,0.9997836779969533,0.9639227497290954,0.03586092826785792,0.396935142480983,1.2038603481767547
46,J110,66,42,0.00011502638558205213,0.9997836779969533,0.999458398364631,0.00032527963232229456,-0.5134476141553967,-0.9013887971991579
46,94,11,43,0.0293812665327667,0.9997836779969533,0.9933335540770849,0.00645012391986844,-0.3565360945809687,0.6573593623323352
46,138,27,44,0.0004819798013356922,0.9997836779969533,0.9991868804280458,0.0005967975689075845,-0.5064916345384226,-0.8818445045751938
46,34,5,45,0.03390565031040527,0.9997836779969533,0.9458868415752528,0.05389683642170044,0.8589945226808465,0.8983324033154181
46,J116,65,46,0.0007765952081498108,0.9997836779969533,0.9986689710865659,0.0011147069103873935,-0.4932233883662499,-0.8661530040328768
47,OF-03,73,1,0.004330244795160613,0.999820617368478,0.9992701675995126,0.000550449768965177,-0.49865694759065987,-0.6948237958100029
47,J305,71,2,0.0049356502450072295,0.999820617368478,0.9561519946935592,0.04366862267491863,0.5956750605548683,-0.6624478095231151
47,OF-04,74,3,0.04736481995902762,0.999820617368478,0.9508071282709016,0.049013489097576454,0.7313268753554241,1.6065872927759983
47,J306,63,4,0.06058239184539846,0.999820617368478,0.8605336643702542,0.13928695299822372,3.022452272716778,2.313439083171204
47,J297,60,5,0.06073105616536632,0.999820617368478,0.8603325759203709,0.13948804144810698,3.0275558639022297,2.3213893815800613
47,176,35,6,0.0058460739631771095,0.999820617368478,0.9985517786775527,0.0012688386909251426,-0.4804243570466992,-0.6137599990281926
47,185,40,7,0.0008983164710139814,0.999820617368478,0.9996739928642855,0.00014662450419248026,-0.5089059651893992,-0.8783571029322036
47,179,36,8,0.004288384027108173,0.999820617368478,0.9992980472921968,0.0005225700762809987,-0.49936452952248483,-0.69706243382155
47,117,18,9,0.003172345257294712,0.999820617368478,0.999062336201933,0.0007582811665449155,-0.4933822215217887,-0.756746164644043
47,184,39,10,0.004769991068081751,0.999820617368478,0.9988307156392903,0.0009899017291875273,-0.4875037304271559,-0.6713069620824377
47,163,33,11,0.007588932681893018,0.999820617368478,0.9981890218209735,0.001631595547504492,-0.47121764877093575,-0.5205550733186121
47,123,21,12,0.012371650164845227,0.999820617368478,0.9984464423310826,0.0013741750373953599,-0.47775093821202613,-0.26478401000666096
47,J304,62,13,0.06070516189774442,0.999820617368478,0.8713112648653891,0.12850935250308892,2.748918576876836,2.320004603075593
47,J303,61,14,0.06080955096624596,0.999820617368478,0.8455831701430311,0.15423744722544683,3.401893312719338,2.3255871412756752
47,127,24,15,0.002134029305703896,0.999820617368478,0.9996670382301953,0.00015357913828264655,-0.5087294577407555,-0.8122734200043606
47,120,20,16,0.023404659913438135,0.999820617368478,0.9978292521617489,0.0019913652067290355,-0.46208675506382635,0.3252413563227028
47,189,42,17,0.0015245813317032693,0.999820617368478,0.9996536050564633,0.00016701231201444758,-0.508388526040849,-0.8448655931567743
47,99,13,18,0.02662430065384785,0.999820617368478,0.997069202066251,0.0027514153022268326,-0.4427968109117061,0.49742190819355203
47,20,2,19,0.034392124980883926,0.999820617368478,0.9975354333229168,0.00228518404556106,-0.4546296821347078,0.912831075644539
47,OF-02,72,20,0.039559489859284,0.999820617368478,0.9815740804174745,0.018246536951003277,-0.04953321814886212,1.1891723845719901
47,Stor-01,76,21,0.017984996514760102,0.999820617368478,0.9599614083250592,0.0398592090434187,0.4989927804798543,0.035407579769149586
47,125,23,22,0.009507723348991925,0.999820617368478,0.9969456499269429,0.0028749674415348204,-0.4396610783050743,-0.41794162584941325
47,110,14,23,0.02337623137979307,0.999820617368478,0.9932298229812252,0.006590794387252539,-0.34535401264397153,0.3237210498641432
47,124,22,24,0.0018102665342392393,0.999820617368478,0.9993891877587646,0.0004314296097133166,-0.5016776593023546,-0.8295876662699009
47,148,29,25,0.009065401324961055,0.999820617368478,0.9967093316255347,0.003111285742943275,-0.43366335938720835,-0.4415962060783162
47,197,43,26,0.0009481411139541454,0.999820617368478,0.9994682975949031,0.0003523197735748044,-0.5036854536964803,-0.8756925713245206
47,137,26,27,0.010192394764429286,0.999820617368478,0.9994989730244217,0.0003216443440563246,-0.5044639909610092,-0.38132663937573646
47,HartleyRd,75,28,0.014472458614201544,0.999820617368478,0.9701499573474909,0.029670660020987005,0.24040911237949825,-0.15243658141154287
47,186,41,29,0.0010314211889055089,0.999820617368478,0.9985991972793814,0.0012214200890965587,-0.48162783322078734,-0.8712389038438603
47,116,17,30,0.001962048456964742,0.999820617368478,0.9989612868819947,0.000859330486483167,-0.4908176067026274,-0.8214706441155689
47,203,44,31,0.0009986857984872976,0.999820617368478,0.9995155765893823,0.00030504077909554846,-0.5048853866594201,-0.8729895331973697
47,96,12,32,0.028493762410585193,0.999820617368478,0.9963304406307356,0.003490176737742242,-0.42404716938511844,0.5973973349349596
47,78,9,33,0.03179109711442848,0.999820617368478,0.98047526792146,0.019345349447017976,-0.02164554099793308,0.7737328191661577
47,J288,59,34,0.014445444720057696,0.999820617368478,0.9785117810705927,0.021308836297885287,0.028187426488040457,-0.15388123551331595
47,25,3,35,0.034476448569368975,0.999820617368478,0.9728403322377673,0.026980285130710584,0.17212784817189564,0.9173405483378305
47,94,11,36,0.02938129532640025,0.999820617368478,0.9921670912464092,0.007653526122068694,-0.31838205917047996,0.6448609868047436
47,115,16,37,0.001979096490481735,0.999820617368478,0.9989488076936055,0.0008718096748724788,-0.49050088699096694,-0.8205589461790795
47,183,38,38,0.001189506283920625,0.999820617368478,0.9992653758317996,0.0005552415366782057,-0.4985353333284924,-0.8627847994586628
47,136,25,39,0.00038404263860058156,0.999820617368478,0.9996350211757605,0.00018559619271741262,-0.5079168702605086,-0.9058595354757821
47,154,32,40,0.007386159132442797,0.999820617368478,0.9987334810702163,0.0010871362982615151,-0.4850359333461434,-0.5313990352585107
47,118,19,41,0.001963327417628201,0.999820617368478,0.999393725405366,0.00042689196311191947,-0.5017928240132618,-0.8214022476171362
47,16,1,42,0.039642053617428584,0.999820617368478,0.9653968762544767,0.034423741114001184,0.36104151460910594,1.1935877447279983
47,J110,66,43,0.00011504641484881415,0.999820617368478,0.9988240036378786,0.0009966137305992835,-0.48733338095526096,-0.9202449660225641
47,J211,58,44,5.137464110353765e-05,0.999820617368478,0.9952002615999438,0.004620355768533992,-0.3953634148339247,-0.9236500170906726
47,138,27,45,0.00048197938537104714,0.999820617368478,0.9995769539980509,0.00024366337042694013,-0.5064431350136833,-0.9006220557483923
47,34,5,46,0.03390562263516851,0.999820617368478,0.9455863027281807,0.05423431464029735,0.863830553394026,0.8868138118795504
47,84,10,47,0.031106643346044453,0.999820617368478,0.9995676688752314,0.000252948493246402,-0.5062074801513341,0.7371294720624535
48,OF-03,73,1,0.004330241162127125,0.9998234816259406,0.9992752071325798,0.0005482744933606876,-0.4933411820148023,-0.6888458718704509
48,J305,71,2,0.004935646213029223,0.9998234816259406,0.9565861925400251,0.04323728908591532,0.5993584128176023,-0.656224590365205
48,OF-04,74,3,0.04736478022767294,0.9998234816259406,0.9513255957059407,0.048497885919999977,0.7340125406780164,1.6300013382971026
48,179,36,4,0.004288382096399181,0.9998234816259406,0.9990420637183043,0.0007814179076361382,-0.4873734707254192,-0.691101380582549
48,J306,63,5,0.06058234102763638,0.9998234816259406,0.8622702833957103,0.1375531982302302,3.013538189321912,2.342208431755988
48,J297,60,6,0.060731005237635,0.9998234816259406,0.8595016010978526,0.14032188052808794,3.0844074294288606,2.3502189645998977
48,185,40,7,0.0008983162998617552,0.9998234816259406,0.9997335713671753,8.991025876512657e-05,-0.5050738120182972,-0.8737696462426532
48,176,35,8,0.005846069089775765,0.9998234816259406,0.9985585151973435,0.0012649664285969632,-0.4749962050991507,-0.6071679118539984
48,117,18,9,0.0031723430829619335,0.9998234816259406,0.9990551335357933,0.0007683480901471621,-0.4877080154416898,-0.7512373552889459
48,184,39,10,0.004769991543989083,0.9998234816259406,0.9989351432091366,0.0008883384168038782,-0.4846366542830167,-0.6651506268813598
48,163,33,11,0.00758893217246314,0.9998234816259406,0.9980502005047389,0.0017732811212017034,-0.46198500622379807,-0.5132565261449952
48,123,21,12,0.012371643578418771,0.9998234816259406,0.9985647091412821,0.00125877248465827,-0.47515474986990314,-0.25554778238814857
48,J304,62,13,0.06070511302745812,0.9998234816259406,0.8648488109960948,0.1349746706298458,2.947536289510066,2.3488238043254426
48,J303,61,14,0.06080950227650766,0.9998234816259406,0.8496794948151456,0.15014398681079497,3.335821327312244,2.3544486518127443
48,127,24,15,0.0021340305898682054,0.9998234816259406,0.9995766938587746,0.0002467877671659154,-0.5010582592700321,-0.8071851609393181
48,120,20,16,0.023404640643414423,0.9998234816259406,0.9975443800790674,0.0022791015468730624,-0.4490376524498966,0.338947593174845
48,99,13,17,0.026624292050402273,0.9998234816259406,0.9949738964229013,0.004849585203039199,-0.3832416513844156,0.5124333524026724
48,125,23,18,0.009507742028699123,0.9998234816259406,0.9973962554311222,0.002427226194818244,-0.44524614439239696,-0.40986453035301285
48,189,42,19,0.0015245804110459863,0.9998234816259406,0.9996174134581283,0.00020606816781232822,-0.5021005482556196,-0.8400244076835564
48,20,2,20,0.03439210030497042,0.9998234816259406,0.9980246560385048,0.0017988255874357522,-0.4613311511706757,0.9309892586896493
48,148,29,21,0.009065421034586784,0.9998234816259406,0.9986090562888641,0.0012144253370764712,-0.4762898922632592,-0.4336982886659283
48,137,26,22,0.010192412852485833,0.9998234816259406,0.9980575500751175,0.0017659315508231001,-0.4621731312637303,-0.372972139633949
48,Stor-01,76,23,0.017984982620534985,0.9998234816259406,0.9585245428618098,0.04129893876413083,0.5497429641717911,0.04691800114703522
48,OF-02,72,24,0.03955945728180383,0.9998234816259406,0.9807240742537036,0.019099407372236886,-0.018492662462290976,1.2094240129557463
48,110,14,25,0.023376215160123358,0.9998234816259406,0.994053266506436,0.005770215119504516,-0.35967652704707165,0.3374159315361144
48,124,22,26,0.001810265638157493,0.9998234816259406,0.9991781016975968,0.0006453799283437063,-0.4908555994715015,-0.8246307167957648
48,HartleyRd,75,27,0.01447245354898172,0.9998234816259406,0.9791439001684585,0.020679581457481958,0.021954642287936272,-0.14234900194083466
48,197,43,28,0.0009481444088294053,0.9998234816259406,0.9997411533904442,8.232823549629694e-05,-0.5052678870943544,-0.8710847383994073
48,186,41,29,0.001031420328385568,0.9998234816259406,0.9987862995423307,0.0010371820836097148,-0.48082674168689715,-0.8665975488551477
48,116,17,30,0.0019620472807325836,0.9998234816259406,0.9986516835989325,0.001171798027007998,-0.47738101242345,-0.8164522060905884
48,203,44,31,0.0009986858882952607,0.9998234816259406,0.9993929376730201,0.00043054395292048625,-0.4963547000139,-0.8683613917294538
48,96,12,32,0.02849374228622107,0.9998234816259406,0.9953714219230908,0.004452059702849684,-0.3934170081392748,0.6131656841065838
48,78,9,33,0.031791072120320764,0.9998234816259406,0.9804976432500973,0.019325838375843413,-0.012696767001600256,0.7908370209636768
48,154,32,34,0.007386233739503722,0.9998234816259406,0.9982382441233831,0.0015852375025574243,-0.46679830978361514,-0.5241786065478407
48,25,3,35,0.03447645633001273,0.9998234816259406,0.9720906703443443,0.027732811281596242,0.20249433018257545,0.9355346479880511
48,J288,59,36,0.014445436337563098,0.9998234816259406,0.9744352725077273,0.02538820911821319,0.14248015889227195,-0.1438047811053136
48,94,11,37,0.0293812707632988,0.9998234816259406,0.9934537821794377,0.006369699446502865,-0.3443316827710522,0.660988734561042
48,115,16,38,0.0019791001233812697,0.9998234816259406,0.9987321219578018,0.0010913596681386207,-0.4794399721578094,-0.8155333409775892
48,183,38,39,0.0011895293089468446,0.9998234816259406,0.9994885698046687,0.0003349118212718406,-0.4988025707952429,-0.8580780996769297
48,136,25,40,0.0003840537955204562,0.9998234816259406,0.9996878009044003,0.00013568072154020584,-0.503902237396419,-0.9014798576072809
48,118,19,41,0.0019633374362658927,0.9998234816259406,0.9993015394332678,0.000521942192672591,-0.49401520306137636,-0.816382688126087
48,16,1,42,0.03964202344214787,0.9998234816259406,0.9659565260682689,0.03386695555767174,0.35950842453649473,1.213872958261665
48,J110,66,43,0.00011504813720755574,0.9998234816259406,0.998994801882945,0.000828679742995446,-0.48616372182769796,-0.915974796645621
48,152,31,44,0.007307873684330062,0.9998234816259406,0.9963817015660612,0.0034417800598793066,-0.4192768731906853,-0.52840091261347
48,J211,58,45,5.144809897014391e-05,0.9998234816259406,0.9956973657699806,0.0041261158559599866,-0.4017601079468915,-0.9194017828394025
48,34,5,46,0.03390559939163444,0.9998234816259406,0.9458636209992002,0.05395986062674036,0.8738212855273525,0.9047749361912752
48,138,27,47,0.00048198425086721467,0.9998234816259406,0.9988760485777526,0.0009474330481878769,-0.4831240243854569,-0.8962030318737604
48,84,10,48,0.031106619688558046,0.9998234816259406,0.999587890621241,0.00023559100469950985,-0.5013448598844349,0.7539563979490325
49,OF-03,73,1,0.004330238102080181,0.999841737414333,0.9992934063067263,0.0005483311076064743,-0.49047424260995465,-0.6713007418436437
49,J305,71,2,0.004935642960327011,0.999841737414333,0.9567154819381269,0.04312625547620592,0.6004243678667919,-0.638621341201266
49,176,35,3,0.005846066178700313,0.999841737414333,0.9985847514298918,0.0012569859844410915,-0.4723176360606561,-0.5894772276348471
49,OF-04,74,4,0.04736474674643589,0.999841737414333,0.9515370588571884,0.04830467855714452,0.7331019144412038,1.6516768991177113
49,179,36,5,0.0042883793431603605,0.999841737414333,0.9990603778080668,0.0007813596062659622,-0.484503766849126,-0.6735602532012084
49,J297,60,6,0.06073096259382758,0.999841737414333,0.8584347936595085,0.1414069437548244,3.1184960651079106,2.3731774236003247
49,J306,63,7,0.060582298210563365,0.999841737414333,0.8625298545453822,0.13731188286895074,3.0135755858580624,2.365152607023841
49,185,40,8,0.0008983157924705969,0.999841737414333,0.9997515636692876,9.017374504518659e-05,-0.502212795806465,-0.8565539035939903
49,117,18,9,0.0031723409320023655,0.999841737414333,0.9990732758704071,0.0007684615439258287,-0.4848342310155538,-0.733803354778112
49,184,39,10,0.004769988641051807,0.999841737414333,0.9989711777172124,0.0008705596971204581,-0.48221835118806267,-0.6475632646001159
49,163,33,11,0.007588927634955715,0.999841737414333,0.9980497070759515,0.00179203033838126,-0.45860914390392676,-0.49539858419933863
49,123,21,12,0.012371634965613013,0.999841737414333,0.9986665770225012,0.0011751603918316005,-0.47441410803769213,-0.23723083598139674
49,J304,62,13,0.060705071366249364,0.999841737414333,0.8616082951890578,0.138233442225275,3.037187066130863,2.3717798302582405
49,J303,61,14,0.06080946086251745,0.999841737414333,0.848975855908498,0.15086588150583494,3.3608456441957384,2.3774147142948165
49,189,42,15,0.0015245991821854238,0.999841737414333,0.9995477656835858,0.00029397173074697977,-0.4969912416157209,-0.8227474920177344
49,127,24,16,0.002134029500763605,0.999841737414333,0.9995895096396387,0.0002522277746942519,-0.49806077293574247,-0.7898507993778674
49,120,20,17,0.023404624733245095,0.999841737414333,0.9974357177081946,0.002406019706138265,-0.4428779837295811,0.3583235075100149
49,99,13,18,0.02662427577464287,0.999841737414333,0.9953704579629183,0.004471279451414455,-0.3899634976477537,0.5321183901860117
49,125,23,19,0.00950773545557109,0.999841737414333,0.997378807415119,0.0024629299992138696,-0.4414198722655148,-0.3918224587826978
49,20,2,20,0.034392076444637584,0.999841737414333,0.997847366327251,0.0019943710870818864,-0.45342492591130135,0.9514197333235501
49,148,29,21,0.009065415999721691,0.999841737414333,0.9986351482911774,0.00120658912315555,-0.4736088654186877,-0.41569860465883085
49,OF-02,72,22,0.03955943586573484,0.999841737414333,0.9803746268922936,0.019467110522039116,-0.005751925090381136,1.2303507767152657
49,137,26,23,0.010192406688075447,0.999841737414333,0.9981485659827762,0.0016931714315565566,-0.4611420302690463,-0.35486430555592274
49,110,14,24,0.023376204831450836,0.999841737414333,0.9941144286588681,0.005727308755464751,-0.3577824873513231,0.35678941781070006
49,Stor-01,76,25,0.01798496992751125,0.999841737414333,0.9585215833345174,0.04132015407981547,0.5541498363361874,0.06577370661668648
49,124,22,26,0.0018102665339669389,0.999841737414333,0.9989451600722641,0.0008965773420688287,-0.4815517472344189,-0.8073273352215876
49,HartleyRd,75,27,0.014472448556370357,0.999841737414333,0.9788406299031915,0.021001107511141388,0.03355095800462745,-0.12383014539869819
49,197,43,28,0.0009481453981547475,0.999841737414333,0.9997314878961088,0.00011024951822395292,-0.5016984298905653,-0.8538641305837115
49,186,41,29,0.001031429703221967,0.999841737414333,0.9988749004777575,0.0009668369365754441,-0.47975161030532865,-0.8493684924410059
49,116,17,30,0.001962045928447185,0.999841737414333,0.9982370207660529,0.0016047166482799128,-0.46340835023643484,-0.7991343721590825
49,94,11,31,0.029381274006137107,0.999841737414333,0.9934931695027007,0.0063485679116322274,-0.34186506628725466,0.6809395444103693
49,154,32,32,0.0073862294040984945,0.999841737414333,0.998081408133354,0.0017603292809788905,-0.45942136385085286,-0.5063401163087218
49,78,9,33,0.03179106108237765,0.999841737414333,0.9802037597709692,0.019637977643363492,-0.0013741000086495952,0.8110184432737497
49,203,44,34,0.0009986861249964964,0.999841737414333,0.9994609366910484,0.00038080072328456596,-0.4947665763998138,-0.8511359716686979
49,25,3,35,0.03447644140083029,0.999841737414333,0.9719996695576649,0.027842067856667912,0.20882474708498722,0.9559737043828209
49,96,12,36,0.028493726061050644,0.999841737414333,0.9939011321054557,0.005940605308877032,-0.35231756821335447,0.6330302247349496
49,J288,59,37,0.014445431779399522,0.999841737414333,0.9712875473810034,0.0285541900333294,0.2270701901057515,-0.12528849523958382
49,115,16,38,0.0019790993265973466,0.999841737414333,0.998469299741312,0.0013724376730207943,-0.4693596222890483,-0.7982138396875114
49,183,38,39,0.0011895296259008185,0.999841737414333,0.9995334879214455,0.0003082494928872729,-0.49662542784930236,-0.8408343509580437
49,136,25,40,0.00038405479140697337,0.999841737414333,0.999685144713175,0.0001565927011579809,-0.5005110607405303,-0.8843134120610606
49,118,19,41,0.001963336287453141,0.999841737414333,0.9991715148186178,0.0006702225957150319,-0.4873512332810962,-0.7990647193336158
49,16,1,42,0.03964200529049091,0.999841737414333,0.9665219692635685,0.03331976815076448,0.3491701426873368,1.2348078260363236
49,84,10,43,0.031106610810900874,0.999841737414333,0.9995811380154883,0.0002605993988445407,-0.4978462816638353,0.7740722173941842
49,J211,58,44,5.150032072537118e-05,0.999841737414333,0.9936390808707458,0.006202656543586958,-0.34560349438147936,-0.9022645081495346
49,152,31,45,0.007307868948400081,0.999841737414333,0.9962509654502515,0.003590771964081527,-0.41252317871934324,-0.5105699679384286
49,332,50,46,7.356423678438439e-05,0.999841737414333,0.9991784362299901,0.0006633011843425952,-0.4875285683240955,-0.9010735108477946
49,34,5,47,0.03390558167845188,0.999841737414333,0.9460122037435927,0.05382953367074013,0.8746554743172146,0.9251590299974455
49,138,27,48,0.0004819839355968587,0.999841737414333,0.9989576817778809,0.0008840556364519979,-0.48187256868029177,-0.8790272540562933
49,J110,66,49,0.00011504863603228672,0.999841737414333,0.9990823946792257,0.0007593427351073225,-0.48506786607449176,-0.8988342072066637
50,OF-03,73,1,0.00433023549928588,0.9998445161275102,0.9992810459801151,0.0005634701473950685,-0.4802829430922502,-0.6554669744317861
50,J305,71,2,0.004935639963945633,0.9998445161275102,0.9565684922015134,0.04327602392599679,0.6396469274276081,-0.6227753063244018
50,176,35,3,0.005846062644598274,0.9998445161275102,0.9985843219280119,0.0012601941994982108,-0.46201472898581925,-0.5736127417072764
50,OF-04,74,4,0.04736471801452865,0.9998445161275102,0.9507637273702029,0.049080788757307356,0.7918487732742671,1.6683827850047173
50,J297,60,5,0.06073092590300737,0.9998445161275102,0.8598071599371411,0.14003735619036908,3.1767442612905383,2.3901541918112885
50,179,36,6,0.00428837679847351,0.9998445161275102,0.9990819051519371,0.0007626109755730178,-0.4750614392909889,-0.6577273323152276
50,J306,63,7,0.06058226178586196,0.9998445161275102,0.8585584048583731,0.14128611126913715,3.2094868156441105,2.3821263719637313
50,185,40,8,0.0008983156995672949,0.9998445161275102,0.9996983237515744,0.00014619237593568486,-0.4912240318172106,-0.8407896630026683
50,117,18,9,0.0031723390429719135,0.9998445161275102,0.9990887633960462,0.0007557527314637763,-0.47524126352901197,-0.7179930522231136
50,184,39,10,0.0047699861994802166,0.9998445161275102,0.9989830161159542,0.0008615000115560144,-0.4724685532313463,-0.6317205622727301
50,163,33,11,0.007588924096172489,0.9998445161275102,0.9981699728351372,0.0016745432923731234,-0.45115043067345995,-0.4794987213158999
50,123,21,12,0.01237162789291583,0.9998445161275102,0.9977281800857539,0.002116336041756239,-0.4395665553758625,-0.22123408286970975
50,J304,62,13,0.06070503448235707,0.9998445161275102,0.8632189850669301,0.13662553106057995,3.0872856703655587,2.388756062494215
50,J303,61,14,0.06080942407728271,0.9998445161275102,0.8564338895042344,0.14341062662327583,3.2651919420060462,2.394393070792611
50,127,24,15,0.0021340301691087204,0.9998445161275102,0.9996388074720463,0.00020570865546395793,-0.48966350561755,-0.7740614347322592
50,189,42,16,0.001524599119407332,0.9998445161275102,0.999720365469964,0.00012415065754613054,-0.49180196913629487,-0.8069705372813623
50,120,20,17,0.023404611350015488,0.9998445161275102,0.9980235486305116,0.0018209674969986518,-0.4473111650238983,0.3745438713224118
50,99,13,18,0.026624260253496693,0.9998445161275102,0.9960120564796673,0.003832459647842812,-0.39456952480909113,0.5484039921493484
50,125,23,19,0.009507730709538333,0.9998445161275102,0.9974883134607201,0.0023562026667901066,-0.4332772147827276,-0.3758837124611748
50,20,2,20,0.03439205898603503,0.9998445161275102,0.9969385614720427,0.0029059546554674794,-0.41886263126967316,0.9678629041873095
50,148,29,21,0.009065411773223208,0.9998445161275102,0.9975629037955948,0.002281612331915473,-0.4352329850818108,-0.39976880863692266
50,OF-02,72,22,0.03955941210298482,0.9998445161275102,0.9801702285816779,0.019674287545832236,0.020805691539632333,1.2468984960175111
50,Stor-01,76,23,0.017984964489997382,0.9998445161275102,0.9627513911705099,0.037093124957000324,0.47753034508327186,0.08188448945525595
50,137,26,24,0.010192400654590459,0.9998445161275102,0.9982382650469961,0.0016062510805142343,-0.4529410631975905,-0.3389117310613931
50,110,14,25,0.02337619065141012,0.9998445161275102,0.9935946642191017,0.006249851908408416,-0.33118511994760375,0.37300916171846316
50,HartleyRd,75,26,0.014472444812177698,0.9998445161275102,0.9673130606707121,0.03253145545679799,0.3579226541173576,-0.10779056950301281
50,124,22,27,0.0018102678910982078,0.9998445161275102,0.9995133049523764,0.00033121117513359446,-0.4863728098344768,-0.7915445052351484
50,197,43,28,0.0009481489479701405,0.9998445161275102,0.9994407138763457,0.0004038022511642926,-0.48446946041637934,-0.8380986818279353
50,186,41,29,0.0010314352308435956,0.9998445161275102,0.9986995743838789,0.0011449417436312226,-0.46503666648562936,-0.833601246350437
50,203,44,30,0.00099870958184428,0.9998445161275102,0.9995173707894132,0.00032714533809691915,-0.48647941672035017,-0.8353684220455908
50,96,12,31,0.0284937216428898,0.9998445161275102,0.9967938928375012,0.0030506232900090018,-0.4150693969435267,0.6493543730091216
50,154,32,32,0.007386243979104601,0.9998445161275102,0.999485768562114,0.0003587475653962096,-0.48565080135562894,-0.4904433897250982
50,116,17,33,0.001962045012535946,0.9998445161275102,0.9994285646567943,0.0004159514707158819,-0.4841509059710082,-0.7833485840452951
50,94,11,34,0.02938126817642569,0.9998445161275102,0.987459627511069,0.01238488861644119,-0.17032349360523585,0.6972816322184204
50,78,9,35,0.03179104668636634,0.9998445161275102,0.9839749814138848,0.015869534713625365,-0.07895552547446771,0.8274089832011432
50,25,3,36,0.034476426893165185,0.9998445161275102,0.9730293574122273,0.026815158715282946,0.20804045548410116,0.9724187470656137
50,J288,59,37,0.014445423051544152,0.9998445161275102,0.9740293274346209,0.02581518869288937,0.18182108439456388,-0.10924973685620627
50,136,25,38,0.0003840559229018971,0.9998445161275102,0.9997352672751108,0.00010924885239941358,-0.492192696808421,-0.8685595440014339
50,115,16,39,0.0019790983699095577,0.9998445161275102,0.9994300304264125,0.00041448570109765647,-0.48418933868068087,-0.7824277076198328
50,183,38,40,0.0011895309630550466,0.9998445161275102,0.9993162150943622,0.000528301033148064,-0.48120508279312385,-0.8250641219842408
50,J110,66,41,0.00011510395826216866,0.9998445161275102,0.9963549513973208,0.003489564730189264,-0.403560283421189,-0.8830828732434349
50,152,31,42,0.007307884154828073,0.9998445161275102,0.998936023105866,0.0009084930216441359,-0.47123638912390087,-0.49467479784601603
50,118,19,43,0.0019633386356942596,0.9998445161275102,0.9994270551404237,0.0004174609870864702,-0.4841113262146156,-0.7832787287643774
50,16,1,44,0.03964198821130374,0.9998445161275102,0.9676065643997956,0.032237951727714695,0.3502269402292776,1.2513575822719856
50,J211,58,45,5.152337019164537e-05,0.9998445161275102,0.9978056587214653,0.002038857406044753,-0.4415980573766605,-0.8865162068321492
50,62,8,46,0.032924612693557405,0.9998445161275102,0.9976648505573247,0.00217966557018547,-0.43790604519093035,0.8886212236918545
50,34,5,47,0.033905599751742774,0.9998445161275102,0.9587463903840581,0.04109812574345219,0.5825420949180484,0.9415942445331515
50,138,27,48,0.00048198404415029586,0.9998445161275102,0.9996936080354566,0.00015090809205353957,-0.491100384999728,-0.8632714534353501
50,332,50,49,7.356473775729065e-05,0.9998445161275102,0.9994410034880209,0.00040351263948931504,-0.4844770540799973,-0.885325979281558
50,J86,67,50,5.384251500078125e-05,0.9998445161275102,0.9992379666167309,0.0006065495107793135,-0.4791533954162421,-0.886390973675113
51,OF-03,73,1,0.00433023311557125,0.9998789508031122,0.9992811195302185,0.0005978312728935315,-0.4713919091157826,-0.6748242172496379
51,J305,71,2,0.004935637242335717,0.9998789508031122,0.9566935147263955,0.043185436076716564,0.6349335575203519,-0.6419840601629762
51,OF-04,74,3,0.04736469196598525,0.9998789508031122,0.9503506009127333,0.049528349890378805,0.7997074892091028,1.6595807303018726
51,185,40,4,0.0008983155510030034,0.9998789508031122,0.999731366552735,0.0001475842503773222,-0.48308826418391404,-0.8609886435333431
51,179,36,5,0.004288374638265145,0.9998789508031122,0.9991031943781125,0.0007757564249996745,-0.4667698335650002,-0.6770948310584463
51,J297,60,6,0.06073089218786122,0.9998789508031122,0.8602537281539753,0.13962522264913682,3.140211616089269,2.384630487204095
51,176,35,7,0.005846059383875716,0.9998789508031122,0.9987073167280035,0.0011716340751085482,-0.456485866481033,-0.5925981957105184
51,J306,63,8,0.06058222813138272,0.9998789508031122,0.8573726579878037,0.1425062928153085,3.215055019720064,2.376566202948243
51,117,18,9,0.003172338606279487,0.9998789508031122,0.9991498792476158,0.0007290715554962802,-0.4679825962990423,-0.7376342244726616
51,184,39,10,0.004769983662740619,0.9998789508031122,0.9990362617915237,0.0008426890115882824,-0.46503108292542067,-0.6509699413873824
51,163,33,11,0.0075889207743769635,0.9998789508031122,0.9982532682171159,0.0016256825859960718,-0.4446907577164756,-0.49805665013131856
51,J304,62,12,0.06070500499478105,0.9998789508031122,0.8601575659687685,0.1397213848343436,3.1427096827194934,2.3832262359780105
51,123,21,13,0.012371621663137725,0.9998789508031122,0.9970872730387537,0.0027916777643584396,-0.4144009547153584,-0.2386189596007981
51,J303,61,14,0.06080939538325007,0.9998789508031122,0.8495305451418966,0.15034840566121538,3.4187746041772376,2.3888888943645368
51,189,42,15,0.001524602839982721,0.9998789508031122,0.9996647555484813,0.0002141952546307735,-0.48135786749447196,-0.8270156789594245
51,127,24,16,0.0021340290114444916,0.9998789508031122,0.9996447741741998,0.00023417662891236072,-0.48083879854640743,-0.7939573459901917
51,120,20,17,0.02340459844835062,0.9998789508031122,0.9976993029944202,0.0021796478086918577,-0.4303000485812183,0.359865052552039
51,20,2,18,0.034392049919764044,0.9998789508031122,0.9937291579948297,0.006149792808282353,-0.327165050979973,0.9558795432885216
51,125,23,19,0.009507727613906052,0.9998789508031122,0.9984304225768501,0.0014485282262619546,-0.44929280990049225,-0.39397094069641797
51,99,13,20,0.02662424539774416,0.9998789508031122,0.9932177335276268,0.0066612172754854804,-0.31387945027681147,0.5345148557285717
51,137,26,21,0.01019240445073022,0.9998789508031122,0.99752103525853,0.0023579155445821965,-0.4256690735122155,-0.3568306341129908
51,148,29,22,0.009065411848653906,0.9998789508031122,0.997694986582494,0.0021839642206179857,-0.4301879183860508,-0.41796436685692157
51,OF-02,72,23,0.03955939174186185,0.9998789508031122,0.9804366430900731,0.01944230771303918,0.018143116091511206,1.2361820877477023
51,Stor-01,76,24,0.017984954824621917,0.9998789508031122,0.9650064125774498,0.03487253822566229,0.4189840896756479,0.06587639259990928
51,186,41,25,0.0010314540559034325,0.9998789508031122,0.9993778065958326,0.0005011442072794366,-0.47390361090027905,-0.8537665430852001
51,124,22,26,0.0018102792255176151,0.9998789508031122,0.9993881202107276,0.0004908305923844713,-0.47417153427525954,-0.8115191585986282
51,110,14,27,0.023376177795445326,0.9998789508031122,0.9934092497791787,0.0064697010239334616,-0.3188545905163882,0.3583233737549295
51,HartleyRd,75,28,0.014472439419404763,0.9998789508031122,0.963515303832259,0.036363646970853154,0.45771957587938056,-0.12466006491176547
51,197,43,29,0.0009481484281635549,0.9998789508031122,0.9998178227081911,6.112809492105242e-05,-0.48533419106731884,-0.8582854582696762
51,78,9,30,0.03179105907579656,0.9998789508031122,0.989593121405451,0.0102858293976611,-0.21972058137792097,0.8147887510050847
51,116,17,31,0.0019620678306488024,0.9998789508031122,0.9993294238819436,0.0005495269211686018,-0.4726467421759842,-0.8032853831483119
51,154,32,32,0.007386256957376888,0.9998789508031122,0.9989731156109979,0.0009058351921142095,-0.4633906941794829,-0.5090501523091693
51,96,12,33,0.02849371484647421,0.9998789508031122,0.9972840458652856,0.0025949049378264054,-0.41951264836747065,0.6359242575658588
51,115,16,34,0.0019791420805750242,0.9998789508031122,0.998932773113183,0.0009461776899292292,-0.462342691293994,-0.8023591901725377
51,203,44,35,0.0009987104069179309,0.9998789508031122,0.9997075746320169,0.00017137617109540018,-0.48247020623226716,-0.8555427228777318
51,94,11,36,0.02938125382123609,0.9998789508031122,0.9931020958671583,0.006776854935953753,-0.31087545676114914,0.6840688242497499
51,25,3,37,0.03447640856099403,0.9998789508031122,0.9742732467941265,0.025605704008985656,0.17825360632890302,0.960455579207563
51,183,38,38,0.0011895681987731325,0.9998789508031122,0.9992924011734322,0.000586549629679824,-0.4716849795819504,-0.845189638733367
51,152,31,39,0.007307896804459332,0.9998789508031122,0.9994581046609091,0.00042084614220296804,-0.47598956512862595,-0.5133008001283383
51,J288,59,40,0.014445415038775432,0.9998789508031122,0.9742626033926363,0.02561634741047587,0.17853009678133624,-0.1261260028956706
51,84,10,41,0.031106609018000532,0.9998789508031122,0.9969207866894993,0.002958164113612599,-0.4100760322672517,0.7776607460538713
51,136,25,42,0.00038405572735282674,0.9998789508031122,0.9998246826133492,5.426818976306258e-05,-0.48551239521404066,-0.8888846763573831
51,62,8,43,0.03292460529649902,0.9998789508031122,0.9861153830913848,0.013763567711727372,-0.129377147393525,0.8762779849021363
51,16,1,44,0.039641972368596706,0.9998789508031122,0.9685992178687156,0.0312797329343965,0.3256514871801072,1.24066167524041
51,118,19,45,0.0019633411164542095,0.9998789508031122,0.9993203845968228,0.0005585662062893042,-0.4724119228811381,-0.8032163137382812
51,J110,66,46,0.00011510471260253842,0.9998789508031122,0.9998613950864559,1.7555716656224203e-05,-0.4864660986244199,-0.9034739286973373
51,J116,65,47,0.0007766554022554213,0.9998789508031122,0.9996579313221613,0.00022101948095089302,-0.48118059019975645,-0.86758810035801
51,332,50,48,7.359078482197761e-05,0.9998789508031122,0.9997742538654754,0.00010469693763669734,-0.4842023753554416,-0.9057258524113102
51,34,5,49,0.033905582187253265,0.9998789508031122,0.9608716515969367,0.03900729920617535,0.526395421969789,0.9294910929179786
51,138,27,50,0.0004819838512818057,0.9998789508031122,0.9997169573666651,0.00016199343644696058,-0.48271394753530766,-0.8835725636200329
51,182,37,51,9.051999027727865e-05,0.9998789508031122,0.9997548796643696,0.00012407113874271205,-0.48369907933355805,-0.904807527375312
52,OF-03,73,1,0.004330231107444615,0.9998973547962885,0.9992991722996211,0.0005981824966674607,-0.4688405375661136,-0.6585669045012973
52,J305,71,2,0.004935634949840997,0.9998973547962885,0.9565087472375318,0.04338860755875675,0.6466214552984185,-0.6256663108787424
52,OF-04,74,3,0.04736466980802949,0.9998973547962885,0.9501006980548198,0.04979665674146878,0.8136666599522674,1.6801341084593648
52,185,40,4,0.0008983151312710689,0.9998973547962885,0.9997487205395832,0.00014863425670528181,-0.4805593736120127,-0.845073934968593
52,179,36,5,0.0042883726444055146,0.9998973547962885,0.9991151323436479,0.0007822224526405716,-0.4640429788655728,-0.6608416972688208
52,J306,63,6,0.060582199828710465,0.9998973547962885,0.857592974431749,0.14230438036453955,3.2251605770662928,2.3984390702894918
52,J297,60,7,0.060730863749242886,0.9998973547962885,0.859868632787082,0.14002872200920638,3.1658386516487376,2.4065181918497585
52,176,35,8,0.005846056656306731,0.9998973547962885,0.9987769445448377,0.0011204102514508877,-0.45522708990265515,-0.5761895608286982
52,117,18,9,0.003172337231342664,0.9998973547962885,0.9991670390193602,0.0007303157769283194,-0.4653960835344081,-0.7214924976473228
52,184,39,10,0.004769981639506566,0.9998973547962885,0.9990534666638948,0.0008438881323936802,-0.4624354762074678,-0.6346687186334915
52,163,33,11,0.007588917906738106,0.9998973547962885,0.9982626023257966,0.0016347524704919472,-0.4418192026046575,-0.48147399127769236
52,123,21,12,0.01237161789348958,0.9998973547962885,0.997383074460795,0.0025142803354935325,-0.41889164571194143,-0.22155877821949108
52,J304,62,13,0.06070497731352563,0.9998973547962885,0.8538903633951787,0.14600699140110981,3.3216803447400665,2.405111396844133
52,J303,61,14,0.060809367900653166,0.9998973547962885,0.8531461634265204,0.146751191369768,3.34108017026002,2.4107844898187465
52,189,42,15,0.0015246035768644221,0.9998973547962885,0.9996758457684723,0.0002215090278162204,-0.4786596720480529,-0.8110383702827028
52,127,24,16,0.002134028733822539,0.9998973547962885,0.9996631422858483,0.00023421251044014873,-0.4783285173090325,-0.7779192388396735
52,20,2,17,0.034392035326611316,0.9998973547962885,0.9948558944870634,0.005041460309225059,-0.35301304773738174,0.9751379630803672
52,125,23,18,0.009507725774643339,0.9998973547962885,0.9980703104280878,0.001827044368200742,-0.43680653205701236,-0.3771966255249036
52,120,20,19,0.02340458834019543,0.9998973547962885,0.9975651106110776,0.0023322441852109453,-0.4236369691499061,0.3780265757153179
52,99,13,20,0.026624233171658494,0.9998973547962885,0.9934895536096807,0.006407801186607788,-0.31739523567297423,0.5529977582397431
52,148,29,21,0.009065410096932737,0.9998973547962885,0.9981440937756972,0.001753261020591258,-0.4387299184184535,-0.4012342139016774
52,137,26,22,0.010192400543415508,0.9998973547962885,0.9974630897998332,0.002434264996455413,-0.42097748779959737,-0.339988063646895
52,OF-02,72,23,0.03955937626411996,0.9998973547962885,0.9804945723988803,0.01940278239740822,0.02135829663252719,1.2559564389281845
52,154,32,24,0.0073862785262896625,0.9998973547962885,0.9995376430102532,0.0003597117860353011,-0.47505699869580775,-0.4924864022357573
52,110,14,25,0.023376173045050422,0.9998973547962885,0.9938601583713481,0.006037196424940418,-0.32705617092694117,0.3764823501707122
52,Stor-01,76,26,0.017984947862647753,0.9998973547962885,0.9631800507149665,0.03671730408132194,0.4727137303542117,0.08349691395046956
52,124,22,27,0.0018102811637513026,0.9998973547962885,0.9993358806927919,0.0005614741034966627,-0.4697974529821614,-0.7955132587207522
52,186,41,28,0.0010314548842431227,0.9998973547962885,0.9989363050203617,0.000961049775926845,-0.45938130321916126,-0.837838472289331
52,HartleyRd,75,29,0.014472436957850795,0.9998973547962885,0.9635423523001558,0.036355002496132646,0.46326924253604146,-0.107390037503422
52,197,43,30,0.0009481584049041549,0.9998973547962885,0.9997787675726088,0.00011858722367965147,-0.48134264050617886,-0.842365208700638
52,152,31,31,0.007307931857651408,0.9998973547962885,0.9984088149661445,0.0014885398301440612,-0.44563067778743,-0.4967441418238395
52,96,12,32,0.028493718021757,0.9998973547962885,0.9959704637119158,0.003926891084372589,-0.38206766934806763,0.6545946709602654
52,78,9,33,0.03179104681648918,0.9998973547962885,0.9871966959267009,0.012700658869587617,-0.15335284624393053,0.8337875784350804
52,116,17,34,0.001962068316448293,0.9998973547962885,0.9991637377445386,0.000733617051749775,-0.46531002581037306,-0.7872644055118909
52,203,44,35,0.0009987155883216243,0.9998973547962885,0.9996457280361267,0.0002516267601618733,-0.47787456216204227,-0.8396176850976574
52,115,16,36,0.0019791423709665055,0.9998973547962885,0.9985075755569065,0.0013897792393819778,-0.44820517161935863,-0.7863365182243416
52,94,11,37,0.02938124135069921,0.9998973547962885,0.9927676054824606,0.007129749313828165,-0.2985754717756641,0.7028270116412921
52,183,38,38,0.0011895693300869518,0.9998973547962885,0.9992052131721036,0.0006921416241849975,-0.4663912084118355,-0.8292457631516222
52,25,3,39,0.03447639262753409,0.9998973547962885,0.9736486859889251,0.02624866880736347,0.1998170543263926,0.979722349703633
52,J288,59,40,0.014445409067940064,0.9998973547962885,0.9739517886890188,0.025945566107269696,0.19191576469445656,-0.10885886468976465
52,136,25,41,0.00038406316238428215,0.9998973547962885,0.9998396371961901,5.771760009845078e-05,-0.4829293915498125,-0.8730208917982215
52,84,10,42,0.031106598104850475,0.9998973547962885,0.9981961747017777,0.0017011800945107985,-0.4400875654507427,0.796591301602793
52,62,8,43,0.03292459470949054,0.9998973547962885,0.9854135841599666,0.01448377063632203,-0.10687063902267209,0.8953900922739718
52,16,1,44,0.039641953824147196,0.9998973547962885,0.9680380636775359,0.03185929111875262,0.3460749130784685,1.2604441057623492
52,J110,66,45,0.0001151118219975594,0.9998973547962885,0.9997489734998659,0.0001483812964226219,-0.48056596778770966,-0.8876370176544423
52,118,19,46,0.0019633401986119503,0.9998973547962885,0.9992517230094231,0.0006456317868654995,-0.4676036281470668,-0.7871952852399801
52,J116,65,47,0.000776655084081856,0.9998973547962885,0.9996219452209789,0.00027540957530959234,-0.4772545910740685,-0.8516855345197772
52,332,50,48,7.35914979361308e-05,0.9998973547962885,0.9997974439254227,9.991087086585755e-05,-0.4818294961917414,-0.8898934343028971
52,182,37,49,9.060447116720275e-05,0.9998973547962885,0.999346364397552,0.0005509903987365375,-0.4700707424899745,-0.8889688664700084
52,34,5,50,0.03390556940720543,0.9998973547962885,0.9624864844840674,0.03741087031222118,0.4907936341873668,0.9487010355210003
52,138,27,51,0.0004819917546136742,0.9998973547962885,0.9998033669658601,9.39878304282561e-05,-0.481983898174913,-0.8676989751017322
52,J136,57,52,2.6111405561203433e-05,0.9998973547962885,0.9988063106826096,0.0010910441136789976,-0.45599260720037393,-0.8924737337906001
53,OF-03,73,1,0.004330229238067167,0.9998869996665086,0.9992887593714845,0.0005982402950240065,-0.4590152707941938,-0.6773256930103632
53,J305,71,2,0.00493563278697787,0.9998869996665086,0.9565446634164012,0.04334233625010736,0.6749118323026269,-0.6443981801923012
53,176,35,3,0.005846054328716177,0.9998869996665086,0.9987675792996652,0.001119420366843401,-0.44518926287836424,-0.5948809333255347
53,OF-04,74,4,0.047364649054165056,0.9998869996665086,0.9500995156852782,0.04978748398123045,0.845890479352812,1.6632889476901234
53,185,40,5,0.0008983147725316704,0.9998869996665086,0.9997365200635916,0.00015047960291700118,-0.47089358926454017,-0.8639853314577101
53,179,36,6,0.004288370772972657,0.9998869996665086,0.9991018754505225,0.0007851242159860009,-0.454057562872742,-0.6796023482239374
53,J306,63,7,0.06058217327874312,0.9998869996665086,0.8582346288045476,0.14165237086196095,3.282907398986496,2.3821816583637343
53,J297,60,8,0.060730837134655324,0.9998869996665086,0.8597182055156674,0.1401687941508413,3.2435506690177633,2.3902673906491483
53,117,18,9,0.0031723360333062735,0.9998869996665086,0.9991530229455862,0.0007339767209224194,-0.4554144176526174,-0.7403027657584698
53,184,39,10,0.004769979981461405,0.9998869996665086,0.9990446460559461,0.0008423536105623381,-0.45253936579419995,-0.6534079306088715
53,163,33,11,0.007588914686759012,0.9998869996665086,0.9982529082945962,0.0016340913719124822,-0.4315359292708604,-0.5000878702805536
53,123,21,12,0.012371612476607109,0.9998869996665086,0.9974078292177512,0.002479170448757384,-0.40911743969743625,-0.23995998853374764
53,J304,62,13,0.06070495132319027,0.9998869996665086,0.8584708776504529,0.14141612201605577,3.2766401247943193,2.38885947787699
53,J303,61,14,0.06080934185355152,0.9998869996665086,0.8533142879730927,0.1465727116934159,3.413435550315831,2.3945372122291237
53,148,29,15,0.009065420936771722,0.9998869996665086,0.9979836439817431,0.0019033556847654765,-0.42439281171465804,-0.4197816372551286
53,189,42,16,0.0015246032046599093,0.9998869996665086,0.9996683382497402,0.00021866141676839064,-0.4690848434029916,-0.8299219031646125
53,20,2,17,0.03439202294480919,0.9998869996665086,0.9952587054705675,0.004628294195941166,-0.35210489538250905,0.9577160892747416
53,127,24,18,0.0021340281297398188,0.9998869996665086,0.9996520501883722,0.0002349494781363923,-0.468652749242865,-0.7967756702620777
53,125,23,19,0.009507723303744513,0.9998869996665086,0.998117277931083,0.0017697217354256346,-0.4279378897813353,-0.3957250936749655
53,152,31,20,0.007307952227564768,0.9998869996665086,0.9983255277112812,0.0015614719552274818,-0.4334623970777063,-0.5153692392007699
53,120,20,21,0.023404578769523055,0.9998869996665086,0.9978248467690565,0.002062152897452122,-0.42018019569510684,0.36011600983939834
53,99,13,22,0.02662422399279112,0.9998869996665086,0.9934535728611861,0.006433426805322572,-0.30421784233517385,0.5352304596134753
53,137,26,23,0.010192400722200623,0.9998869996665086,0.9974764423291803,0.0024105573373282892,-0.41093762713944015,-0.3584859256637841
53,154,32,24,0.007386280039183455,0.9998869996665086,0.9995553957031716,0.00033160396333695375,-0.4660886725451157,-0.5111090394947627
53,OF-02,72,25,0.03955935988402448,0.9998869996665086,0.9805311922275938,0.019355807438914786,0.03859061599229859,1.2387642489814392
53,110,14,26,0.023376164919653532,0.9998869996665086,0.9939555722200298,0.005931427446478637,-0.3175350190355193,0.358570598671141
53,HartleyRd,75,27,0.014472438273937087,0.9998869996665086,0.9675642475506723,0.03232275211583626,0.38258128148605974,-0.12569741360407624
53,124,22,28,0.0018102819453418737,0.9998869996665086,0.999401892901035,0.00048510676547361864,-0.4620165081010021,-0.8143840187029528
53,186,41,29,0.0010314569735369965,0.9998869996665086,0.9992192472823852,0.0006677523841234365,-0.45717123502594287,-0.8567438120808976
53,Stor-01,76,30,0.017984940032018715,0.9998869996665086,0.9631058571944682,0.036781142472040514,0.5008546838852573,0.0653453162755229
53,197,43,31,0.000948164199996778,0.9998869996665086,0.9997912590957814,9.574057072712873e-05,-0.4723457213265356,-0.8612740528985016
53,203,44,32,0.0009987298489725327,0.9998869996665086,0.9996334216442126,0.0002535780222959922,-0.46815856611319945,-0.8585238195082305
53,78,9,33,0.0317910405926296,0.9998869996665086,0.9854264370903163,0.014460562576192298,-0.09127178259415149,0.81625031839341
53,96,12,34,0.02849370569552768,0.9998869996665086,0.9959422536334502,0.003944746033058384,-0.37023824855903464,0.6369103768203536
53,116,17,35,0.001962072175653408,0.9998869996665086,0.999130780934862,0.0007562187316466308,-0.45482437549067634,-0.806128244908378
53,25,3,36,0.03447641268386182,0.9998869996665086,0.981966479934477,0.017920519732031494,0.0005149099746328391,0.9623059933467745
53,115,16,37,0.0019791453220948424,0.9998869996665086,0.9986989038351508,0.0011880958313577317,-0.44336742131661044,-0.8051996473649601
53,94,11,38,0.029381228518974126,0.9998869996665086,0.9925666894827683,0.007320310183740377,-0.2806903567818287,0.6851821770070847
53,J288,59,39,0.014445408314989713,0.9998869996665086,0.9776102285766229,0.022276771089885673,0.1160787410067342,-0.12716755582790823
53,183,38,40,0.0011895714370577157,0.9998869996665086,0.9993315792112629,0.0005554204552456277,-0.46015120725021313,-0.8481440672765153
53,136,25,41,0.0003840712396357344,0.9998869996665086,0.99983711628018,4.9883386328593265e-05,-0.47356223329384556,-0.8919547091587549
53,62,8,42,0.03292461381834918,0.9998869996665086,0.9824457701317267,0.017441229534781933,-0.012199831857338568,0.8779046429959882
53,J110,66,43,0.00011511845233138481,0.9998869996665086,0.999743268576413,0.0001437310900955671,-0.4710726156639255,-0.9065828796862516
53,84,10,44,0.03110658602003645,0.9998869996665086,0.998154915449904,0.0017320842166046345,-0.4289363482053781,0.7790232708265542
53,31,4,45,0.03420275738455816,0.9998869996665086,0.9998793315680689,7.668098439725687e-06,-0.4746821320314988,0.9474220561915253
53,16,1,46,0.03964193655579521,0.9998869996665086,0.9679223514613519,0.03196464820515668,0.3730814027081522,1.243255541480626
53,118,19,47,0.0019633467483645257,0.9998869996665086,0.9992118020784722,0.0006751975880364711,-0.4569737266141625,-0.8060589217117129
53,J116,65,48,0.0007766573482905785,0.9998869996665086,0.9996939370504909,0.0001930626160177429,-0.46976393541159167,-0.8706022011528395
53,332,50,49,7.360614444074388e-05,0.9998869996665086,0.999790220652386,9.67790141225919e-05,-0.47231817321527403,-0.9088407076303326
53,34,5,50,0.033905558683521464,0.9998869996665086,0.9623246920385031,0.03756230762800554,0.5215776474326536,0.93125760843514
53,138,27,51,0.00048199168331900427,0.9998869996665086,0.9997921843524934,9.481531401523549e-05,-0.47237026679040595,-0.8866288786935511
53,182,37,52,9.060791728302002e-05,0.9998869996665086,0.9993275403492483,0.0005594593172603075,-0.4600440632107433,-0.9079159920514414
53,J136,57,53,2.6129673510842763e-05,0.9998869996665086,0.9988018651312852,0.0010851345352233274,-0.44609880682490294,-0.9114229225973798
54,OF-03,73,1,0.004330227499076355,0.9999226194738144,0.9993251348502152,0.0005974846235992246,-0.45886954181395284,-0.6616209166460828
54,J305,71,2,0.0049356307996163565,0.9999226194738144,0.9566556358032163,0.043266983670597975,0.6672254222552597,-0.6286361910427322
54,179,36,3,0.004288369353964892,0.9999226194738144,0.999159475515345,0.0007631439584695097,-0.4544976099442346,-0.663901511134972
54,176,35,4,0.005846052024002739,0.9999226194738144,0.9987440217745597,0.0011785976992548398,-0.44353332923433525,-0.5790329030476625
54,185,40,5,0.0008983145015359435,0.9999226194738144,0.9997746297052019,0.00014798976861260836,-0.4707322049311813,-0.8486048799272076
54,OF-04,74,6,0.047364629974104684,0.9999226194738144,0.9501245388677472,0.049798080606067316,0.8395882465944687,1.6830606466635907
54,J306,63,7,0.06058214896243507,0.9999226194738144,0.8581770986828845,0.1417455207909299,3.2661822227079917,2.403202470466464
54,J297,60,8,0.060730812689149365,0.9999226194738144,0.8598831058485725,0.14003951362524203,3.221158819085862,2.411302248297983
54,117,18,9,0.003172334832030612,0.9999226194738144,0.9991864565414312,0.0007361629323833317,-0.45520966886875114,-0.7247074109988044
54,184,39,10,0.004769978546456624,0.9999226194738144,0.9990684318404582,0.0008541876333563111,-0.4520948673273725,-0.6376615698458817
54,163,33,11,0.007588911646763837,0.9999226194738144,0.9982657338936443,0.0016568855801702797,-0.430910786525761,-0.4840751346135346
54,123,21,12,0.012371607534744427,0.9999226194738144,0.9974859865297748,0.0024366329440397502,-0.41033239682560313,-0.22349526765773817
54,J304,62,13,0.06070492736860754,0.9999226194738144,0.8512961979218653,0.14862642155194922,3.447776754359492,2.409891915393512
54,J303,61,14,0.060809317567886705,0.9999226194738144,0.8538229153744821,0.14609970409933248,3.381093904488593,2.4155794993162147
54,148,29,15,0.009065417954093862,0.9999226194738144,0.998076995781787,0.0018456236920275312,-0.4259297803729519,-0.40362933037781823
54,189,42,16,0.0015246050747323105,0.9999226194738144,0.9996426038625297,0.000280015611284835,-0.46724789787624194,-0.8144821345004465
54,120,20,17,0.023404571676021137,0.9999226194738144,0.997385543733951,0.0025370757398634042,-0.4076816010796895,0.37762351459372184
54,152,31,18,0.00730795151716698,0.9999226194738144,0.9981968567555967,0.0017257627182179435,-0.4290930431721411,-0.4993829348385548
54,20,2,19,0.034392009093193315,0.9999226194738144,0.9946224981077242,0.005300121366090226,-0.33476179103550907,0.9762618239094248
54,99,13,20,0.026624215939081097,0.9999226194738144,0.9929953812577287,0.0069272382160858355,-0.29182038952727896,0.5530422519258585
54,127,24,21,0.002134027336838487,0.9999226194738144,0.9996644522495624,0.0002581672242521993,-0.4678245008165151,-0.7812784402453681
54,125,23,22,0.009507719768211237,0.9999226194738144,0.997751766681752,0.0021708527920625874,-0.41734662706911674,-0.37953100788847477
54,197,43,23,0.0009481787462730623,0.9999226194738144,0.9997867156591327,0.00013590381468180367,-0.4710511665351706,-0.8458880820032367
54,137,26,24,0.010192396648864215,0.9999226194738144,0.9976226731899508,0.0022999462838636524,-0.4139397079756639,-0.34222714942725985
54,110,14,25,0.023376161817728287,0.9999226194738144,0.9939354013135318,0.005987218160282757,-0.3166285516713424,0.3760756350572478
54,HartleyRd,75,26,0.014472436059567127,0.9999226194738144,0.9642737380195266,0.035648881454287906,0.46617533417941487,-0.10903396166690597
54,154,32,27,0.007386277519624199,0.9999226194738144,0.999699912934287,0.0002227065395276758,-0.4687603472497425,-0.49511542969552985
54,186,41,28,0.0010314591758365133,0.9999226194738144,0.99929721300963,0.0006254064641845764,-0.45813265376105866,-0.8413506404087997
54,OF-02,72,29,0.03955934400100836,0.9999226194738144,0.9805485411960384,0.01937407827777617,0.036665395989115085,1.2577983201308112
54,124,22,30,0.0018102817532123822,0.9999226194738144,0.9994897472394811,0.0004328722343333613,-0.4632138436388116,-0.7989173583544678
54,203,44,31,0.0009987376993482577,0.9999226194738144,0.9997025115525408,0.00022010792127365785,-0.4688289276407652,-0.8431334336680022
54,Stor-01,76,32,0.01798493365912798,0.9999226194738144,0.9631307273108084,0.03679189216300613,0.49634064269515443,0.0823405640428156
54,25,3,33,0.03447640800342693,0.9999226194738144,0.9755263105538614,0.0243963089199532,0.16920758094236055,0.9808602046793918
54,96,12,34,0.02849369984515451,0.9999226194738144,0.9967065951426197,0.003216024331194918,-0.38976340174207436,0.6548990036262688
54,78,9,35,0.03179102883142721,0.9999226194738144,0.9850610448040283,0.01486157466978621,-0.0824245324561326,0.8345503067149169
54,116,17,36,0.001962075185914611,0.9999226194738144,0.9993502702292645,0.0005723492445501119,-0.4595328920852086,-0.7906470619725224
54,183,38,37,0.0011895904098018304,0.9999226194738144,0.9995476693898006,0.0003749500840140316,-0.46474247282920395,-0.8327350359728596
54,115,16,38,0.0019791446281724467,0.9999226194738144,0.9988708992912071,0.001051720182607451,-0.4468817663086224,-0.7897170523928344
54,94,11,39,0.029381229674011692,0.9999226194738144,0.9917117818425725,0.008210837631242007,-0.2579447905731539,0.7032550793918464
54,118,19,40,0.001963393887230841,0.9999226194738144,0.9993965245070129,0.0005260949668015879,-0.46075359329807963,-0.7905752139977429
54,J288,59,41,0.014445403487088353,0.9999226194738144,0.973401706438015,0.02652091303579942,0.22527821802342635,-0.11050680131738314
54,31,4,42,0.03420276751201032,0.9999226194738144,0.9996496104097307,0.000273009064083862,-0.46743280835550105,0.9659512068009657
54,62,8,43,0.03292460311054721,0.9999226194738144,0.9827241035583465,0.01719851591546801,-0.020750085207776412,0.8963118407442786
54,136,25,44,0.0003840714724121846,0.9999226194738144,0.9998478092350315,7.481023878315667e-05,-0.47266349313128714,-0.8766228395153917
54,J110,66,45,0.00011511948942300314,0.9999226194738144,0.9995905019488495,0.0003321175249650911,-0.4658728711258907,-0.8912763892259108
54,J211,58,46,5.154394937018329e-05,0.9999226194738144,0.9998160357899234,0.00010658368389112432,-0.47182495700299093,-0.8947402318277873
54,16,1,47,0.039641929325925945,0.9999226194738144,0.9681117831329163,0.031810836340898194,0.36488510648543393,1.2622978897215953
54,84,10,48,0.031106580618667293,0.9999226194738144,0.9987509634318583,0.00117165604195607,-0.4437165271977758,0.7972589069695698
54,J116,65,49,0.0007766645872690678,0.9999226194738144,0.9996672221715008,0.00025539730231362,-0.4678976020999978,-0.8552328402276965
54,332,50,50,7.361775386625987e-05,0.9999226194738144,0.9998342175014412,8.840197237328379e-05,-0.4723047923475739,-0.8935375651365491
54,34,5,51,0.03390554528184931,0.9999226194738144,0.9618279322029759,0.038094687270838624,0.530722837070773,0.9497573841106498
54,182,37,52,9.061102941746643e-05,0.9999226194738144,0.9996296079967663,0.00029301147704824913,-0.4669049226992008,-0.8926117054151722
54,138,27,53,0.00048199373936812657,0.9999226194738144,0.9998705094267729,5.211004704167355e-05,-0.47326257613376943,-0.8712876536927859
54,J136,57,54,2.6134565113525982e-05,0.9999226194738144,0.9989581786841892,0.0009644407896252864,-0.4491851653899189,-0.8961246338730162
55,OF-03,73,1,0.004330225960469648,0.9999110910850103,0.9993294357657394,0.0005816553192709343,-0.4544617494740621,-0.6497279552393933
55,J305,71,2,0.004935629049928818,0.9999110910850103,0.9572638677008358,0.042647223384174406,0.6674553852597802,-0.6166231986181142
55,179,36,3,0.004288367824332758,0.9999110910850103,0.9991750251412236,0.0007360659437866311,-0.4503435137435514,-0.6520168490913723
55,117,18,4,0.0031723341343659816,0.9999110910850103,0.9991988447354315,0.0007122463495789115,-0.4509787984220518,-0.7130439966741563
55,176,35,5,0.005846049930742245,0.9999110910850103,0.9986619045753651,0.0012491865096450742,-0.4366582414055506,-0.5668394062869855
55,184,39,6,0.0047699774127885775,0.9999110910850103,0.9990670882675855,0.0008440028174247965,-0.44746476436312177,-0.6256813901386482
55,185,40,7,0.0008983141826056724,0.9999110910850103,0.9997650381399446,0.00014605294506574761,-0.46607955924183947,-0.8373923496404573
55,OF-04,74,8,0.047364612882094245,0.9999110910850103,0.9506078273815991,0.049303263703411045,0.8449764797594234,1.7034858459307132
55,J306,63,9,0.0605821271044309,0.9999110910850103,0.8588373724029353,0.1410737186820749,3.2925565467640383,2.4262482485138284
55,J297,60,10,0.060730790815461184,0.9999110910850103,0.8587754049171897,0.14113568616782063,3.2942092614961256,2.4343775033157327
55,163,33,11,0.007588909685522783,0.9999110910850103,0.9982964166476171,0.0016146744373930764,-0.4269104313190166,-0.4715360472331445
55,123,21,12,0.012371603971394772,0.9999110910850103,0.9982073432548533,0.0017037478301569371,-0.4245347837243742,-0.21000792971194587
55,148,29,13,0.009065415997692217,0.9999110910850103,0.9978739650795392,0.0020371260054709303,-0.415643362440012,-0.3907974732727484
55,J304,62,14,0.06070490547169305,0.9999110910850103,0.8483794390828888,0.1515316520021213,3.5714766975049272,2.4329620364632794
55,J303,61,15,0.06080929566155813,0.9999110910850103,0.8571013187024259,0.14280977238258438,3.3388582724512923,2.4386703189106314
55,120,20,16,0.023404569414519686,0.9999110910850103,0.994931571628089,0.00497951945692128,-0.3371677401634399,0.39329859806266376
55,189,42,17,0.001524604524547692,0.9999110910850103,0.9996181641233799,0.00029292696163033563,-0.4621623299397948,-0.8031454326602846
55,94,11,18,0.029381255412110178,0.9999110910850103,0.9901851177888242,0.009725973296186022,-0.21057660787971227,0.7201167772179653
55,137,26,19,0.010192398258095389,0.9999110910850103,0.9992928138327155,0.0006182772522949288,-0.4534850177655231,-0.32917163406456873
55,99,13,20,0.026624209425308014,0.9999110910850103,0.9940470897295924,0.005864001355417892,-0.3135780100603254,0.5693555109213294
55,152,31,21,0.007307951576601835,0.9999110910850103,0.9982863986697267,0.0016246924152835051,-0.4266432450769738,-0.4868994472199397
55,125,23,22,0.009507719220444853,0.9999110910850103,0.9975674801916229,0.0023436108933875006,-0.4074692033091986,-0.36661137181906406
55,96,12,23,0.028493710852333685,0.9999110910850103,0.9926645279402475,0.007246563144762879,-0.27670415258855224,0.6715839118370021
55,20,2,24,0.03439199725233812,0.9999110910850103,0.9911719986240541,0.008739092460956215,-0.2368973868426032,0.994115030614711
55,127,24,25,0.002134026619712202,0.9999110910850103,0.9996638234487386,0.0002472676362716491,-0.4633800950107731,-0.7698209080727506
55,110,14,26,0.023376157310132546,0.9999110910850103,0.9947635236792273,0.005147567405782952,-0.3326857877744007,0.3917449624482917
55,197,43,27,0.0009481784543830977,0.9999110910850103,0.9997533465059801,0.00015774457903014374,-0.46576773546098726,-0.8346656628923541
55,154,32,28,0.007386279740878668,0.9999110910850103,0.9996106770443701,0.0003004140406401026,-0.4619626444816738,-0.4826162929709375
55,HartleyRd,75,29,0.014472432697752918,0.9999110910850103,0.9693812178305429,0.0305298732544674,0.34427746651368685,-0.09513004933771846
55,186,41,30,0.0010314626290046844,0.9999110910850103,0.9997563581258179,0.0001547329591924434,-0.4658480573977791,-0.8301115032270727
55,OF-02,72,31,0.03955933119828587,0.9999110910850103,0.9802873774850276,0.019623713599982624,0.05340281645236784,1.2766760806653334
55,124,22,32,0.0018102823476301053,0.9999110910850103,0.9996904859299763,0.00022060515503382494,-0.46409120140803084,-0.787523948446042
55,203,44,33,0.0009987389046401392,0.9999110910850103,0.9996739571697882,0.00023713391522216349,-0.46365036820110517,-0.8319009075920187
55,Stor-01,76,34,0.017984927421603732,0.9999110910850103,0.964304424076347,0.03560666700866332,0.4796789876236389,0.09694079567644538
55,116,17,35,0.0019620830701159056,0.9999110910850103,0.9996816423846006,0.00022944870040979756,-0.4638553380750125,-0.7792231550402533
55,25,3,36,0.03447640243234429,0.9999110910850103,0.9812401645706412,0.018670926514369107,0.02799134083759352,0.9987304892906413
55,78,9,37,0.03179102054090758,0.9999110910850103,0.9900936238130665,0.009817467271943693,-0.20813640170041914,0.8518879714722746
55,118,19,38,0.001963417482790504,0.9999110910850103,0.9995864234373436,0.00032466764766669876,-0.4613157843879207,-0.7791501864551997
55,84,10,39,0.03110659853028464,0.9999110910850103,0.9952539642463012,0.004657126838709087,-0.3457661692141519,0.8144622885142311
55,183,38,40,0.0011895912881478288,0.9999110910850103,0.9997367324488831,0.00017435863612707682,-0.46532462732785246,-0.8214646844926995
55,115,16,41,0.0019791453807076276,0.9999110910850103,0.9997860845702755,0.00012500651473470754,-0.46664088176521407,-0.7782901508165052
55,31,4,42,0.03420276332566848,0.9999110910850103,0.9971946506862945,0.0027164403987157693,-0.3975255883860208,0.9837673082526005
55,136,25,43,0.00038408417007707013,0.9999110910850103,0.9991145014236923,0.0007965896613180136,-0.4487293052856629,-0.8655115642736769
55,J288,59,44,0.014445402690812317,0.9999110910850103,0.9623405768274832,0.03757051425752714,0.5320561212237551,-0.0966081088600765
55,J110,66,45,0.00011513217761768648,0.9999110910850103,0.9996991878873606,0.0002119031976496598,-0.46432328849360055,-0.8802184437201132
55,62,8,46,0.032924593355687454,0.9999110910850103,0.9827502853898429,0.01716080569516738,-0.012284602184658702,0.9138741965166662
55,J211,58,47,5.155522254211891e-05,0.9999110910850103,0.9999005101099493,1.0580975061133597e-05,-0.46969268825485605,-0.8836949697919884
55,114,15,48,0.001992122557987516,0.9999110910850103,0.9997328411701008,0.00017824991490955326,-0.4652208442923934,-0.7775805305602463
55,16,1,49,0.039641918139550265,0.9999110910850103,0.9695715197941369,0.030339571290873408,0.33920198450901784,1.2811921140953844
55,J116,65,50,0.0007766725073000532,0.9999110910850103,0.999467778288348,0.0004433127966622413,-0.4581514380653946,-0.8440439808034145
55,332,50,51,7.361832333368003e-05,0.9999110910850103,0.9998397045879969,7.138649701333192e-05,-0.46807096388257724,-0.8824885114921672
55,34,5,52,0.0339055374959631,0.9999110910850103,0.9691731091987635,0.030737981886246817,0.34982786439537245,0.9675143539395585
55,150,30,53,0.00016042674089619577,0.9999110910850103,0.9969670750254128,0.0029440160595974305,-0.3914559916793372,-0.8777416385638299
55,J86,67,54,5.389518281923795e-05,0.9999110910850103,0.9998815654579236,2.952562708665507e-05,-0.46918742157959775,-0.883567015678727
55,138,27,55,0.0004819938919337519,0.9999110910850103,0.9997299262994529,0.00018116478555741622,-0.4651431027218927,-0.8601576479006731
56,OF-03,73,1,0.00433022472044195,0.9999255232566714,0.9993349747709345,0.0005905484857367933,-0.4546787794206287,-0.6355829508590459
56,J305,71,2,0.004935627663442523,0.9999255232566714,0.9570530024276351,0.04287252082903617,0.6823107882461172,-0.6024033241514195
56,179,36,3,0.004288366591490721,0.9999255232566714,0.9992164173902688,0.000709105866402491,-0.4514906948182283,-0.6378770214600211
56,117,18,4,0.003172333219283473,0.9999255232566714,0.9992085640057532,0.0007169592509182055,-0.4512795122321194,-0.6990421861015399
56,185,40,5,0.0008983140110702629,0.9999255232566714,0.9997873453427225,0.00013817791394887962,-0.46684331651143,-0.8236717560876495
56,176,35,6,0.005846048260014571,0.9999255232566714,0.998674226538371,0.0012512967183003366,-0.436910832334829,-0.5525069437481834
56,OF-04,74,7,0.04736459924181019,0.9999255232566714,0.950968224363747,0.048957298892924384,0.8459344036261301,1.7229527958260158
56,184,39,8,0.004769976036233747,0.9999255232566714,0.9990809244355083,0.000844598821162997,-0.4478472016811478,-0.6114820034308046
56,J306,63,9,0.06058210961018313,0.9999255232566714,0.8590983270736787,0.14082719618299258,3.316375327084529,2.4473497699358386
56,J297,60,10,0.060730773283518086,0.9999255232566714,0.8587838055214767,0.14114171773519457,3.324833014932118,2.4554974098561053
56,163,33,11,0.0075889075162390955,0.9999255232566714,0.9983106630607648,0.001614860195906651,-0.42713437541208255,-0.4569880497718017
56,123,21,12,0.012371600417697692,0.9999255232566714,0.9983957014340442,0.0015298218226271127,-0.4294211122389541,-0.1948684698089057
56,148,29,13,0.009065413538893834,0.9999255232566714,0.9978480110388586,0.002077512217812756,-0.4146933634816036,-0.3760668728438591
56,J304,62,14,0.06070488797204954,0.9999255232566714,0.8463096214846014,0.15361590177207,3.6602718870813744,2.4540787431950544
56,J303,61,15,0.0608092782531344,0.9999255232566714,0.8584973127152968,0.1414282105413744,3.3325369916811978,2.459799941941022
56,120,20,16,0.02340456322732092,0.9999255232566714,0.9948446188106056,0.005080904446065762,-0.3339302050506509,0.4098025046796971
56,189,42,17,0.0015246042507517637,0.9999255232566714,0.9996404577251493,0.00028506553152206403,-0.46289341352572877,-0.7893473831992898
56,203,44,18,0.0009987509503903093,0.9999255232566714,0.9997319773730414,0.00019354588362998685,-0.46535443601647153,-0.8181672236224142
56,94,11,19,0.029381247087481317,0.9999255232566714,0.9900892493572365,0.009836273899434792,-0.20605524654629567,0.7373597815683072
56,152,31,20,0.0073079501395888705,0.9999255232566714,0.9983273772701053,0.0015981459865660247,-0.427583831305431,-0.47238615938753187
56,99,13,21,0.026624201842720054,0.9999255232566714,0.9936249533165612,0.006300569940110202,-0.30113261151569837,0.5862575560260557
56,137,26,22,0.010192395322022782,0.9999255232566714,0.9994533418080964,0.0004721814485748944,-0.4578617455631726,-0.31430167116647256
56,20,2,23,0.03439198865609668,0.9999255232566714,0.9889719641829132,0.010953559073758109,-0.1760107259879814,1.0119777640165477
56,197,43,24,0.000948181062141044,0.9999255232566714,0.9997465138002983,0.00017900945637312383,-0.4657453299418544,-0.8209387496517409
56,125,23,25,0.009507716506550162,0.9999255232566714,0.9974861679520053,0.0024393553046660427,-0.40496316897827844,-0.35182607995016074
56,25,3,26,0.03447640389497912,0.9999255232566714,0.9839354905353298,0.015990032721341686,-0.040576693993527806,1.016604213469655
56,96,12,27,0.028493702715883504,0.9999255232566714,0.992732915118447,0.007192608138224384,-0.27714512774883016,0.6887171522640713
56,110,14,28,0.023376151863303926,0.9999255232566714,0.9957970330643983,0.0041284901922731786,-0.3595412399822057,0.40824539554562833
56,127,24,29,0.0021340263871781526,0.9999255232566714,0.9996751329613561,0.0002503902953152442,-0.4638258530416394,-0.75594748115426
56,154,32,30,0.007386278045451686,0.9999255232566714,0.9996164268830946,0.0003090963735766137,-0.4622472086491817,-0.4680933314332484
56,HartleyRd,75,31,0.014472429381570113,0.9999255232566714,0.9692684867317054,0.030657036524965972,0.35382851913726543,-0.07973073946954286
56,Stor-01,76,32,0.01798492856443005,0.9999255232566714,0.9592336682260126,0.0406918550306588,0.6236712753304984,0.11277478605781724
56,186,41,33,0.0010314625465484189,0.9999255232566714,0.9997465252684447,0.0001789979882266869,-0.46574563832772514,-0.8163744365834922
56,124,22,34,0.00181028429764145,0.9999255232566714,0.999678700999632,0.0002468222570394183,-0.4639217998972807,-0.7736904435969858
56,OF-02,72,35,0.03955931983850026,0.9999255232566714,0.979956944248882,0.019968579007789335,0.0664089874085159,1.2951777743387087
56,31,4,36,0.03420278084020339,0.9999255232566714,0.9911410974873375,0.008784425769333928,-0.23434012268651627,1.0016080676447565
56,116,17,37,0.001962083002023103,0.9999255232566714,0.9995925457024849,0.00033297755418647864,-0.4616050282656243,-0.7653709856156263
56,118,19,38,0.0019634219479767964,0.9999255232566714,0.9992268401815049,0.0006986830751664992,-0.45177097041192743,-0.7652976035360728
56,78,9,39,0.03179101139010544,0.9999255232566714,0.9912798372178026,0.008645686038868793,-0.23807092372103217,0.8694289776943601
56,115,16,40,0.001979152668799913,0.9999255232566714,0.9997536555059036,0.00017186775076788032,-0.46593737502202665,-0.7644354679108875
56,183,38,41,0.0011895960624281172,0.9999255232566714,0.999396038127444,0.000529485129227261,-0.45632081254894036,-0.8077077938333792
56,84,10,42,0.031106590093093873,0.9999255232566714,0.9951572125594887,0.004768310697182567,-0.34233605302085224,0.8319186824304471
56,J288,59,43,0.014445411829928898,0.9999255232566714,0.964846321360769,0.03507920189590243,0.47274340447961644,-0.08121145952281268
56,136,25,44,0.0003840846909623745,0.9999255232566714,0.9986554021325451,0.0012701211241261119,-0.43640463189394957,-0.8518545343191722
56,114,15,45,0.0019921459075743072,0.9999255232566714,0.9979887785311629,0.0019367447255085408,-0.4184786923427315,-0.763723362333533
56,62,8,46,0.03292458597783012,0.9999255232566714,0.9820267488456662,0.017898774411005118,0.010750603865174029,0.9315555036731425
56,J110,66,47,0.00011513249665742106,0.9999255232566714,0.9996998038203553,0.00022571943631604185,-0.4644892683875396,-0.8665946896362351
56,332,50,48,7.364889033538418e-05,0.9999255232566714,0.9989223963572686,0.001003126899402649,-0.44358427918365206,-0.8688682342038074
56,J211,58,49,5.155521191686029e-05,0.9999255232566714,0.9998698873919059,5.563586476549926e-05,-0.46906292556971485,-0.8700790971687142
56,16,1,50,0.03964191139932355,0.9999255232566714,0.9708583297962832,0.02906719346038818,0.3110766114453637,1.2997042755541386
56,J116,65,51,0.0007766736006334,0.9999255232566714,0.9994288925241527,0.0004966307325186456,-0.45720428851374123,-0.8303383629443225
56,34,5,52,0.03390552880178123,0.9999255232566714,0.9719630490102806,0.02796247424639054,0.28136999768292936,0.9853169151372291
56,J86,67,53,5.390076844055439e-05,0.9999255232566714,0.9998921916116155,3.3331645055945104e-05,-0.4696627004553046,-0.8699505469348947
56,150,30,54,0.0001604270459531602,0.9999255232566714,0.9955479055756328,0.00437761768103871,-0.352842040771592,-0.8641122830756158
56,138,27,55,0.0004819946563121329,0.9999255232566714,0.9997466398236454,0.00017888343302589692,-0.4657487187911237,-0.8464884948262679
56,356,53,56,0.00025732299681774644,0.9999255232566714,0.998767518601299,0.0011580046553724404,-0.43941951621158615,-0.8588018175148885
57,OF-03,73,1,0.0043302236157423245,0.9999334587731022,0.9993376443451691,0.0005958144279331821,-0.437366635438668,-0.654601958157762
57,J305,71,2,0.00493562643437247,0.9999334587731022,0.9565709918821348,0.04336246689096748,0.7121541408806135,-0.6216110747449802
57,176,35,3,0.005846046882757575,0.9999334587731022,0.9986959250069312,0.0012375337661711585,-0.4201179224956097,-0.5719985292711295
57,179,36,4,0.004288365503975581,0.9999334587731022,0.9992315418156641,0.0007019169574380385,-0.43451471565861777,-0.6568829784019368
57,185,40,5,0.000898313809354275,0.9999334587731022,0.9998167929171872,0.00011666585591508917,-0.45024562424787146,-0.8416208038280202
57,117,18,6,0.003172332410229418,0.9999334587731022,0.9991978577661601,0.0007356010069421102,-0.43360932530175117,-0.7177002005019206
57,OF-04,74,7,0.04736458715924122,0.9999334587731022,0.9505536772034774,0.0493797815696249,0.8738929687382877,1.6905170712172735
57,184,39,8,0.0047699748192909525,0.9999334587731022,0.9990890088466337,0.0008444499264685934,-0.4306835855660131,-0.6306381108804562
57,J306,63,9,0.06058209419879534,0.9999334587731022,0.8581859549223052,0.141747503850797,3.3566361742129995,2.4107932581306835
57,J297,60,10,0.06073075778954776,0.9999334587731022,0.8587938717478338,0.1411395870252685,3.340296035788017,2.418894547122592
57,163,33,11,0.00758890571446058,0.9999334587731022,0.9983202937355988,0.0016131650375033897,-0.41002136534737726,-0.477023000991044
57,123,21,12,0.012371597306826845,0.9999334587731022,0.9981632856000171,0.0017701731730851522,-0.4058011586323814,-0.21639451386230868
57,J304,62,13,0.06070487287946452,0.9999334587731022,0.8466421414749901,0.15329131729811205,3.6669212358533145,2.417483972172448
57,148,29,14,0.009065411385071732,0.9999334587731022,0.9979030275610976,0.002030431212004645,-0.3988057076042547,-0.3965621492433377
57,120,20,15,0.02340455811029805,0.9999334587731022,0.9949090165800492,0.005024442193053152,-0.3183299717439796,0.3848367859666364
57,94,11,16,0.02938124250125646,0.9999334587731022,0.9906294723622726,0.009303986410829685,-0.20330051051216314,0.7105308393627782
57,J303,61,17,0.060809262941795804,0.9999334587731022,0.8558968664867196,0.1440365922863827,3.4181643641458535,2.423172614956796
57,189,42,18,0.0015246039880866783,0.9999334587731022,0.9997100346533746,0.0002234241197275545,-0.447376079047852,-0.807491682467332
57,152,31,19,0.007307949456952375,0.9999334587731022,0.9984939539659031,0.0014395048071992101,-0.4146891621296387,-0.4923334601602263
57,137,26,20,0.01019239413712439,0.9999334587731022,0.9988144978414253,0.0011189609316768698,-0.4233050304151755,-0.33514823533835575
57,203,44,21,0.0009987507242091174,0.9999334587731022,0.9997794422813023,0.00015401649179999112,-0.4492416800650636,-0.8361475842684993
57,96,12,22,0.02849369763591257,0.9999334587731022,0.991707106264316,0.008226352508786144,-0.23226612947744926,0.6621648782619898
57,125,23,23,0.009507715483113086,0.9999334587731022,0.9976831041476726,0.0022503546254297076,-0.3928944071313061,-0.3724591842711966
57,99,13,24,0.026624195463894038,0.9999334587731022,0.9935645452828935,0.006368913490208595,-0.28219205586241786,0.5602880347802198
57,20,2,25,0.03439198047307058,0.9999334587731022,0.9878257905570907,0.012107668216011547,-0.12794061443353902,0.9835865093283801
57,110,14,26,0.02337614725607197,0.9999334587731022,0.9952680465926005,0.004665412180501704,-0.3279803052393775,0.3832885619567928
57,197,43,27,0.0009481809248494767,0.9999334587731022,0.9997581423624599,0.00017531641064237114,-0.44866916157616865,-0.8389033401116199
57,25,3,28,0.034476395569582555,0.9999334587731022,0.9844674721723201,0.015465986600782152,-0.03767269458347269,0.9881866342726392
57,HartleyRd,75,29,0.014472429388036105,0.9999334587731022,0.9601297157078216,0.03980374306528075,0.6164995422807984,-0.1019115545364315
57,127,24,30,0.002134026441569358,0.9999334587731022,0.9996948803805394,0.0002385783925627649,-0.44696874879236514,-0.7742817526598177
57,154,32,31,0.007386278320823213,0.9999334587731022,0.9991350268384248,0.0007984319346774003,-0.4319204987823138,-0.4880649990029663
57,OF-02,72,32,0.03955931596262801,0.9999334587731022,0.9870755314240911,0.012857927349011183,-0.10777447068983993,1.2651758205186634
57,Stor-01,76,33,0.017984925816731993,0.9999334587731022,0.9606198759219793,0.03931358285112293,0.6033245725918207,0.08949878681137169
57,183,38,34,0.0011896067287037648,0.9999334587731022,0.9997445396324252,0.00018891914067696092,-0.4483035350917731,-0.8257470575462098
57,118,19,35,0.0019634305617212957,0.9999334587731022,0.9997256183828486,0.00020784039025368184,-0.44779495262740654,-0.7835782220675801
57,186,41,36,0.001031462350207206,0.9999334587731022,0.999797529925724,0.00013592884737821916,-0.4497278561359046,-0.8343649935597423
57,124,22,37,0.0018102841680099548,0.9999334587731022,0.9996830747671088,0.0002503840059935161,-0.4466514268339169,-0.7919237973846079
57,114,15,38,0.0019921660374813883,0.9999334587731022,0.9998165183316068,0.00011694044149531705,-0.45023824368822585,-0.7820123080985024
57,31,4,39,0.03420277257526301,0.9999334587731022,0.9899075935157257,0.010025865257376556,-0.1838971977836702,0.9732757947012642
57,116,17,40,0.0019620838222709366,0.9999334587731022,0.9997425970242466,0.00019086174885553456,-0.44825131991165246,-0.783651611425586
57,J288,59,41,0.014445420025104384,0.9999334587731022,0.9643610372030628,0.035572421570039474,0.5027662550128635,-0.10338340553565567
57,78,9,42,0.03179100336842919,0.9999334587731022,0.9929444297218356,0.006989029051266511,-0.26552402878755843,0.8418485956980817
57,115,16,43,0.0019791522313132386,0.9999334587731022,0.9996826133433503,0.0002508454297520175,-0.44663902426868124,-0.782721483789196
57,84,10,44,0.031106583366149566,0.9999334587731022,0.9926089691427569,0.007324489630345418,-0.2565072158485374,0.8045517417592875
57,136,25,45,0.00038408641801761435,0.9999334587731022,0.9991699706785352,0.0007634880945669206,-0.43285975093084467,-0.8696431641362085
57,J116,65,46,0.0007766828642287855,0.9999334587731022,0.999432768876271,0.0005006898968313431,-0.43992347864573705,-0.8482489730511189
57,J110,66,47,0.00011513392221007177,0.9999334587731022,0.9999305957424007,2.863030701488868e-06,-0.4533045195425158,-0.8842994890817056
57,62,8,48,0.032924578205871406,0.9999334587731022,0.9818553953155369,0.018078063457565397,0.03253707034518188,0.9036217393817194
57,332,50,49,7.36544372514368e-05,0.9999334587731022,0.9998116764368193,0.00012178233628301074,-0.4501080988596116,-0.8865598763976897
57,J211,58,50,5.155777217332754e-05,0.9999334587731022,0.9997875053510039,0.0001459534220983219,-0.4494584065472448,-0.8877640143352248
57,16,1,51,0.03964190831489097,0.9999334587731022,0.9968153631616622,0.0031180956114401507,-0.36957047985537617,1.269676616650502
57,34,5,52,0.03390552342831598,0.9999334587731022,0.9723714753321105,0.027561983440991776,0.28745445185689683,0.9570774691406604
57,138,27,53,0.0004820243285445833,0.9999334587731022,0.9997956609171037,0.0001377978559984694,-0.4496776192312988,-0.8643061255753414
57,150,30,54,0.00016042884536406494,0.9999334587731022,0.9965147469658301,0.0034187118072721394,-0.36149024577332756,-0.8818311828846095
57,J86,67,55,5.3900768280758215e-05,0.9999334587731022,0.999710801146787,0.0002226576263153257,-0.44739668155124007,-0.8876363348645679
57,8,0,56,0.03960246785171564,0.9999334587731022,0.9962688307479359,0.003664628025166345,-0.35488028718590736,1.2675273439971178
57,356,53,57,0.0002573332600003984,0.9999334587731022,0.9996125159023472,0.0003209428707550114,-0.44475488183154743,-0.8765504637550142
58,OF-03,73,1,0.004330222713197182,0.9999379757367983,0.9993459243400381,0.0005920513967602423,-0.44362977888228194,-0.6405046503621746
58,J305,71,2,0.004935625414548959,0.9999379757367983,0.956468095651787,0.04346988008501135,0.7161948840296317,-0.6074501499654101
58,176,35,3,0.005846045670299952,0.9999379757367983,0.9987068260174219,0.0012311497193765186,-0.42634247634685535,-0.5577419365105493
58,179,36,4,0.004288364643496418,0.9999379757367983,0.9992100027906503,0.0007279729461480312,-0.439953166282625,-0.6427900672895228
58,117,18,5,0.0031723317754171055,0.9999379757367983,0.9992057971294586,0.0007321786073397016,-0.43983940516824077,-0.7037245639449886
58,185,40,6,0.0008983136431710336,0.9999379757367983,0.9998104981913489,0.0001274775454494871,-0.45619627832915877,-0.8278841243280879
58,OF-04,74,7,0.047364577285090956,0.9999379757367983,0.9505365987823388,0.04940137695445952,0.8766390242212699,1.7091364845303088
58,184,39,8,0.004769973831339289,0.9999379757367983,0.9990976920175584,0.0008402837192399732,-0.43691521383662274,-0.6164945931281226
58,J306,63,9,0.06058208158577104,0.9999379757367983,0.8581232271127351,0.14181474862406324,3.3763763225938592,2.430801584761172
58,J297,60,10,0.06073074514116956,0.9999379757367983,0.8587653430360326,0.14117263270076577,3.3590073954099853,2.438918495273683
58,163,33,11,0.0075889041332207275,0.9999379757367983,0.9983255023387022,0.0016124733980961941,-0.41602785406626014,-0.4625832667102895
58,123,21,12,0.012371594755241487,0.9999379757367983,0.9982568530170615,0.001681122719736876,-0.41417092290237284,-0.20145220682205994
58,J304,62,13,0.06070486031456723,0.9999379757367983,0.8464104776130662,0.15352749812373215,3.6932005684994715,2.4375052045677013
58,120,20,14,0.023404553349012817,0.9999379757367983,0.9949302888782251,0.005007686858573323,-0.3241889613848571,0.400938455461082
58,148,29,15,0.009065409505147337,0.9999379757367983,0.9978943819084043,0.0020435938283940333,-0.40436625358317313,-0.38196726137500087
58,94,11,16,0.0293812364439815,0.9999379757367983,0.9914277633806374,0.008510212356160821,-0.22944732966382472,0.7272605437055892
58,J303,61,17,0.06080925033639256,0.9999379757367983,0.8558093487583771,0.14412862697842138,3.4389656202440446,2.443204815768872
58,OF-02,72,18,0.03955931228804241,0.9999379757367983,0.9827835255634783,0.01715445017331996,0.004375149671845834,1.2829752956791227
58,25,3,19,0.03447639179226813,0.9999379757367983,0.9845427415118752,0.015395234224923055,-0.0432107964163661,1.0054519262439627
58,20,2,20,0.034391975333439136,0.9999379757367983,0.9865369849717057,0.013400990765092703,-0.097154123756442,1.0008428555119921
58,189,42,21,0.00152460367343514,0.9999379757367983,0.9997403587475098,0.00019761698928849578,-0.45429904007582117,-0.793689192578311
58,99,13,22,0.02662419103930337,0.9999379757367983,0.9939491097926536,0.005988865944144778,-0.2976485385837614,0.5767280828834878
58,152,31,23,0.007307948009633763,0.9999379757367983,0.9987422596695527,0.0011957160672457783,-0.427300939610867,-0.4779232450054679
58,96,12,24,0.02849369228541793,0.9999379757367983,0.9915576727171378,0.00838030301966056,-0.23296131479378562,0.6788013467514306
58,137,26,25,0.010192392037530452,0.9999379757367983,0.9987904769793262,0.0011474987574722414,-0.4286051946714768,-0.320434921858467
58,110,14,26,0.02337614348934946,0.9999379757367983,0.9950188325682044,0.004919143168593953,-0.3265840256529188,0.3993872999815678
58,203,44,27,0.0009987505903290138,0.9999379757367983,0.9997264397516291,0.00021153598516928588,-0.4539225379254235,-0.8224003478231756
58,125,23,28,0.009507713598354521,0.9999379757367983,0.9976778562231059,0.0022601195136925044,-0.39850933783799963,-0.3578178137564773
58,Stor-01,76,29,0.017984925245456352,0.9999379757367983,0.9561368627341507,0.04380111300264771,0.7251545752918945,0.10503112155041032
58,197,43,30,0.0009481809274095038,0.9999379757367983,0.9997628649254385,0.00017511081135988428,-0.4549078213744096,-0.825161410731063
58,127,24,31,0.0021340261589627694,0.9999379757367983,0.9997206129032795,0.0002173628335188892,-0.4537649244774093,-0.7604152151997973
58,HartleyRd,75,32,0.014472426368970535,0.9999379757367983,0.9603126044855806,0.03962537125121759,0.6122027673896744,-0.08674849100696982
58,154,32,33,0.007386277003805889,0.9999379757367983,0.9990575719049455,0.0008804038318529208,-0.43582998406844536,-0.4736465449458885
58,31,4,34,0.03420276997123746,0.9999379757367983,0.9897898516628273,0.010148124073971086,-0.1851426047254256,0.9905123949672989
58,186,41,35,0.0010314643908073589,0.9999379757367983,0.9997732163748517,0.0001647593619466534,-0.45518782310709155,-0.8206142006380431
58,183,38,36,0.0011896074094146925,0.9999379757367983,0.9997807904264636,0.00015718531033461966,-0.4553926975638108,-0.8119797190613508
58,118,19,37,0.0019634304954573713,0.9999379757367983,0.9996835143620547,0.00025446137474357855,-0.45276142676339753,-0.7697296011687308
58,124,22,38,0.0018102848128712093,0.9999379757367983,0.9996945691079325,0.00024340662886581507,-0.453060452327506,-0.7780912322194412
58,114,15,39,0.0019921658884357266,0.9999379757367983,0.9998232274205248,0.00011474831627367719,-0.4565405978618782,-0.7681606718321365
58,116,17,40,0.0019620839680466015,0.9999379757367983,0.9997700611985774,0.00016791453822099603,-0.4551024771049555,-0.7698031204819651
58,J288,59,41,0.01444542091258973,0.9999379757367983,0.9648695518486348,0.03506842388816359,0.4889395308650683,-0.08822296719721634
58,78,9,42,0.031791000512700916,0.9999379757367983,0.9910174251982665,0.008920550538531712,-0.218347879001142,0.8588317230011884
58,115,16,43,0.0019791537275503043,0.9999379757367983,0.9997383180237874,0.0001996577130109081,-0.4542438394797123,-0.7688711253471102
58,84,10,44,0.031106579329597723,0.9999379757367983,0.9931184876855018,0.006819488051296534,-0.2751806097052069,0.8214628770777656
58,136,25,45,0.00038408709672533637,0.9999379757367983,0.9993002140651687,0.0006377616716297105,-0.4423933379111789,-0.8559604800258128
58,16,1,46,0.03964192295029834,0.9999379757367983,0.9897792922867386,0.010158683450059767,-0.18485697867608297,1.2874857713711185
58,J116,65,47,0.0007766870529941528,0.9999379757367983,0.9996767247749133,0.00026125096188510643,-0.45257777169366464,-0.8345248382929943
58,8,0,48,0.039602498788286894,0.9999379757367983,0.9928539593938452,0.007084016342953211,-0.2680252465236418,1.2853332438453249
58,J110,66,49,0.00011513502905117248,0.9999379757367983,0.999926284282926,1.169145387233339e-05,-0.4593282364702705,-0.8706450465264182
58,62,8,50,0.032924572964886226,0.9999379757367983,0.9802329468395302,0.019705028897268134,0.07336707858321043,0.920723866836781
58,332,50,51,7.365545878901455e-05,0.9999379757367983,0.9994622131322725,0.0004757626045258265,-0.44677533483462134,-0.8729097976889529
58,J211,58,52,5.155817428359245e-05,0.9999379757367983,0.9997334848982895,0.00020449083850884275,-0.45411310575734476,-0.874116291643838
58,J86,67,53,5.3913997228440494e-05,0.9999379757367983,0.999915980931661,2.199480513732964e-05,-0.4590495357693868,-0.8739876656065054
58,150,30,54,0.00016043171094341823,0.9999379757367983,0.9967660252353348,0.0031719505014635514,-0.3738447477601449,-0.8681718841400659
58,34,5,55,0.03390551652008223,0.9999379757367983,0.9709356908084968,0.029002284928301467,0.3248533868242263,0.9742825956994544
58,138,27,56,0.0004820245022430246,0.9999379757367983,0.9998157510380502,0.00012222469874815158,-0.4563383653083993,-0.8506131764833706
58,J136,57,57,2.6159766838543197e-05,0.9999379757367983,0.9996413809739056,0.00029659476289262105,-0.45162173885936213,-0.8755030242551973
58,356,53,58,0.000257333223527427,0.9999379757367983,0.9993453882065318,0.0005925875302665023,-0.4436152767285536,-0.86288113951834
59,OF-03,73,1,0.004330221873527389,0.9999429719967803,0.999344785771857,0.0005981862249236223,-0.44006109018331774,-0.6267593678387773
59,J305,71,2,0.004935624452200316,0.9999429719967803,0.9566551125839984,0.043287859412782174,0.7179697404780659,-0.5936396080550507
59,176,35,3,0.005846044530664296,0.9999429719967803,0.9987044639188584,0.0012385080779222064,-0.42269125827911186,-0.5438332554506313
59,179,36,4,0.0042883638062333656,0.9999429719967803,0.9992243864117828,0.0007185855849976165,-0.43679505040025274,-0.6290492971893064
59,117,18,5,0.003172331180594343,0.9999429719967803,0.9992112217096318,0.0007317502871487487,-0.4364379352051938,-0.6901040957218634
59,185,40,6,0.0008983134693706985,0.9999429719967803,0.9998229252399001,0.00012004675688032763,-0.45303144586895566,-0.8145087860764384
59,OF-04,74,7,0.047364568029933884,0.9999429719967803,0.9506757666884187,0.049267205308361844,0.8801697850602577,1.727520672187185
59,184,39,8,0.004769972901217757,0.9999429719967803,0.9990979267824484,0.0008450452143322052,-0.4333646153871051,-0.6027019077042699
59,J306,63,9,0.0605820697628529,0.9999429719967803,0.8586014110786062,0.14134156091817432,3.37784509028532,2.450610559407124
59,163,33,10,0.007588902867730356,0.9999429719967803,0.9983255481010711,0.001617423895709422,-0.4124125148159816,-0.44848670177848665
59,J297,60,11,0.0607307332906645,0.9999429719967803,0.8589191037933491,0.14102386820343144,3.3692271288235442,2.4587434952471314
59,148,29,12,0.009065408692092795,0.9999429719967803,0.9979578952709909,0.0019850767257897526,-0.40243929927180583,-0.3677114954201792
59,123,21,13,0.012371592770369439,0.9999429719967803,0.9977051220123622,0.0022378499844184626,-0.3955823897477938,-0.18684007806788874
59,J304,62,14,0.0607048488243402,0.9999429719967803,0.8476254843449149,0.15231748765186565,3.675585986467914,2.457327433708923
59,120,20,15,0.023404549109152545,0.9999429719967803,0.9949650564313092,0.004977915565471335,-0.3212533967163881,0.4167398809832179
59,96,12,16,0.028493688699355247,0.9999429719967803,0.992387324651093,0.00755564734568745,-0.2513279873198386,0.6951514482131405
59,J303,61,17,0.060809238956497536,0.9999429719967803,0.851688747889384,0.14825422410739642,3.565362972183136,2.4630383048261573
59,137,26,18,0.010192391852885632,0.9999429719967803,0.9984031221563476,0.0015398498404328108,-0.41451684452762944,-0.3060576259444614
59,94,11,19,0.029381230722102622,0.9999429719967803,0.9905661949159154,0.009376777080865173,-0.20192671009081054,0.743706210988997
59,OF-02,72,20,0.03955930478847117,0.9999429719967803,0.9825739023426129,0.017369069654167752,0.014877976298372581,1.3005181242749186
59,125,23,21,0.00950771363446244,0.9999429719967803,0.9977305703187712,0.002212401678009227,-0.3962727188416786,-0.3435143182714642
59,189,42,22,0.0015246044264770932,0.9999429719967803,0.9996252896713481,0.00031768232543240337,-0.44767024104990155,-0.7802462857422758
59,197,43,23,0.0009481834150040576,0.9999429719967803,0.9998250296570047,0.00011794233977582675,-0.45308853180345926,-0.8117805508855264
59,99,13,24,0.026624186862073542,0.9999429719967803,0.992821282767953,0.007121689228827408,-0.2630998478428329,0.5928766083838624
59,25,3,25,0.03447638507052872,0.9999429719967803,0.9845517055776242,0.015391266419156356,-0.03877333916253901,1.0224468276061105
59,20,2,26,0.03439196890953814,0.9999429719967803,0.9869900540999076,0.012952917896873082,-0.1049177378857587,1.0178286725595942
59,154,32,27,0.007386278632224045,0.9999429719967803,0.9990966295860093,0.0008463424107711414,-0.43332942670193747,-0.45957166613566003
59,152,31,28,0.007307947195408884,0.9999429719967803,0.9983539850467323,0.0015889869500481518,-0.41318391589138176,-0.46385694416754286
59,110,14,29,0.023376139889505817,0.9999429719967803,0.9953672751652519,0.004575696831528673,-0.3321642718717328,0.4151856977611952
59,203,44,30,0.0009987504506670996,0.9999429719967803,0.9997666422826958,0.0001763297140846149,-0.45150467382278564,-0.80901417998931
59,127,24,31,0.002134026938779218,0.9999429719967803,0.9996722738367526,0.0002706981600278254,-0.44894476737039984,-0.7469066074434393
59,Stor-01,76,32,0.017984921770981117,0.9999429719967803,0.9564561731173005,0.04348679887948012,0.7233663157776181,0.12024832002716616
59,HartleyRd,75,33,0.014472423922411964,0.9999429719967803,0.9616575854410385,0.03828538655574203,0.5822690577273059,-0.07190990506740585
59,31,4,34,0.03420276425579667,0.9999429719967803,0.9896488228342334,0.010294149162547154,-0.1770414140825504,1.0074778532822515
59,183,38,35,0.0011896085994837417,0.9999429719967803,0.9997776174218453,0.0001653545749349947,-0.45180239335439526,-0.7985729029543984
59,118,19,36,0.0019634318087699454,0.9999429719967803,0.9997419399778394,0.00020103201894111115,-0.45083458130447707,-0.7562393554779223
59,186,41,37,0.0010314642392387327,0.9999429719967803,0.9997895592058464,0.00015341279093402735,-0.45212633479066167,-0.8072245067086261
59,114,15,38,0.0019921672808254566,0.9999429719967803,0.9998189863169664,0.0001239856798141423,-0.4529245958076567,-0.7546673239648807
59,124,22,39,0.0018102844644660636,0.9999429719967803,0.9996793394978606,0.0002636324989198781,-0.4491364355840683,-0.7646175874735288
59,84,10,40,0.031106578522344455,0.9999429719967803,0.9911447597003237,0.008798212296456843,-0.21762127525956798,0.8380948156967125
59,116,17,41,0.0019620855925909612,0.9999429719967803,0.9996856367644867,0.00025733523229372205,-0.44930725977543395,-0.7563130029284545
59,J288,59,42,0.01444541910096727,0.9999429719967803,0.962654977364452,0.03728799463232846,0.5552130858419536,-0.07338725787487367
59,78,9,43,0.03179099509568738,0.9999429719967803,0.9880174842116023,0.01192548778517814,-0.1327885473074388,0.8755371942059148
59,115,16,44,0.001979154068362651,0.9999429719967803,0.9996131569615254,0.00032981503525505957,-0.4473411204222435,-0.7553792377986926
59,136,25,45,0.0003840984688797901,0.9999429719967803,0.999743064938991,0.00019990705778956465,-0.450865097811152,-0.8426399468831528
59,J110,66,46,0.0001151456079048943,0.9999429719967803,0.9999259521490376,1.7019847742954693e-05,-0.45582622803193457,-0.8573535514537851
59,16,1,47,0.039641916195000244,0.9999429719967803,0.9871304087284797,0.012812563268300837,-0.10872509865887686,1.30503754661639
59,J116,65,48,0.0007766869731186998,0.9999429719967803,0.9993980647935511,0.0005449072032294517,-0.44150637531065556,-0.8211626069901725
59,62,8,49,0.03292457188350556,0.9999429719967803,0.9864845110355577,0.013458460961222858,-0.09120401250379497,0.9375517812452441
59,8,0,50,0.039602491060151866,0.9999429719967803,0.9950425182698771,0.0049004537269033265,-0.32335468235675185,1.302880715704831
59,332,50,51,7.365614479533535e-05,0.9999429719967803,0.9998975861116978,4.538588508269529e-05,-0.45505675046675015,-0.8596233155746393
59,182,37,52,9.064338049197329e-05,0.9999429719967803,0.9999102863945882,3.2685602192301405e-05,-0.45540126749035165,-0.8586939948457857
59,150,30,53,0.0001604443120632831,0.9999429719967803,0.9982533247139218,0.0016896472828586083,-0.4104533311828462,-0.8548753951771325
59,J211,58,54,5.155895777083067e-05,0.9999429719967803,0.9999326515214694,1.0320475311070707e-05,-0.45600796003508365,-0.8608321864184865
59,138,27,55,0.0004820408561227817,0.9999429719967803,0.9998040689418867,0.00013890305489392554,-0.45251993634402227,-0.8372818125566635
59,34,5,56,0.03390551159831955,0.9999429719967803,0.9667236050767948,0.03321936691998567,0.44484455927482414,0.9912160517017279
59,J63,69,57,1.3115048762288025e-05,0.9999429719967803,0.9984691805786595,0.001473791418120934,-0.4163087928830401,-0.8629353374065472
59,J136,57,58,2.616177814546867e-05,0.9999429719967803,0.9997767436003925,0.00016622839638796036,-0.4517786894441176,-0.8622215899625216
59,167,34,59,8.094388377009232e-05,0.9999429719967803,0.999785252498774,0.0001577194980064029,-0.45200950795185,-0.8592246252275655
60,OF-03,73,1,0.004330221112051742,0.9999091453645864,0.9993113350452162,0.0005978103193703557,-0.42597413795007577,-0.613725226666809
60,J305,71,2,0.0049356235814635606,0.9999091453645864,0.9567236878674675,0.04318545749711902,0.7351078697370513,-0.5805317430025003
60,176,35,3,0.005846043520127568,0.9999091453645864,0.9987010484109131,0.0012080969536734682,-0.40933567873527543,-0.5306145211730867
60,179,36,4,0.004288363056743861,0.9999091453645864,0.9992124329891239,0.000696712375462586,-0.42327773640028665,-0.6160202531083624
60,117,18,5,0.0031723306269181937,0.9999091453645864,0.999198357315688,0.0007107880488983619,-0.4228939863634709,-0.6772109586306707
60,185,40,6,0.0008983133135341474,0.9999091453645864,0.9997817031651933,0.00012744219939300836,-0.43879794948434303,-0.8018925718680657
60,184,39,7,0.004769972064360731,0.9999091453645864,0.9990664227645673,0.0008427226000191921,-0.4192970082806171,-0.5896142149195093
60,OF-04,74,8,0.047364559671333815,0.9999091453645864,0.9502494558720412,0.049659689492545074,0.9116171343157501,1.7457953999333446
60,J306,63,9,0.06058205907067412,0.9999091453645864,0.8601803555298347,0.13972878983475173,3.367202703986353,2.4704948727010483
60,163,33,10,0.00758890152980371,0.9999091453645864,0.9982811100021199,0.0016280353624664506,-0.39788675015860947,-0.43505572880542376
60,J297,60,11,0.0607307225741224,0.9999091453645864,0.8599279532316858,0.13998119213290056,3.374084036637963,2.4786459124184512
60,123,21,12,0.012371590848740214,0.9999091453645864,0.9974520979848115,0.002457047379774776,-0.37528510387757186,-0.17282666995500276
60,148,29,13,0.009065407100318841,0.9999091453645864,0.9979152417686445,0.001993903595941923,-0.38791195579395166,-0.3541007178640729
60,J304,62,14,0.06070483842128743,0.9999091453645864,0.8465619480554352,0.15334719730915128,3.738486138027264,2.477226715689494
60,J303,61,15,0.06080922869860906,0.9999091453645864,0.8492570158411031,0.1506521295234832,3.665009556839859,2.4829503080764797
60,20,2,16,0.034391963992602595,0.9999091453645864,0.9882451902107122,0.011663955153874151,-0.12427393816736906,1.0345237013490924
60,137,26,17,0.010192390435451155,0.9999091453645864,0.9981181176059762,0.0017910277586101777,-0.39344303112049434,-0.29230958747604047
60,125,23,18,0.009507712687573359,0.9999091453645864,0.9977231881159779,0.0021859572486085657,-0.38267592949526613,-0.3298496385788673
60,120,20,19,0.023404544989819757,0.9999091453645864,0.9949312216041747,0.00497792376041179,-0.30655756424748015,0.4320968339196912
60,96,12,20,0.02849368368816987,0.9999091453645864,0.9923421403588957,0.0075670050056907655,-0.23597053139762944,0.7111281408339266
60,94,11,21,0.029381225887071368,0.9999091453645864,0.9907197606185726,0.009189384746013782,-0.19173902177083374,0.7597910039194439
60,197,43,22,0.0009481837695178685,0.9999091453645864,0.9997931521969812,0.00011599316760522566,-0.4391100884658357,-0.7991582352082971
60,99,13,23,0.026624182670793667,0.9999091453645864,0.9927847096820589,0.00712443568252755,-0.2480364545545105,0.6086256658424134
60,OF-02,72,24,0.03955929780709228,0.9999091453645864,0.9826081649782469,0.017300980386339634,0.02941026389659693,1.3178423517106208
60,189,42,25,0.0015246041714206727,0.9999091453645864,0.9995991280782116,0.0003100172863748297,-0.4338203406565592,-0.767553803179924
60,25,3,26,0.03447637899245265,0.9999091453645864,0.9845195230298319,0.015389622334754542,-0.022699763095053643,1.0391520734818784
60,110,14,27,0.02337613629855893,0.9999091453645864,0.9954106559752245,0.004498489389361923,-0.31962855217431835,0.4305392198085251
60,154,32,28,0.007386277329136881,0.9999091453645864,0.9992296881690592,0.0006794571955271062,-0.42374817044138013,-0.4461653681522247
60,152,31,29,0.007307945918260277,0.9999091453645864,0.9983030429861249,0.0016061023784614992,-0.3984847168177384,-0.4504601844747629
60,127,24,30,0.0021340276944633203,0.9999091453645864,0.9996413567389251,0.0002677886256613767,-0.4349716354899758,-0.7341398500184595
60,118,19,31,0.001963434768132983,0.9999091453645864,0.9997368936008851,0.00017225176370120257,-0.4375762905682401,-0.7434932534145411
60,183,38,32,0.0011896107143781547,0.9999091453645864,0.9997784468970117,0.00013069846757485582,-0.43870917269931975,-0.7859210884253813
60,203,44,33,0.0009987504047078745,0.9999091453645864,0.9997118440537401,0.00019730131084629644,-0.43689335595178924,-0.7963857278864005
60,116,17,34,0.0019620906340818973,0.9999091453645864,0.9997368689358843,0.0001722764287021075,-0.43757561811764306,-0.7435669506555033
60,Stor-01,76,35,0.017984918670398697,0.9999091453645864,0.9599287857567391,0.03998035960784731,0.6477261584023679,0.13494529128535276
60,31,4,36,0.034202758754329037,0.9999091453645864,0.9900601881954573,0.009848957169129235,-0.1737568667565018,1.024149807446848
60,HartleyRd,75,37,0.014472421527785611,0.9999091453645864,0.9618990800492303,0.038010065315356154,0.5940093319406472,-0.05764066998027194
60,124,22,38,0.0018102874801272648,0.9999091453645864,0.9996486127550922,0.000260532609494314,-0.43516945881146396,-0.7518901336049867
60,186,41,39,0.0010314652296946878,0.9999091453645864,0.9997276960538827,0.00018144931070372344,-0.4373255346085386,-0.7945920136819713
60,115,16,40,0.0019791596641759667,0.9999091453645864,0.9996173684349985,0.00029177692958791125,-0.4343176339207466,-0.7426310764227081
60,84,10,41,0.031106574983065474,0.9999091453645864,0.992079771549714,0.007829373814872313,-0.22881747824943494,0.8543898037703119
60,114,15,42,0.001992167585686824,0.9999091453645864,0.9997434613753198,0.00016568398926667318,-0.43775535011324507,-0.7419178678515624
60,J288,59,43,0.014445416560416586,0.9999091453645864,0.9642453021524691,0.035663843212117435,0.5300434533200586,-0.05912131961173088
60,78,9,44,0.03179098957501987,0.9999091453645864,0.9928547807181991,0.007054364646387372,-0.24994682586435982,0.8919154263527975
60,136,25,45,0.0003841006636434562,0.9999091453645864,0.9998216303204362,8.751504415033177e-05,-0.4398864975644216,-0.8300862282479455
60,J116,65,46,0.0007766996113102938,0.9999091453645864,0.9994246140670244,0.0004845312975620598,-0.42906250377411526,-0.8085605037680553
60,16,1,47,0.039641919666672173,0.9999091453645864,0.9836654076775915,0.016243737686995097,0.0005862842377984808,1.3223724081356374
60,J110,66,48,0.00011514572739648354,0.9999091453645864,0.9999069793833386,2.1659812478130254e-06,-0.4422133990928265,-0.8448327014353156
60,8,0,49,0.039602490161238964,0.9999091453645864,0.9945056076595713,0.005403537705015167,-0.29495390154131584,1.3202105361403669
60,62,8,50,0.03292457115584124,0.9999091453645864,0.9952106596778947,0.004698485686691754,-0.3141759827598934,0.9540683305550425
60,J211,58,51,5.156464435878661e-05,0.9999091453645864,0.9999452175395522,-3.6072174965798966e-05,-0.44325589939817217,-0.8483187751594966
60,332,50,52,7.365688107170328e-05,0.9999091453645864,0.9998719974038703,3.714796071623727e-05,-0.4412596730796344,-0.8471074845957982
60,150,30,53,0.0001604495180332441,0.9999091453645864,0.9996317935906983,0.0002773517738881198,-0.434710912015477,-0.8423487495018298
60,182,37,54,9.06440451710439e-05,0.9999091453645864,0.9999503807648095,-4.1235400223004823e-05,-0.4433966662248239,-0.8461760989762744
60,138,27,55,0.0004820479533990678,0.9999091453645864,0.9998058235776424,0.00010332178694406884,-0.43945555277469545,-0.8247158970604548
60,34,5,56,0.03390550597237276,0.9999091453645864,0.9671568308811571,0.03275231448342928,0.45066542129037984,1.0078517976755599
60,J126,55,57,2.359936995155564e-05,0.9999091453645864,0.9996197887763901,0.00028935658819637073,-0.43438362053959995,-0.8498520772619909
60,J63,69,58,1.3118011575142875e-05,0.9999091453645864,0.9987074909005992,0.0012016544639872854,-0.40951132259811,-0.85042675743861
60,J136,57,59,2.617008358287313e-05,0.9999091453645864,0.9995354852538187,0.0003736601107677265,-0.43208522394507315,-0.8497111281492301
60,J86,67,60,5.391651697825068e-05,0.9999091453645864,0.9998967153347068,1.243002987953792e-05,-0.44193356672400413,-0.8481898248341857
61,OF-03,73,1,0.004330220492012749,0.9999515480847565,0.9993533397984442,0.000598208286312309,-0.43514099590706307,-0.6015488578431709
61,176,35,2,0.005846042683422786,0.9999515480847565,0.9987776519916202,0.0011738960931363725,-0.41940029423981634,-0.5182250746915863
61,J305,71,3,0.00493562287366612,0.9999515480847565,0.9565023247670975,0.04344922331765896,0.7365097421348301,-0.5682702734193512
61,179,36,4,0.00428836244641241,0.9999515480847565,0.999221730178252,0.000729817906504507,-0.4315424695123254,-0.6038497680254578
61,117,18,5,0.0031723301736480045,0.9999515480847565,0.9992195706098363,0.0007319774749200396,-0.4314834216711935,-0.6651973532587159
61,185,40,6,0.0008983132034568991,0.9999515480847565,0.9998123173206229,0.00013923076413360164,-0.44769055516982353,-0.790198621864614
61,OF-04,74,7,0.04736455292933864,0.9999515480847565,0.9502043856700368,0.04974716241471973,0.9087106803346889,1.7640210648041572
61,J306,63,8,0.06058205041646878,0.9999515480847565,0.858702853121028,0.14124869496372847,3.410584628118307,2.4905785071383226
61,184,39,9,0.004769971407239588,0.9999515480847565,0.9991457670070372,0.000805781077719359,-0.42946545207055004,-0.577376029322309
61,163,33,10,0.007588900442303036,0.9999515480847565,0.9983314844341789,0.0016200636505776858,-0.4072009904990752,-0.4224212905881832
61,J297,60,11,0.06073071386796409,0.9999515480847565,0.8587764189111304,0.14117512917362604,3.4085731608938996,2.4987504426497287
61,137,26,12,0.01019238944251843,0.9999515480847565,0.9979327475079859,0.0020188005767707625,-0.39629855531715663,-0.279309153742047
61,148,29,13,0.009065405826790624,0.9999515480847565,0.997962737045232,0.0019888110395247117,-0.3971185420414423,-0.3412587273427219
61,123,21,14,0.012371589075143295,0.9999515480847565,0.9977812959107911,0.0021702521739654554,-0.39215750112040126,-0.15951993396295155
61,J303,61,15,0.06080922010836679,0.9999515480847565,0.8493526074778172,0.15059894060693935,3.6662430343597228,2.5030658808247535
61,J304,62,16,0.06070482979367023,0.9999515480847565,0.8464888778309261,0.1534626702538306,3.7445443523536626,2.497327611524968
61,94,11,17,0.029381222105628126,0.9999515480847565,0.9919689313776224,0.007982616707134247,-0.23323334984711172,0.7754887907752392
61,125,23,18,0.009507711506571252,0.9999515480847565,0.9977702812404545,0.0021812668443020266,-0.3918563333039635,-0.31694546503688864
61,20,2,19,0.034391959069814765,0.9999515480847565,0.9871239882140852,0.012827559870671431,-0.10076084647287897,1.0509258193393483
61,96,12,20,0.028493679802967818,0.9999515480847565,0.9917874261783699,0.008164121906386676,-0.22827055723865233,0.726701154082882
61,120,20,21,0.023404541753383527,0.9999515480847565,0.9949805079239354,0.0049710401608211875,-0.3155771608531322,0.4469544676475909
61,OF-02,72,22,0.03955929248416097,0.9999515480847565,0.9826719239834549,0.01727962410130162,0.020969393471540997,1.3349708553131299
61,197,43,23,0.000948183658074587,0.9999515480847565,0.9998568708499918,9.46772347649051e-05,-0.44890875678136094,-0.7874572746473855
61,99,13,24,0.026624178862618444,0.9999515480847565,0.9926349677817622,0.00731658030299443,-0.2514444014150227,0.6239358747261708
61,189,42,25,0.0015246041399378436,0.9999515480847565,0.9996759158067064,0.0002756322780502623,-0.44396100677211164,-0.755771806848403
61,25,3,26,0.034476374113252876,0.9999515480847565,0.9845761006812535,0.015375447403503028,-0.03109541833527007,1.0555660606645039
61,152,31,27,0.007307945319082887,0.9999515480847565,0.9989284267468708,0.001023121337885732,-0.4235228419353207,-0.437865215274855
61,110,14,28,0.023376132946184108,0.9999515480847565,0.9957477355680493,0.004203812516707304,-0.3365550264839601,0.4453928535584888
61,154,32,29,0.007386276631510178,0.9999515480847565,0.9985551033710184,0.0013964447137381681,-0.4133152748910902,-0.4335593927795402
61,118,19,30,0.0019634348249071014,0.9999515480847565,0.9997096887550035,0.00024185932975295316,-0.44488444113578873,-0.731649562800355
61,Stor-01,76,31,0.017984917396649563,0.9999515480847565,0.9566096580315212,0.04334189005323543,0.7335749902185389,0.1490411588026544
61,127,24,32,0.002134027402178997,0.9999515480847565,0.9996823736243488,0.00026917446040771955,-0.4441375791777242,-0.7222721971723647
61,116,17,33,0.0019620908906039193,0.9999515480847565,0.9997191563081659,0.00023239177659073313,-0.44514330701427146,-0.7317234380154579
61,203,44,34,0.0009987506827438713,0.9999515480847565,0.9997739898071887,0.0001775582775677684,-0.4466425879426854,-0.7846776374168176
61,183,38,35,0.0011896106870476412,0.9999515480847565,0.999789994159712,0.00016155392504462628,-0.4470801857786271,-0.7741861841968826
61,114,15,36,0.0019921700781413503,0.9999515480847565,0.9997057555475433,0.00024579253721329706,-0.4447768976990601,-0.7300700041800465
61,115,16,37,0.001979161141397351,0.9999515480847565,0.9997603329284054,0.0001912151563512479,-0.44626917573542946,-0.7307850971707894
61,124,22,38,0.0018102877933831138,0.9999515480847565,0.999746039427919,0.0002055086568374693,-0.44587835674592285,-0.7400679578583818
61,31,4,39,0.0342027538901098,0.9999515480847565,0.9896130236546368,0.010338524430119725,-0.16881711559045998,1.0405253307766178
61,HartleyRd,75,40,0.014472419545281733,0.9999515480847565,0.9595055151996843,0.04044603288507226,0.6543952278287736,-0.04403861727288266
61,186,41,41,0.0010314656746569129,0.9999515480847565,0.9998465640537575,0.00010498403099918156,-0.4486269439606868,-0.7828793150888984
61,84,10,42,0.03110657066518154,0.9999515480847565,0.9888744472252172,0.011077100859539214,-0.14862264369763173,0.870330105311872
61,136,25,43,0.00038410529466532256,0.9999515480847565,0.9998147027115787,0.00013684537317790388,-0.4477557775472098,-0.8184643040335255
61,J288,59,44,0.014445415474487647,0.9999515480847565,0.9650811574525762,0.034870390632180406,0.5019436381551228,-0.04552301389394245
61,78,9,45,0.0317909857411455,0.9999515480847565,0.9884026244378936,0.011548923646863024,-0.13572186371404138,0.9079519673603806
61,16,1,46,0.03964191854018769,0.9999515480847565,0.9821272822890262,0.01782426579573035,0.03586121908591671,1.3395127571364809
61,J116,65,47,0.0007767025033333047,0.9999515480847565,0.9996644546942742,0.00028709339048228847,-0.4436476321453976,-0.7968834848145256
61,150,30,48,0.0001604632235793671,0.9999515480847565,0.9985825329738333,0.0013690151109233527,-0.4140652667958016,-0.8307577666443369
61,8,0,49,0.03960249115481505,0.9999515480847565,0.9897778043712376,0.010173743713518969,-0.173322620257715,1.33734545880318
61,J110,66,50,0.00011514599903279151,0.9999515480847565,0.9999256211493219,2.592693543454495e-05,-0.4507885568022495,-0.8332488256963475
61,62,8,51,0.03292457161756719,0.9999515480847565,0.9871457819236149,0.012805766161141735,-0.10135673937848366,0.9702644630382524
61,332,50,52,7.366403185098233e-05,0.9999515480847565,0.9992752027144982,0.000676345370258306,-0.43300453841575753,-0.8355290630868181
61,J211,58,53,5.156464851558735e-05,0.9999515480847565,0.9998659355014383,8.561258331819706e-05,-0.44915660634921506,-0.836743852153278
61,182,37,54,9.064416193877152e-05,0.9999515480847565,0.9999079007313283,4.364735342830291e-05,-0.45030403757194404,-0.8345956761201022
61,138,27,55,0.00048204788762582786,0.9999515480847565,0.9998315899519227,0.00011995813283375117,-0.44821751567869267,-0.8130804619025737
61,J136,57,56,2.6188020231210232e-05,0.9999515480847565,0.9997768186270868,0.00017472945766982564,-0.44671993474342725,-0.8381387892931801
61,34,5,57,0.03390550124991372,0.9999515480847565,0.9665512508908537,0.033400297193902834,0.4617477160587978,1.0241855419324564
61,J122,64,58,5.912597212452335e-06,0.9999515480847565,0.9998220669497645,0.000129481134992036,-0.44795713369009876,-0.8392533164194457
61,J63,69,59,1.3118246366569896e-05,0.9999515480847565,0.9986892739382647,0.0012622741464919656,-0.4169838237929661,-0.8388572264618064
61,326,49,60,7.958520393840222e-05,0.9999515480847565,0.9998627979130955,8.875017166108278e-05,-0.4490708170698964,-0.8352035800177541
61,356,53,61,0.000257339198084118,0.9999515480847565,0.9994837209396047,0.00046782714515195136,-0.4387059327039051,-0.8254325558524804
62,OF-03,73,1,0.0043302199518064875,0.9999695866945745,0.9993713036150241,0.0005982830795503801,-0.4352561446356236,-0.5895374063637048
62,117,18,2,0.0031723297996474912,0.9999695866945745,0.9992371274754744,0.000732459219099997,-0.4315663916491846,-0.6533463303003789
62,J305,71,3,0.004935622259688669,0.9999695866945745,0.956575387600727,0.04339419909384748,0.7416025684797275,-0.556174941243234
62,176,35,4,0.005846041952526316,0.9999695866945745,0.9987934197744855,0.0011761669200890178,-0.41936473030816174,-0.5060036008769584
62,179,36,5,0.0042883619109007655,0.9999695866945745,0.999243036802848,0.0007265498917264852,-0.4317288941507281,-0.5918441161524626
62,185,40,6,0.0008983130973724776,0.9999695866945745,0.9998266310406678,0.00014295565390658952,-0.44777734053689283,-0.7786626727147568
62,OF-04,74,7,0.047364547008972406,0.9999695866945745,0.9501649492650894,0.04980463742948514,0.9178852821775375,1.7819950716839994
62,J306,63,8,0.06058204285553315,0.9999695866945745,0.8587259134045755,0.14124367328999898,3.432396854622033,2.510383844603358
62,184,39,9,0.004769970812830363,0.9999695866945745,0.9991585612414658,0.0008110254531086792,-0.42940587341144226,-0.5653036487919362
62,163,33,10,0.007588899550563118,0.9999695866945745,0.9983584216288676,0.0016111650657069613,-0.40740257584257034,-0.40995833466735854
62,137,26,11,0.010192388223306452,0.9999695866945745,0.9979956137157168,0.001973972978857777,-0.3974256038895435,-0.26648547553705615
62,J297,60,12,0.06073070627227621,0.9999695866945745,0.8588077615570865,0.14116182513748804,3.430146085847678,2.518576377058562
62,148,29,13,0.009065404744903683,0.9999695866945745,0.9979798133563352,0.0019897733382393382,-0.3969911047050341,-0.32859119680707877
62,20,2,14,0.03439195503845136,0.9999695866945745,0.9872805769939889,0.012689009700585667,-0.10276934923422344,1.0671024432554421
62,123,21,15,0.012371587528559522,0.9999695866945745,0.9977853189113326,0.002184267783241904,-0.39164263916039344,-0.14639432314883527
62,94,11,16,0.029381218510724737,0.9999695866945745,0.991836721777589,0.008132864916985505,-0.22806024580023246,0.7909711493082084
62,J303,61,17,0.06080921250611402,0.9999695866945745,0.8494150605655432,0.15055452612903134,3.6884390032814838,2.5229026927234557
62,J304,62,18,0.060704822206383506,0.9999695866945745,0.8464710276135826,0.153498559080992,3.769397916044471,2.5171499598905434
62,125,23,19,0.009507710396512202,0.9999695866945745,0.9977931520782927,0.0021764346162818455,-0.39185804594792784,-0.30421665002677795
62,152,31,20,0.007307945224689732,0.9999695866945745,0.9987317263657736,0.0012378603288009016,-0.41766820334142707,-0.4254411446523188
62,154,32,21,0.0073862765668102045,0.9999695866945745,0.9986653486069368,0.0013042380876377231,-0.4158428599180479,-0.42112446690710853
62,120,20,22,0.023404538912378207,0.9999695866945745,0.9950020797788763,0.004967506915698172,-0.31510544755966896,0.4616087368430246
62,96,12,23,0.028493676259403022,0.9999695866945745,0.9917995388325178,0.008170047862056721,-0.22703773998748783,0.7420605372785838
62,99,13,24,0.02662417580465894,0.9999695866945745,0.9926529489832033,0.007316637711371145,-0.250505941284076,0.6390362459898862
62,OF-02,72,25,0.039559287560664874,0.9999695866945745,0.982688310792905,0.017281275901669647,0.023514861854641148,1.3518634175591155
62,197,43,26,0.0009481835637243034,0.9999695866945745,0.9998732225861385,9.63641084360884e-05,-0.4490585764900186,-0.775914414783556
62,110,14,27,0.023376130331657367,0.9999695866945745,0.9955527509116464,0.0044168357829280054,-0.3302485308493261,0.4600431989005998
62,189,42,28,0.001524603952236813,0.9999695866945745,0.9996896309195555,0.00027995577501902663,-0.4440099299696049,-0.7441490831089048
62,203,44,29,0.0009987513557001395,0.9999695866945745,0.9998122774186451,0.0001573092759294633,-0.44738262565015596,-0.7731277286840023
62,186,41,30,0.0010314677679100364,0.9999695866945745,0.9998565521373123,0.00011303455726233628,-0.4486001504349213,-0.7713247950859492
62,25,3,31,0.03447636987538007,0.9999695866945745,0.9846035689647525,0.015366017729821897,-0.029153441042565217,1.071754369777718
62,116,17,32,0.0019620912163292635,0.9999695866945745,0.9997590003653903,0.00021058632918410886,-0.445917542759749,-0.7200400676675975
62,118,19,33,0.001963434867599309,0.9999695866945745,0.9997282297197703,0.00024135697480425262,-0.44507137084011644,-0.7199660218338647
62,Stor-01,76,34,0.017984915192769377,0.9999695866945745,0.9565165159366663,0.04345307075790817,0.7432214993791685,0.1629445180955901
62,31,4,35,0.03420275098844261,0.9999695866945745,0.9886666446264998,0.011302942068074629,-0.14088527061660103,1.0566758006132122
62,78,9,36,0.031790987260189835,0.9999695866945745,0.9875560060048457,0.012413580689728787,-0.11034346053875481,0.923768505389771
62,115,16,37,0.0019791618142580808,0.9999695866945745,0.999741139542083,0.00022844715249134722,-0.4454263822124315,-0.7190993424332025
62,127,24,38,0.0021340271485990087,0.9999695866945745,0.9997025079839985,0.0002670787105759315,-0.4443640405226806,-0.7105650351666952
62,183,38,39,0.0011896106184806742,0.9999695866945745,0.9998059691444561,0.0001636175501184889,-0.4472091523813142,-0.7626098707000952
62,124,22,40,0.0018102883352490993,0.9999695866945745,0.9997505366133017,0.0002190500812728195,-0.44568479530814825,-0.7284056094887721
62,J110,66,41,0.00011515699017004987,0.9999695866945745,0.9999474463475958,2.2140346978831716e-05,-0.45109967967290143,-0.8218207809185819
62,114,15,42,0.0019921698789569,0.9999695866945745,0.9997363876799675,0.0002331990146069554,-0.4452957092217562,-0.718382494976315
62,HartleyRd,75,43,0.014472418034128243,0.9999695866945745,0.9586807909993187,0.04128879569525585,0.6837054005951221,-0.030621912714454316
62,84,10,44,0.031106568495042328,0.9999695866945745,0.9887890933527463,0.011180493341828085,-0.14425252767788183,0.8860516072499094
62,J86,67,45,5.3946795189694034e-05,0.9999695866945745,0.9999212157741605,4.837092041406057e-05,-0.4503783566642539,-0.8251939477672401
62,62,8,46,0.032924576848582195,0.9999695866945745,0.9847485851405212,0.01522100155405332,-0.03314128768519583,0.9862382756752007
62,136,25,47,0.0003841053118366426,0.9999695866945745,0.9998314500047686,0.000138136689805815,-0.44790985878672523,-0.8069995969158327
62,J288,59,48,0.014445414469584911,0.9999695866945745,0.9617182906360108,0.03825129605856365,0.6001762172886659,-0.03211002313041363
62,16,1,49,0.039641913753959306,0.9999695866945745,0.9821428012837597,0.01782678541081474,0.038516003989563764,1.35641677564172
62,150,30,50,0.000160465713459586,0.9999695866945745,0.9986006978136021,0.0013688888809725139,-0.4140650068766397,-0.8193239111830036
62,J116,65,51,0.0007767030020131026,0.9999695866945745,0.9996626611672969,0.0003069255272777068,-0.4432682800438132,-0.7853643527577635
62,182,37,52,9.065832074551584e-05,0.9999695866945745,0.9999311099621675,3.84767324068585e-05,-0.4506504401350595,-0.8231708517616105
62,8,0,53,0.03960248678219545,0.9999695866945745,0.9896531655003393,0.010316421194235183,-0.1680139266701427,1.3542440370294757
62,332,50,54,7.366849396423745e-05,0.9999695866945745,0.9993363472403275,0.0006332394542470851,-0.4342948680005588,-0.8241071258656456
62,J211,58,55,5.157296930591399e-05,0.9999695866945745,0.999920664638949,4.892205562548953e-05,-0.45036320081911535,-0.8253247643865667
62,138,27,56,0.00048204871607467433,0.9999695866945745,0.9998385383245164,0.00013104837005817622,-0.4481047827802569,-0.8016021391177243
62,J136,57,57,2.6188874411537237e-05,0.9999695866945745,0.9997939473449855,0.0001756393495890792,-0.4468785610358793,-0.8267236291901894
62,J63,69,58,1.3127850590943274e-05,0.9999695866945745,0.9974664040130006,0.002503182681573974,-0.3828726953947545,-0.8274433951144003
62,34,5,59,0.03390549855224722,0.9999695866945745,0.9658162766563508,0.03415331003822369,0.4874843764912678,1.040294835583139
62,J122,64,60,5.913941534801636e-06,0.9999695866945745,0.9998249188322965,0.0001446678622779417,-0.44773025596602345,-0.8278409386753255
62,326,49,61,7.958535533730727e-05,0.9999695866945745,0.9998812846216947,8.830207287985213e-05,-0.4492802770089801,-0.8237810599114669
62,356,53,62,0.0002573431142829235,0.9999695866945745,0.9994755174535817,0.0004940692409928074,-0.43812195463236964,-0.8139851986213735
63,OF-03,73,1,0.004330219435055788,0.9999756447321788,0.9993773477519511,0.0005982969802277403,-0.43280156332801695,-0.5785489511999281
63,117,18,2,0.0031723294256109256,0.9999756447321788,0.9992416871656821,0.0007339575664966485,-0.4290520927198286,-0.6425464313653955
63,J305,71,3,0.004935621675000552,0.9999756447321788,0.9566053424228224,0.043370302309356346,0.7493573912039456,-0.5450878991768865
63,176,35,4,0.0058460412552904665,0.9999756447321788,0.9987990062029402,0.0011766385292385757,-0.4168170043698838,-0.49476830184329246
63,179,36,5,0.0042883614003715,0.9999756447321788,0.9992488358724091,0.000726808859769695,-0.4292496730671974,-0.5808624772884358
63,185,40,6,0.000898312994780333,0.9999756447321788,0.9998321805011475,0.00014346423103129614,-0.4453725102158121,-0.7682330857461527
63,J306,63,7,0.06058203564348526,0.9999756447321788,0.8587428282318368,0.14123281650034214,3.454141667126088,2.5305326219250137
63,163,33,8,0.007588898672591005,0.9999756447321788,0.9983647425590988,0.0016109021730799351,-0.4048145590497639,-0.39843921869626275
63,OF-04,74,9,0.04736454135205435,0.9999756447321788,0.9501685633827606,0.04980708134941807,0.9272610438851663,1.7999914462924678
63,184,39,10,0.004769970250121104,0.9999756447321788,0.9991647073622241,0.000810937369954675,-0.4269244776296368,-0.554243582092906
63,137,26,11,0.010192387040581766,0.9999756447321788,0.9979952199303297,0.001980424801849113,-0.3946014656691694,-0.2545423944448846
63,123,21,12,0.01237158623064309,0.9999756447321788,0.9977604555084981,0.0022151892236807833,-0.3881129023825464,-0.13409636260683766
63,96,12,13,0.028493673254164156,0.9999756447321788,0.991898017073748,0.008077627658430743,-0.2260832281200608,0.7569839093512924
63,J297,60,14,0.060730699013485386,0.9999756447321788,0.8588120618516872,0.14116358288049152,3.452228145816267,2.5387493618530796
63,125,23,15,0.009507709455120255,0.9999756447321788,0.9978148433093788,0.0021608014227999083,-0.3896161058291438,-0.2923850563885014
63,148,29,16,0.00906540366591616,0.9999756447321788,0.997986907393478,0.0019887373387007354,-0.39437171866997206,-0.3168316409006449
63,99,13,17,0.0266241729312035,0.9999756447321788,0.9926728140932224,0.007302830638956396,-0.24749754403693702,0.6536551744437591
63,20,2,18,0.03439195093372347,0.9999756447321788,0.9872489183560419,0.01272672637613693,-0.09758858220977039,1.0829862979451736
63,J304,62,19,0.06070481501632666,0.9999756447321788,0.846227383224473,0.1537482615077058,3.8000512234248527,2.5373187332257867
63,94,11,20,0.029381215015369642,0.9999756447321788,0.9918504327493038,0.008125211982874941,-0.22476806333402363,0.8060390318546851
63,J303,61,21,0.060809205260977044,0.9999756447321788,0.8499020114589725,0.1500736332732063,3.6984895912646887,2.543088463128443
63,152,31,22,0.007307944397222078,0.9999756447321788,0.9987300204385325,0.001245624293646177,-0.41491033344103345,-0.4139677797155833
63,154,32,23,0.007386275766826877,0.9999756447321788,0.9986708914536644,0.0013047532785144843,-0.41327609023928086,-0.4096383440768559
63,OF-02,72,24,0.03955928308598989,0.9999756447321788,0.9826657072674517,0.017309937464727053,0.02908502093778119,1.368588759513696
63,120,20,25,0.023404536118125745,0.9999756447321788,0.9950127887810567,0.004962855951122028,-0.31217120170894896,0.4757033470644553
63,186,41,26,0.001031468018542415,0.9999756447321788,0.9998471464393863,0.00012849829279231172,-0.4457861480091783,-0.7608735041601333
63,J110,66,27,0.00011515831285390536,0.9999756447321788,0.9999542609111379,2.1383821040856788e-05,-0.4487466435708561,-0.8115186532994205
63,189,42,28,0.0015246039749805564,0.9999756447321788,0.9996954195012157,0.00028022523096324765,-0.441592625698913,-0.7336174968247219
63,197,43,29,0.0009481834573321716,0.9999756447321788,0.9998787960720448,9.684866013401708e-05,-0.4466608999962957,-0.7654767065460815
63,127,24,30,0.002134027762971322,0.9999756447321788,0.9997166664777212,0.0002589782544576074,-0.44217986268580656,-0.6999341707176058
63,203,44,31,0.0009987514318589748,0.9999756447321788,0.999827915594688,0.00014772913749084676,-0.44525463411150973,-0.7626817753173903
63,110,14,32,0.02337612760422801,0.9999756447321788,0.9955615159885634,0.004414128743615424,-0.327337261306989,0.4741331864361826
63,116,17,33,0.0019620912064316587,0.9999756447321788,0.9997511604531781,0.00022448427900069055,-0.44313322836623276,-0.7094372377422028
63,25,3,34,0.034476365766418146,0.9999756447321788,0.9846018103963231,0.015373834335855612,-0.024426186523282545,1.0876519713139583
63,118,19,35,0.0019634346939356143,0.9999756447321788,0.9997349484862397,0.00024069624593911007,-0.44268515206634096,-0.7093629821443606
63,HartleyRd,75,36,0.01447241766027656,0.9999756447321788,0.9583386995401596,0.04163694519201916,0.7014498025394884,-0.01798177775657346
63,Stor-01,76,37,0.017984913247394128,0.9999756447321788,0.9565219893995174,0.04345365533266139,0.7516611532588022,0.17615658152992045
63,78,9,38,0.03179098371210838,0.9999756447321788,0.9876211617328229,0.012354482999355815,-0.10787687329504542,0.9392288194121755
63,31,4,39,0.034202747044960596,0.9999756447321788,0.9888299155794276,0.011145729152751147,-0.14128515454333018,1.0725288520569094
63,115,16,40,0.0019791617594876226,0.9999756447321788,0.9997608602078589,0.00021478452431989315,-0.4434013161438442,-0.7084937350159496
63,183,38,41,0.001189610777384337,0.9999756447321788,0.9997924277431792,0.00018321698899959887,-0.4442737990743084,-0.7521328310480555
63,124,22,42,0.001810288307042891,0.9999756447321788,0.9997585285720707,0.00021711616010798186,-0.4433368729618052,-0.7178275018980796
63,84,10,43,0.03110656555245162,0.9999756447321788,0.9885552444861663,0.011420400246012487,-0.13369362616042205,0.9014004961342855
63,136,25,44,0.00038410792219356393,0.9999756447321788,0.9998813069482158,9.433778396308965e-05,-0.4467302971341279,-0.7966535994956683
63,J86,67,45,5.394783397191201e-05,0.9999756447321788,0.9999394129113044,3.623182087445128e-05,-0.4483362654315777,-0.8149018040099506
63,114,15,46,0.0019921696408568943,0.9999756447321788,0.9997370971898373,0.00023854754234146685,-0.4427445392561406,-0.707774779309333
63,J288,59,47,0.014445415702261316,0.9999756447321788,0.9566642387850524,0.04331140594712642,0.7477295773695533,-0.019474196948736505
63,62,8,48,0.032924574071563725,0.9999756447321788,0.9854356414078083,0.01454000332437068,-0.04747212017096353,1.0018832390489685
63,16,1,49,0.039641912404193964,0.9999756447321788,0.9818536314508192,0.018122013281359754,0.05152967114774978,1.3731557461097603
63,J116,65,50,0.0007767063043644371,0.9999756447321788,0.9996547629482357,0.00032088178394300905,-0.4404689349157573,-0.7749543819784352
63,8,0,51,0.03960248691208712,0.9999756447321788,0.9893639286904166,0.010611716041762153,-0.15604453690418454,1.3709766685388853
63,150,30,52,0.00016046859106818185,0.9999756447321788,0.9984711081761717,0.001504536556007101,-0.4077543573058755,-0.8090143190296221
63,182,37,53,9.066194163081647e-05,0.9999756447321788,0.9999479617769232,2.7682955255355544e-05,-0.44857254423040743,-0.8128725867634695
63,332,50,54,7.366885038769697e-05,0.9999756447321788,0.9993378800262377,0.0006377647059411872,-0.43171073008304434,-0.8138118081151616
63,J211,58,55,5.157346605150207e-05,0.9999756447321788,0.9999425341281327,3.311060404612734e-05,-0.4484225315393799,-0.8150330371691044
63,138,27,56,0.0004820590291513832,0.9999756447321788,0.9999414308591779,3.421387300082519e-05,-0.4483920387143646,-0.7912397657346153
63,J122,64,57,5.930152289647489e-06,0.9999756447321788,0.9998567071636832,0.00011893756849554293,-0.4460503931796413,-0.817555778572289
63,J136,57,58,2.6196900156565624e-05,0.9999756447321788,0.9998119785223769,0.0001636662098018175,-0.444814155518176,-0.8164356196763215
63,J63,69,59,1.3130411081736764e-05,0.9999756447321788,0.997202497481176,0.002773147251002915,-0.3726917157167286,-0.8171578146763454
63,145,28,60,0.0005171848407911471,0.9999756447321788,0.9999012841726701,7.436055950862781e-05,-0.447282439933929,-0.7892983348427557
63,34,5,61,0.033905496124880356,0.9999756447321788,0.9652550695869319,0.034720575145246894,0.5102909190423827,1.0560995628266459
63,356,53,62,0.00025734706205468165,0.9999756447321788,0.9996084703536505,0.0003671743785281853,-0.4391894717529648,-0.8036597706918297
63,326,49,63,7.958577712304013e-05,0.9999756447321788,0.9998874012320632,8.824350011558865e-05,-0.4468987346943111,-0.8134847749787697
64,117,18,1,0.003172329207589806,0.9999778526184058,0.9992564530296058,0.0007213995887999773,-0.4264341805562004,-0.631484967495431
64,OF-03,73,2,0.0043302191362084,0.9999778526184058,0.9993795755857386,0.0005982770326672258,-0.4298537086898932,-0.5673149882592801
64,J305,71,3,0.004935621334765548,0.9999778526184058,0.9564730597369175,0.043504792881488244,0.7618047710576056,-0.5337637451309455
64,176,35,4,0.00584604085202504,0.9999778526184058,0.9987859678604653,0.0011918847579404895,-0.4133672225357175,-0.4833085161193006
64,179,36,5,0.00428836111100613,0.9999778526184058,0.9993016334588237,0.0006762191595820502,-0.42768899327009857,-0.5696347498719408
64,185,40,6,0.0008983129330289178,0.9999778526184058,0.999840273868286,0.00013757875011976227,-0.4426488519016411,-0.7575103983369741
64,184,39,7,0.004769969941922047,0.9999778526184058,0.9991344604324617,0.0008433921859441007,-0.4230460351899947,-0.5429441051776805
64,J306,63,8,0.06058203146204558,0.9999778526184058,0.8585343193456697,0.1414435332727361,3.481893507561861,2.5501468185389866
64,163,33,9,0.007588898152039626,0.9999778526184058,0.9983670059641918,0.0016108466542140167,-0.4017312393637313,-0.38671978692382475
64,OF-04,74,10,0.04736453808739892,0.9999778526184058,0.9501652180960468,0.04981263452235895,0.9369947819811912,1.8176365388987323
64,137,26,11,0.0101923863550936,0.9999778526184058,0.997888039312373,0.0020898133060328217,-0.3884287219986018,-0.24243510165080104
64,J297,60,12,0.0607306948548067,0.9999778526184058,0.8600360615302641,0.13994179108814161,3.440185068336173,2.558385707738099
64,96,12,13,0.02849367130038346,0.9999778526184058,0.9919021674099591,0.008075685208446773,-0.22218089529724352,0.7718176748071729
64,123,21,14,0.012371585378921916,0.9999778526184058,0.9977068557333767,0.0022709968850290418,-0.3833966436759854,-0.12166441986644781
64,125,23,15,0.00950770883250973,0.9999778526184058,0.9978216305786388,0.0021562220397669135,-0.3865843277587535,-0.2803797640247827
64,148,29,16,0.009065403061942133,0.9999778526184058,0.9979944268613185,0.0019834257570871634,-0.3913834626092666,-0.3048922426394073
64,94,11,17,0.029381213045610942,0.9999778526184058,0.9911208493045283,0.00885700331387741,-0.20048105956606393,0.8210050232370988
64,OF-02,72,18,0.03955928049828837,0.9999778526184058,0.98274425007311,0.017233602545295754,0.03216531845114194,1.385071054869017
64,20,2,19,0.03439194857082677,0.9999778526184058,0.9868984447311197,0.01307940788728604,-0.08321066099639605,1.0986987717219416
64,99,13,20,0.026624171093771614,0.9999778526184058,0.992678090101983,0.007299762516422734,-0.2437308822231654,0.6682104264192489
64,152,31,21,0.007307943937167991,0.9999778526184058,0.9985132289464261,0.0014646236719796674,-0.40579234414621895,-0.4022902014243905
64,J304,62,22,0.060704810826776,0.9999778526184058,0.8464122473789937,0.15356560523941218,3.8185642804136237,2.556951221177481
64,154,32,23,0.007386275283464882,0.9999778526184058,0.9987773533605508,0.0012004992578549913,-0.4131279688543403,-0.39794909719576305
64,J303,61,24,0.06080920106953201,0.9999778526184058,0.8480335377058804,0.1519443149125253,3.773535586567339,2.5627365031326512
64,HartleyRd,75,25,0.014472417197241877,0.9999778526184058,0.9558818921761864,0.04409596044221949,0.7782234856225261,-0.005236829619531032
64,120,20,26,0.023404534559954945,0.9999778526184058,0.9950160390976359,0.004961813520769776,-0.30866360143307414,0.4897789499753219
64,J110,66,27,0.00011515836585649321,0.9999778526184058,0.999962531867553,1.5320750852740378e-05,-0.44604436837883166,-0.8009126346567143
64,118,19,28,0.0019634348566671097,0.9999778526184058,0.9997833326772873,0.00019451994111854473,-0.44106740321585863,-0.6984815994550504
64,189,42,29,0.001524603950463243,0.9999778526184058,0.999755858422143,0.0002219941962628185,-0.44030435060089507,-0.7228015019287503
64,127,24,30,0.002134027732697817,0.9999778526184058,0.9997558653473402,0.00022198727106567586,-0.4403045429369478,-0.6890273836076201
64,186,41,31,0.0010314679569363146,0.9999778526184058,0.9998483689163248,0.00012948370208105834,-0.4428736786546049,-0.750130979181372
64,203,44,32,0.000998751424139478,0.9999778526184058,0.9998498972603324,0.00012795535807344087,-0.4429161259160667,-0.7519441215003111
64,197,43,33,0.0009481834148884925,0.9999778526184058,0.9998816692582683,9.618336013751074e-05,-0.4437985413257046,-0.7547465883181377
64,110,14,34,0.0233761260482435,0.9999778526184058,0.9955911606178698,0.004386692000535922,-0.3246366634007887,0.4882045571409112
64,136,25,35,0.0003841086210818402,0.9999778526184058,0.9999159872288428,6.186538956293842e-05,-0.44475166697186536,-0.7860074766906561
64,114,15,36,0.0019921704067506108,0.9999778526184058,0.9997251639355714,0.00025268868283436874,-0.4394518613115441,-0.6968890822333161
64,116,17,37,0.0019620910906225733,0.9999778526184058,0.9997562162456656,0.00022163637274024643,-0.440314288565479,-0.6985560706435847
64,124,22,38,0.0018102886445939186,0.9999778526184058,0.9998069362277934,0.00017091639061230987,-0.44172295332419204,-0.7069689254140525
64,84,10,39,0.031106563847341794,0.9999778526184058,0.99019467273467,0.009783179883735922,-0.1747580163083888,0.9166235465402882
64,25,3,40,0.034476363402537215,0.9999778526184058,0.9846445805052427,0.015333272113163179,-0.02061325909060075,1.1033770212378906
64,183,38,41,0.0011896109735838698,0.9999778526184058,0.999757983863792,0.00021986875461379107,-0.4403633812752382,-0.741366731523805
64,31,4,42,0.034202744801605414,0.9999778526184058,0.9874765397453623,0.012501312873043506,-0.09926630690922529,1.0882131446841272
64,115,16,43,0.001979161766125853,0.9999778526184058,0.999782405192207,0.0001954474261988157,-0.4410416438308589,-0.6976100179441718
64,Stor-01,76,44,0.01798491201298238,0.9999778526184058,0.9568120201865521,0.04316583243185361,0.7523906975511632,0.18942478183611322
64,78,9,45,0.03179098156314919,0.9999778526184058,0.9875983353867545,0.012379517231651352,-0.10264898215073487,0.9545538104856803
64,J86,67,46,5.3948252317323725e-05,0.9999778526184058,0.9999482204216505,2.9632196755139518e-05,-0.4456468913166733,-0.80430488431514
64,150,30,47,0.0001604705001599403,0.9999778526184058,0.999288514305124,0.000689338313281937,-0.42732463017875216,-0.7984014471547495
64,J288,59,48,0.014445415035324777,0.9999778526184058,0.9575902664671788,0.04238758615122711,0.7307761767425247,-0.006733282889159752
64,62,8,49,0.03292457182161804,0.9999778526184058,0.9854147231549814,0.014563129463424283,-0.042002714771649276,1.0173771078910163
64,16,1,50,0.039641909819868724,0.9999778526184058,0.9822262043503649,0.017751648268040952,0.0465531932574157,1.3896503518462646
64,8,0,51,0.039602484620506834,0.9999778526184058,0.9862537047781584,0.013724147840247424,-0.0653040606356131,1.3874654168520966
64,J116,65,52,0.0007767064096905948,0.9999778526184058,0.9996518963751533,0.0003259562432525525,-0.4374169743500772,-0.7642498023897502
64,182,37,53,9.06624365887357e-05,0.9999778526184058,0.999945750983337,3.2101635068775775e-05,-0.4455783066961689,-0.8022701931202874
64,J122,64,54,5.938582251460614e-06,0.9999778526184058,0.9998460032782438,0.0001318493401618924,-0.4428079769162263,-0.8069655685953258
64,138,27,55,0.0004820655314842479,0.9999778526184058,0.9988267370831204,0.0011511155352853697,-0.41449952118380323,-0.7805787284554423
64,332,50,56,7.367029341165656e-05,0.9999778526184058,0.9998304637193537,0.0001473888990519962,-0.4423763910193855,-0.8032118935772141
64,J211,58,57,5.157388881888147e-05,0.9999778526184058,0.999937888107307,3.9964511098804994e-05,-0.445359928141979,-0.8044364709648104
64,J126,55,58,2.362062915552355e-05,0.9999778526184058,0.9991932865590523,0.000784566059353516,-0.42467983488674393,-0.8059856338410438
64,145,28,59,0.0005171937218954834,0.9999778526184058,0.9997257165928706,0.0002521360255352666,-0.43946721046641823,-0.7786319326559643
64,J136,57,60,2.6199014956552548e-05,0.9999778526184058,0.9997145608054757,0.0002632918129300179,-0.43915737667114907,-0.8058427403248076
64,J63,69,61,1.313277945124498e-05,0.9999778526184058,0.9985048349828074,0.0014730176355984214,-0.40555921550067187,-0.8065668679299856
64,34,5,62,0.03390549538835255,0.9999778526184058,0.9657220826275316,0.03425576999087417,0.5049282491835547,1.0717396542383204
64,356,53,63,0.00025734743042261926,0.9999778526184058,0.9996981266838367,0.00027972593456906985,-0.4387009457533514,-0.7930325511571527
64,326,49,64,7.958577423454885e-05,0.9999778526184058,0.9998710750330319,0.00010677758537390947,-0.4435043040032478,-0.8028840590635917
65,176,35,1,0.005846040487430403,0.9999867590631986,0.9987584921770059,0.0012282668861928138,-0.41226110786468767,-0.47241129654256664
65,J305,71,2,0.004935621024208407,0.9999867590631986,0.9563710455951291,0.04361571346806955,0.7745127050137434,-0.5230125664285514
65,117,18,3,0.003172329007148153,0.9999867590631986,0.9992694096880147,0.0007173493751839723,-0.4265658978792287,-0.6210166391087418
65,OF-03,73,4,0.004330218862639475,0.9999867590631986,0.9993884780469994,0.000598281016199333,-0.42989960211905415,-0.5566609223838309
65,J306,63,5,0.06058202764426776,0.9999867590631986,0.8578022599524469,0.1421844991107517,3.534265013801751,2.569824255844304
65,OF-04,74,6,0.04736453510819391,0.9999867590631986,0.9504654357755479,0.04952132328765095,0.9398593736180642,1.8351937541337116
65,179,36,7,0.004288360840662784,0.9999867590631986,0.9993170460678185,0.0006697129953800434,-0.4278996325731181,-0.5589873984231722
65,184,39,8,0.0047699696431157505,0.9999867590631986,0.9991433603441058,0.0008433987190929784,-0.4230367383627959,-0.5322194985958306
65,185,40,9,0.0008983128762511717,0.9999867590631986,0.9998502065326105,0.0001365525305883988,-0.4428271860990093,-0.747406845615721
65,163,33,10,0.0075888976730193215,0.9999867590631986,0.9983764050203453,0.00161035404285338,-0.40156334075842803,-0.3755429952997487
65,137,26,11,0.010192385710891254,0.9999867590631986,0.9979050512679121,0.0020817077952867374,-0.38836626626824,-0.23084068370476096
65,123,21,12,0.012371584605796354,0.9999867590631986,0.99766022437019,0.002326534693008832,-0.38151154454435404,-0.1097204354336136
65,94,11,13,0.029381211244013227,0.9999867590631986,0.9906331426842288,0.009353616378969969,-0.1847656398400596,0.8356775299549783
65,J297,60,14,0.06073069101817892,0.9999867590631986,0.8595095126464184,0.14047724641678036,3.486464946740442,2.578086991659306
65,96,12,15,0.028493669504151584,0.9999867590631986,0.9919170879735064,0.00806967108969226,-0.2207138454848626,0.7863478078564685
65,125,23,16,0.009507708238201967,0.9999867590631986,0.9978321512062364,0.0021546078569624166,-0.3863251929993701,-0.2688951750463599
65,OF-02,72,17,0.03955927805093394,0.9999867590631986,0.983189393755683,0.016797365307515695,0.023646213442394332,1.401376228433919
65,J304,62,18,0.06070480706093078,0.9999867590631986,0.8485817347084735,0.151405024354725,3.792423473037903,2.5766483568768344
65,J303,61,19,0.060809197311283814,0.9999867590631986,0.8473857132943311,0.15260104576886754,3.8259099651106077,2.582450384892454
65,20,2,20,0.03439194644979552,0.9999867590631986,0.9866283057599804,0.013358453303218379,-0.07263726293096912,1.1141750519408085
65,148,29,21,0.009065402503397178,0.9999867590631986,0.9980057695271491,0.001980989536049578,-0.3911862000500609,-0.29347860363406636
65,152,31,22,0.007307943509578827,0.9999867590631986,0.9984366766403001,0.0015500824228987446,-0.40325083991183314,-0.3911584758822162
65,99,13,23,0.02662416942176904,0.9999867590631986,0.9927637852617076,0.007222973801491103,-0.2444198775793258,0.6824406726929455
65,154,32,24,0.007386274818042249,0.9999867590631986,0.9988393033421014,0.001147455721097235,-0.41452367808906715,-0.38680480832544795
65,HartleyRd,75,25,0.014472416287815695,0.9999867590631986,0.9558685511235415,0.04411820793965725,0.7885816647668283,0.007044149706815126
65,203,44,26,0.0009987515655273053,0.9999867590631986,0.999849027383304,0.0001377316798947787,-0.4427941719962234,-0.7418244460423752
65,J110,66,27,0.00011515849243808564,0.9999867590631986,0.9999411720303762,4.5587032822329316e-05,-0.4453740597450944,-0.7909347005645504
65,120,20,28,0.023404533094194373,0.9999867590631986,0.9950299513447602,0.004956807718438424,-0.30786853466710856,0.5034927334982392
65,127,24,29,0.0021340276953794556,0.9999867590631986,0.9997472177134439,0.000239541349754825,-0.43994368064014905,-0.6787256040663252
65,189,42,30,0.001524603940617434,0.9999867590631986,0.9996958325831427,0.00029092648005609313,-0.4385049875380511,-0.7125974808609054
65,Stor-01,76,31,0.01798491129660655,0.9999867590631986,0.9536878909349613,0.046298868128237365,0.8496363074803136,0.20226922462336666
65,136,25,32,0.000384108723443495,0.9999867590631986,0.9999293379506773,5.7421112521476794e-05,-0.4450427263664881,-0.7759864006052773
65,118,19,33,0.001963434732787093,0.9999867590631986,0.9997915169155214,0.00019524214767729822,-0.44118398023817895,-0.6882071901807478
65,186,41,34,0.0010314679111858526,0.9999867590631986,0.9998603509927921,0.0001264080704065476,-0.4431112131084295,-0.7400060659404247
65,31,4,35,0.03420274293156456,0.9999867590631986,0.9862173429979642,0.013769416065234385,-0.0611310297567982,1.1036590879526265
65,110,14,36,0.023376124611758163,0.9999867590631986,0.99544307448388,0.004543684579318585,-0.3194352545933611,0.5019137851729052
65,25,3,37,0.03447636141601399,0.9999867590631986,0.9847713864247472,0.015215372638451553,-0.020646793643663813,1.1188668502388373
65,197,43,38,0.0009481833561932034,0.9999867590631986,0.9998917649170267,9.499414617220235e-05,-0.4439907476321487,-0.7446350357886776
65,84,10,39,0.031106562018170206,0.9999867590631986,0.991286869042175,0.00869989002102376,-0.2030688259237117,0.9315728218483831
65,124,22,40,0.0018102885791671539,0.9999867590631986,0.9997978236696365,0.00018893539356225434,-0.44136055824019527,-0.6967190796606781
65,114,15,41,0.00199217029758267,0.9999867590631986,0.9997314069552676,0.0002553521079311041,-0.4395010072715346,-0.6866100625617916
65,J288,59,42,0.014445414711027284,0.9999867590631986,0.9609619834903731,0.03902477557282558,0.6459745336921358,0.0055433974386440285
65,116,17,43,0.0019620909666085208,0.9999867590631986,0.9997629376346405,0.00022382142855817053,-0.44038381073339883,-0.688281876935384
65,183,38,44,0.0011896109328558351,0.9999867590631986,0.9997670912691231,0.00021966779407561038,-0.44050010517974275,-0.7312164496774026
65,78,9,45,0.0317909795838939,0.9999867590631986,0.9874460777603222,0.012540681302876442,-0.09553343793496132,0.9696128675162653
65,115,16,46,0.0019791616411148814,0.9999867590631986,0.9997906086286589,0.0001961504345399323,-0.4411585498065282,-0.6873330859190153
65,J86,67,47,5.394833689575047e-05,0.9999867590631986,0.999955851138452,3.0907924746783855e-05,-0.44578504890498205,-0.7943367715060033
65,150,30,48,0.00016047064289662874,0.9999867590631986,0.9993649703243819,0.0006217887388167773,-0.429241427308998,-0.7884162434718684
65,8,0,49,0.0396024831447941,0.9999867590631986,0.9839815764768933,0.016005182586305334,0.0014664931629189363,1.4037775749595416
65,16,1,50,0.039641908193904396,0.9999867590631986,0.9825897843021363,0.01739697476106249,0.04043422156289139,1.405968825949759
65,62,8,51,0.03292457028355938,0.9999867590631986,0.985709437241559,0.014277321821639589,-0.046910563564111135,1.0326180329935197
65,J116,65,52,0.000776707301048441,0.9999867590631986,0.9996122222941651,0.00037453676903361394,-0.4361640467773461,-0.7541657043385968
65,J122,64,53,5.941113961326297e-06,0.9999867590631986,0.9991573744243858,0.0008293846388129955,-0.42342910791626104,-0.7970050211890498
65,182,37,54,9.066282593070604e-05,0.9999867590631986,0.9999503074491481,3.645161405044364e-05,-0.4456298353730792,-0.7922961739095845
65,138,27,55,0.000482067192999214,0.9999867590631986,0.9991055011464018,0.000881257916796889,-0.4219767475392204,-0.770541852069304
65,J211,58,56,5.157669923940678e-05,0.9999867590631986,0.9997586986331616,0.0002280604300370855,-0.4402651261615832,-0.794468587533635
65,332,50,57,7.367037891825762e-05,0.9999867590631986,0.9998045578969709,0.00018220116622791574,-0.44154910473909614,-0.7932406170284269
65,J126,55,58,2.3621113430528685e-05,0.9999867590631986,0.9991491452775898,0.0008376137856090916,-0.42319870630664597,-0.7960223637867586
65,145,28,59,0.0005171958309340077,0.9999867590631986,0.9987465302129008,0.001240228850297772,-0.41192619394806534,-0.7685893963489763
65,208,45,60,0.0001867803026225081,0.9999867590631986,0.9954455123181316,0.004541246745066995,-0.31950350965666946,-0.7869539480726838
65,J136,57,61,2.619958945485139e-05,0.9999867590631986,0.9995304934032379,0.00045626565996069067,-0.43387578184682013,-0.7958790516471658
65,J63,69,62,1.3132958105908742e-05,0.9999867590631986,0.998277076184193,0.0017096828790056106,-0.39878230837466655,-0.7966052972582257
65,34,5,63,0.03390549702748522,0.9999867590631986,0.9661048252121218,0.03388193385107703,0.5019840277445711,1.0871381096317196
65,356,53,64,0.00025734750543103573,0.9999867590631986,0.9997224073436688,0.00026435171952995164,-0.43924903400508747,-0.7830318108396153
65,326,49,65,7.958585977030092e-05,0.9999867590631986,0.9999415652207139,4.519384248484896e-05,-0.44538506838169856,-0.7929118335882748
66,176,35,1,0.0058460401711366876,0.9999946414085096,0.9987486766752791,0.001245964733230438,-0.4080113706083745,-0.4879320761932295
66,J305,71,2,0.004935620757131727,0.9999946414085096,0.9563891541217688,0.04360548728674081,0.7827079022979437,-0.5385079342347494
66,117,18,3,0.003172328835588889,0.9999946414085096,0.9992609099356857,0.0007337314728238894,-0.42241016404659687,-0.6364627894782291
66,179,36,4,0.004288360612140701,0.9999946414085096,0.9992201762252403,0.0007744651832692146,-0.42126514608698784,-0.5744646995512911
66,OF-03,73,5,0.004330218628354322,0.9999946414085096,0.9993973645575676,0.0005972768509419977,-0.4262458812208559,-0.5721393920574549
66,J306,63,6,0.06058202436599559,0.9999946414085096,0.8578608393578351,0.14213380205067447,3.552322766776004,2.5527756721445956
66,OF-04,74,7,0.04736453254557536,0.9999946414085096,0.9502785820117545,0.049716059396755094,0.9544750880750382,1.8185141002896668
66,184,39,8,0.004769969388438854,0.9999946414085096,0.999151689646723,0.0008429517617865503,-0.4193399995305556,-0.5477102425099424
66,163,33,9,0.007588897267200524,0.9999946414085096,0.9983839310720932,0.0016107103364163757,-0.3977584311690147,-0.3911124217337299
66,185,40,10,0.0008983128277457054,0.9999946414085096,0.9998512671022524,0.00014337430625725075,-0.43900500775007034,-0.7627895230997007
66,96,12,11,0.028493667977332257,0.9999946414085096,0.9919286668033394,0.008065974605170225,-0.21630200500654043,0.7701948829679104
66,123,21,12,0.012371583947963265,0.9999946414085096,0.997343330248954,0.0026513111595555788,-0.3685073116846346,-0.1254233569989934
66,137,26,13,0.010192385162150801,0.9999946414085096,0.9977437243431083,0.002250917065401172,-0.3797623243931763,-0.24648277943668692
66,125,23,14,0.009507707735735149,0.9999946414085096,0.9978401430517028,0.002154498356806961,-0.3824726385721625,-0.28451815938349745
66,20,2,15,0.03439194461638015,0.9999946414085096,0.9852176856027187,0.014776955805790906,-0.02765741758002764,1.0978574936253698
66,94,11,16,0.029381209656144505,0.9999946414085096,0.9905534213043736,0.009441220104135815,-0.17764407824338124,0.8194998310643885
66,J297,60,17,0.06073068773188488,0.9999946414085096,0.8589151875601017,0.14107945384840798,3.522685210705655,2.5610342584329917
66,J303,61,18,0.060809194035018097,0.9999946414085096,0.8476334480633099,0.15236119334519987,3.8398130686452463,2.565395461172687
66,OF-02,72,19,0.03955927591244648,0.9999946414085096,0.9829647283670843,0.017029913041425326,0.03567284300340597,1.384914436901329
66,J304,62,20,0.06070480378172758,0.9999946414085096,0.8469823408529309,0.1530123005555787,3.8581155861759147,2.559596346445866
66,148,29,21,0.009065402025747623,0.9999946414085096,0.9980311263929326,0.001963515015577014,-0.3878411491572209,-0.30908924217804884
66,25,3,22,0.03447635977895357,0.9999946414085096,0.9849983150289006,0.014996326379608967,-0.021490946515021824,1.1025469468742677
66,152,31,23,0.007307943115811923,0.9999946414085096,0.9984441239884061,0.0015505174201034656,-0.39945044423303544,-0.4067200604310393
66,154,32,24,0.007386274460061139,0.9999946414085096,0.9985508278605466,0.0014438135479629185,-0.4024498726824704,-0.4023685770531506
66,HartleyRd,75,25,0.014472415540493456,0.9999946414085096,0.9562584265134095,0.04373621489510003,0.7863826340557826,-0.008717409434074317
66,99,13,26,0.026624167981772442,0.9999946414085096,0.9926995464598457,0.00729509494866386,-0.2379713064707861,0.6663399289438958
66,J110,66,27,0.00011515851543289142,0.9999946414085096,0.9999767187687691,1.7922639740279362e-05,-0.4425314336428852,-0.8062955168371335
66,78,9,28,0.031790978282825344,0.9999946414085096,0.9880868771468501,0.011907764261659584,-0.10830992410772182,0.9533679297682398
66,120,20,29,0.023404531851789125,0.9999946414085096,0.9950585951024233,0.004936046306086381,-0.3042837792068064,0.4874818583113007
66,203,44,30,0.0009987515146147575,0.9999946414085096,0.9998116919566261,0.00018294945188338248,-0.4378925568586425,-0.7572099268270116
66,136,25,31,0.00038410880724086804,0.9999946414085096,0.9999513093597261,4.333204878343248e-05,-0.441817179297298,-0.7913547196952226
66,127,24,32,0.002134027615982378,0.9999946414085096,0.9997355888788644,0.0002590525296452932,-0.43575331175019905,-0.6941427711211402
66,62,8,33,0.032924569333012625,0.9999946414085096,0.9883066918245786,0.011687949583930848,-0.11448887886125238,1.0163414770690415
66,114,15,34,0.0019921703751731566,0.9999946414085096,0.9997619325485999,0.00023270885990967283,-0.4364938280115346,-0.7020232617642032
66,189,42,35,0.0015246038581273884,0.9999946414085096,0.9996815457866655,0.00031309562184403974,-0.4342341692393927,-0.7279976395370237
66,Stor-01,76,36,0.017984910330923427,0.9999946414085096,0.9540376299504046,0.045957011458104984,0.848808863374908,0.18640962230494434
66,150,30,37,0.00016047108274091742,0.9999946414085096,0.9999721235907001,2.2517817809487954e-05,-0.4424022639365333,-0.8037783012149554
66,84,10,38,0.03110656047035032,0.9999946414085096,0.9880165164666829,0.011978124941826799,-0.10633209685945515,0.915346971963142
66,118,19,39,0.0019634346663812904,0.9999946414085096,0.9997614975616567,0.00023314384685284179,-0.4364816005994801,-0.703619595394861
66,197,43,40,0.0009481833770461687,0.9999946414085096,0.999830981610177,0.00016365979833248427,-0.438434785875075,-0.7600191012665618
66,186,41,41,0.0010314678710173102,0.9999946414085096,0.999810207277928,0.0001844341305815996,-0.43785082278248977,-0.7553924592163723
66,31,4,42,0.03420274108804041,0.9999946414085096,0.9855916280630019,0.014403013345507736,-0.03816887917298359,1.087346809600992
66,110,14,43,0.02337612336114013,0.9999946414085096,0.99522485754149,0.004769783867019493,-0.30895738926242655,0.4859037023887277
66,J288,59,44,0.014445414021596794,0.9999946414085096,0.9570569661945809,0.04293767521392877,0.763935813807751,-0.010217404892887727
66,124,22,45,0.0018102885163334722,0.9999946414085096,0.9997803042530257,0.0002143371554839953,-0.4370102536277147,-0.7121272104844284
66,116,17,46,0.0019620908645685458,0.9999946414085096,0.999761616664732,0.0002330247437776488,-0.4364849485675058,-0.7036942466255705
66,183,38,47,0.0011896108761270663,0.9999946414085096,0.9998057015730526,0.00018893983545703472,-0.43772416815302767,-0.746607257523994
66,115,16,48,0.001979161548435419,0.9999946414085096,0.9997479676566697,0.0002466737518397381,-0.4361012771761427,-0.7027459315186632
66,J86,67,49,5.394841071779502e-05,0.9999946414085096,0.999963963325346,3.0678083163640206e-05,-0.4421728802078346,-0.8096958766264301
66,8,0,50,0.03960248101210621,0.9999946414085096,0.9837007629048147,0.016293878503694903,0.014983032146987854,1.387314577928032
66,16,1,51,0.03964190607245481,0.9999946414085096,0.9828945044216344,0.017100136986875198,0.037646826661060666,1.3895047292196196
66,J122,64,52,5.941822422368991e-06,0.9999946414085096,0.9999924096600348,2.2317484748373633e-06,-0.4429725020381967,-0.8123627512089989
66,J116,65,53,0.0007767072590328779,0.9999946414085096,0.999486043524741,0.0005085978837686403,-0.4287386325303485,-0.7695449875435254
66,34,5,54,0.03390551260346308,0.9999946414085096,0.985209880522448,0.014784760886061465,-0.0274380180461213,1.0708350948784877
66,182,37,55,9.066317656799e-05,0.9999946414085096,0.9999678597437067,2.6781664802770285e-05,-0.4422824078927072,-0.8076562883255844
66,J211,58,56,5.157824610277343e-05,0.9999946414085096,0.9999855552604185,9.086148090969242e-06,-0.4427798259824924,-0.8098275446326921
66,138,27,57,0.00048206770070930517,0.9999946414085096,0.9999268971637723,6.774424473736563e-05,-0.4411309564490684,-0.7859128815558427
66,J126,55,58,2.3622583945190442e-05,0.9999946414085096,0.9999839073907871,1.0734017722425647e-05,-0.44273350463581207,-0.8113805449081574
66,332,50,59,7.367038546052612e-05,0.9999946414085096,0.9999764071888103,1.8234219699285367e-05,-0.4425226751810359,-0.8086002763134941
66,145,28,60,0.0005171989611734106,0.9999946414085096,0.9999531862532237,4.1455155285768065e-05,-0.4418699384675185,-0.7839612605614747
66,208,45,61,0.0001867840466920745,0.9999946414085096,0.9999347656116011,5.987579690834583e-05,-0.441352137234712,-0.8023165565410462
66,J136,57,62,2.6199760022519306e-05,0.9999946414085096,0.9998979106948479,9.673071366159074e-05,-0.4403161515334093,-0.8112373769468529
66,J63,69,63,1.3135531914643927e-05,0.9999946414085096,0.9980079274505985,0.0019867139579110666,-0.38718903067044375,-0.8119631243727558
66,50,7,64,0.033067282597395685,0.9999946414085096,0.9772323986042138,0.022762242804295688,0.19680769806891948,1.0242695217581679
66,356,53,65,0.0002573478889393177,0.9999946414085096,0.9999328666507519,6.177475775769795e-05,-0.4412987577548333,-0.7983965754713748
66,326,49,66,7.958688550215315e-05,0.9999946414085096,0.999965670664411,2.8970744098675283e-05,-0.4422208732305953,-0.8082716013515974
67,OF-03,73,1,0.004330218474073341,0.9999963552393137,0.9993988404025822,0.0005975148367315583,-0.42263812595909994,-0.5615227738913701
67,J305,71,2,0.004935620580282456,0.9999963552393137,0.9563848680813991,0.04361148715791475,0.7934524261113252,-0.5278024014596756
67,176,35,3,0.005846039961391797,0.9999963552393137,0.9987507033035651,0.0012456519357486946,-0.4043140010288175,-0.47709283126628144
67,117,18,4,0.003172328721763496,0.9999963552393137,0.9992624462022385,0.0007339090370753586,-0.4187819906280784,-0.6260162292036049
67,179,36,5,0.00428836045821164,0.9999963552393137,0.9992218906391849,0.0007744646001289422,-0.41763540419576534,-0.5638542290839306
67,J306,63,6,0.060582022191248225,0.9999963552393137,0.8578635180359838,0.1421328372033299,3.5788469503098947,2.571653922792467
67,OF-04,74,7,0.04736453084627697,0.9999963552393137,0.9502703206969908,0.04972603454232302,0.9663228424691253,1.835451114454073
67,J297,60,8,0.060730685568995316,0.9999963552393137,0.8589182309502573,0.1410781242890565,3.5490281184052934,2.579934344041702
67,185,40,9,0.0008983127994378041,0.9999963552393137,0.9998533815899662,0.00014297364934757776,-0.4354889094063267,-0.7526769445033612
67,184,39,10,0.004769969217268799,0.9999963552393137,0.9991531344857063,0.0008432207536074977,-0.4156915309813215,-0.5370290387596602
67,163,33,11,0.007588896997886025,0.9999963552393137,0.9983856682404875,0.0016106869988262856,-0.3939937337429134,-0.38001720539212114
67,125,23,12,0.009507707402705672,0.9999963552393137,0.9978425680623392,0.0021537871769745217,-0.37863921148344337,-0.27314112945395863
67,20,2,13,0.03439194339105574,0.9999963552393137,0.9851948065403755,0.014801548698938129,-0.02106183693054321,1.1128892404428703
67,137,26,14,0.010192384799179891,0.9999963552393137,0.9977471490485934,0.002249206190720419,-0.37594152617696175,-0.23500519208624351
67,96,12,15,0.028493666954480086,0.9999963552393137,0.9919305560619144,0.008065799177399316,-0.21149487327260308,0.7843603567364129
67,123,21,16,0.012371583504492144,0.9999963552393137,0.9973459837752994,0.0026503714640143694,-0.364599785985455,-0.11362571356752606
67,114,15,17,0.0019921704097841737,0.9999963552393137,0.9997602630502105,0.00023609218910325167,-0.43285626307517855,-0.691750023982569
67,99,13,18,0.02662416706871631,0.9999963552393137,0.9927072809734578,0.007289074265855932,-0.2334544314234431,0.6802308339573994
67,94,11,19,0.029381208603834395,0.9999963552393137,0.9905486151942745,0.009447740045039163,-0.17242465627176143,0.8337956571060651
67,OF-02,72,20,0.0395592744981582,0.9999963552393137,0.9829736699183773,0.017022685320936412,0.041734113201677255,1.400705103027908
67,J304,62,21,0.0607048016088125,0.9999963552393137,0.8468750908035511,0.1531212644357626,3.8895116440911273,2.578492629900935
67,110,14,22,0.023376122682367724,0.9999963552393137,0.9951517292904565,0.0048446259488572965,-0.302563847339037,0.49931757769509433
67,J303,61,23,0.06080919185240246,0.9999963552393137,0.8476433607896688,0.152352994449645,3.8677911234988738,2.5843070759624642
67,120,20,24,0.02340453106779584,0.9999963552393137,0.9950493635025434,0.004946991736770415,-0.299669762909753,0.5008999001333455
67,136,25,25,0.00038410885935377084,0.9999963552393137,0.9999524931964743,4.386204283948104e-05,-0.4382909916547421,-0.781317658150778
67,154,32,26,0.007386274213582886,0.9999963552393137,0.9985461414443739,0.001450213794939837,-0.3985306303970891,-0.3913031188036756
67,25,3,27,0.034476358553183824,0.9999963552393137,0.9850034049646516,0.014992950274662197,-0.015650533688159277,1.1175910917853855
67,148,29,28,0.009065401703965179,0.9999963552393137,0.9980358917337356,0.001960463505578135,-0.3841048561935213,-0.29777717339437815
67,HartleyRd,75,29,0.014472415038018547,0.9999963552393137,0.9562527409125889,0.04374361432672476,0.7971879239737846,0.003388781427125715
67,J110,66,30,0.00011515853725564557,0.9999963552393137,0.9999788287536859,1.752648562777163e-05,-0.43903555023839325,-0.7962979579114802
67,152,31,31,0.007307942853578141,0.9999963552393137,0.998445941646779,0.0015504135925347023,-0.39569778282224477,-0.39566610764258253
67,189,42,32,0.0015246038751987473,0.9999963552393137,0.9996840980600387,0.00031225717927510336,-0.4307029273112805,-0.7177930745783846
67,127,24,33,0.002134027564781963,0.9999963552393137,0.9997375805291429,0.0002587747101709967,-0.4322149830891858,-0.6838487034394691
67,78,9,34,0.031790977146495106,0.9999963552393137,0.9880825100556313,0.011913845183682445,-0.10270295893297617,0.9680176756608418
67,118,19,35,0.0019634346582185444,0.9999963552393137,0.9997640632257686,0.00023229201354508098,-0.43296370159673603,-0.693350580430853
67,150,30,36,0.00016047112062125076,0.9999963552393137,0.9999738727653291,2.248247398464631e-05,-0.43889543459011127,-0.7937740863040652
67,203,44,37,0.0009987514798305145,0.9999963552393137,0.9998133950140375,0.00018296022527617862,-0.4343584093717491,-0.7470825970859105
67,J86,67,38,5.3948697256808185e-05,0.9999963552393137,0.9999660332961468,3.032194316700111e-05,-0.43867379720366567,-0.7997072929304309
67,62,8,39,0.03292456815673414,0.9999963552393137,0.988294523939259,0.011701831300054722,-0.10869701311756168,1.0311577121067632
67,Stor-01,76,40,0.01798490970874674,0.9999963552393137,0.953966089708947,0.046030265530366744,0.8618361016372093,0.19903168925074796
67,J288,59,41,0.014445413588051136,0.9999963552393137,0.9567074703439641,0.04328888489534967,0.7843318184945128,0.0018848240742215551
67,186,41,42,0.0010314678888095343,0.9999963552393137,0.9998124133865437,0.0001839418527700613,-0.43433065681004546,-0.7452603214709342
67,84,10,43,0.031106559361202452,0.9999963552393137,0.9880212392308851,0.011975116008428667,-0.10097071085007246,0.9298961984108568
67,31,4,44,0.03420273987363175,0.9999963552393137,0.9856011320048532,0.014395223234460507,-0.0325494659904038,1.1023507685619687
67,197,43,45,0.0009481833434752184,0.9999963552393137,0.9998326331554702,0.00016372208384354616,-0.4349023098946054,-0.7498991984382823
67,16,1,46,0.039641905084338125,0.9999963552393137,0.9826220207080268,0.01737433453128691,0.05167593580660009,1.4053075550373397
67,124,22,47,0.0018102884942937103,0.9999963552393137,0.9997823197008219,0.00021403553849198243,-0.43347984845851395,-0.7018806889836088
67,8,0,48,0.03960247999011232,0.9999963552393137,0.9832463267339474,0.01675002850536643,0.03402556271263134,1.4031116114705535
67,116,17,49,0.0019620908152058027,0.9999963552393137,0.9997644836883999,0.00023187155091390367,-0.43297558891161725,-0.6934254313215497
67,183,38,50,0.0011896108403569611,0.9999963552393137,0.9998070545208414,0.00018930071847233265,-0.4341791510178883,-0.7364518961798192
67,115,16,51,0.001979161480163116,0.9999963552393137,0.9997497470178247,0.00024660822148912754,-0.43255895392330024,-0.6924746100837087
67,J122,64,52,5.941860262292675e-06,0.9999963552393137,0.9999940672503549,2.287988958980216e-06,-0.43946637284850465,-0.8023812321290559
67,J116,65,53,0.0007767072543979374,0.9999963552393137,0.9994902791575967,0.0005060760817170302,-0.4252232814345334,-0.7594502679299683
67,34,5,54,0.033905511455653896,0.9999963552393137,0.9852504727413797,0.014745882497934081,-0.022635631152690364,1.0857954033778991
67,J135,56,55,3.9170031426543875e-05,0.9999963552393137,0.9999350061586336,6.134908068015113e-05,-0.4377965983133658,-0.8005304518040605
67,182,37,56,9.066323273657598e-05,0.9999963552393137,0.9999701664951312,2.6188744182566757e-05,-0.43879065095986536,-0.797662325135742
67,J126,55,57,2.362435601895536e-05,0.9999963552393137,0.9999713309376754,2.502430163844623e-05,-0.4388235720666573,-0.8013963324461489
67,J211,58,58,5.15782445547429e-05,0.9999963552393137,0.9999873492728,9.005966513778595e-06,-0.43927644226101076,-0.7998393250907513
67,138,27,59,0.0004820678195541157,0.9999963552393137,0.999928684077917,6.767116139679866e-05,-0.437617860516923,-0.7758614289981226
67,J136,57,60,2.6207146752583377e-05,0.9999963552393137,0.9999345519518688,6.180328744498512e-05,-0.4377837569847092,-0.8012524732415678
67,332,50,61,7.367064583786395e-05,0.9999963552393137,0.9999785639065145,1.7791332799261815e-05,-0.43902806248207565,-0.7986087974934126
67,145,28,62,0.0005171993980989905,0.9999963552393137,0.9999531994646293,4.315577468439506e-05,-0.4383109592602498,-0.7739046305322823
67,208,45,63,0.00018678480376243942,0.9999963552393137,0.999939836770188,5.6518469125678276e-05,-0.43793316931007015,-0.7923084369670872
67,J63,69,64,1.3135745137529867e-05,0.9999963552393137,0.9980045784112267,0.0019917768280871407,-0.3832195662841682,-0.8019805389786095
67,50,7,65,0.03306728152158299,0.9999963552393137,0.9772271023055089,0.02276925293380485,0.20420100950833703,1.0391067227962325
67,356,53,66,0.0002573482915788263,0.9999963552393137,0.9999298523380068,6.650290130692553e-05,-0.4376508895533264,-0.7883781118743198
67,326,49,67,7.958760874797685e-05,0.9999963552393137,0.9999659913010189,3.0363938294909096e-05,-0.43867260991787166,-0.7982792277893314
68,OF-03,73,1,0.004330218375332365,0.9999975742128246,0.999400297163499,0.0005972770493257137,-0.4186351479185029,-0.5512759300608779
68,185,40,2,0.0008983127809181188,0.9999975742128246,0.9998550847295354,0.0001424894832891087,-0.43156790920741994,-0.7429533981008629
68,176,35,3,0.005846039828093553,0.9999975742128246,0.9987517326419244,0.001245841570900213,-0.40019196528912443,-0.46661485472743863
68,J305,71,4,0.0049356204676915694,0.9999975742128246,0.9563837189962074,0.04361385521661723,0.804624189956274,-0.5174632458196824
68,179,36,5,0.004288360360626938,0.9999975742128246,0.9992231347861629,0.0007744394266616878,-0.4135971941427861,-0.553613767759262
68,117,18,6,0.00317232864950158,0.9999975742128246,0.9992636578281352,0.0007339163846894442,-0.4147495449713169,-0.6159459405873877
68,J297,60,7,0.060730684184168125,0.9999975742128246,0.8589259763147737,0.1410715978980507,3.576023005539169,2.598781140305168
68,163,33,8,0.007588896826366602,0.9999975742128246,0.9983870905449516,0.0016104836678730214,-0.3898226642171161,-0.3692734776428033
68,J306,63,9,0.06058202080899883,0.9999975742128246,0.8578669249586631,0.14213064925416136,3.606139172743662,2.5904780507944576
68,OF-04,74,10,0.047364529765840595,0.9999975742128246,0.9502695425395477,0.04972803167327698,0.9784925858788054,1.8522598372406653
68,125,23,11,0.009507707186456285,0.9999975742128246,0.9978438760664785,0.002153698146346073,-0.3743753131824353,-0.2621048212352669
68,20,2,12,0.03439194260704746,0.9999975742128246,0.9851865191058713,0.01481105510695328,-0.014438964115738868,1.127719901010312
68,184,39,13,0.004769969108432841,0.9999975742128246,0.9991541593199906,0.0008434148928339496,-0.41163574377471285,-0.5267151416678006
68,137,26,14,0.010192384569262953,0.9999975742128246,0.9977490155475185,0.0022485586653060697,-0.37167777143092295,-0.2238644840376975
68,96,12,15,0.028493666305451724,0.9999975742128246,0.9919320135654522,0.008065560647372355,-0.20626010465776176,0.7982916471765752
68,120,20,16,0.023404530541891986,0.9999975742128246,0.9950473191714971,0.004950255041327386,-0.29484982599979503,0.5140551986977646
68,25,3,17,0.03447635777806608,0.9999975742128246,0.9850119942821488,0.0149855799306757,-0.009476014262332558,1.1324346245945933
68,J304,62,18,0.06070480022947864,0.9999975742128246,0.8467809404857829,0.15321663372704172,3.921390515452671,2.597335479647772
68,123,21,19,0.012371583222394752,0.9999975742128246,0.9973496030320514,0.0026479711807730682,-0.36031970647027095,-0.10215272108352394
68,OF-02,72,20,0.039559273598849094,0.9999975742128246,0.9829889214175294,0.017008652795295297,0.04805396320874196,1.416323679227624
68,189,42,21,0.0015246038653170845,0.9999975742128246,0.9996855486975903,0.00031202551523434034,-0.42674682526678864,-0.7079740299303059
68,J303,61,22,0.060809190471208266,0.9999975742128246,0.8476038290013528,0.1523937452114719,3.897990093950384,2.603165843179736
68,110,14,23,0.02337612215420674,0.9999975742128246,0.9951566848396625,0.004840889373162113,-0.2979598496354688,0.5124685443820198
68,148,29,24,0.009065401508010943,0.9999975742128246,0.9980336649053054,0.0019639093075192555,-0.37977232473496836,-0.2868083074506507
68,114,15,25,0.0019921703647368593,0.9999975742128246,0.9997615126733513,0.00023606153947312888,-0.4289070073791504,-0.6818596860815213
68,94,11,26,0.029381207934289073,0.9999975742128246,0.990549234582162,0.009448339630662628,-0.16693811821456808,0.8478622800263006
68,99,13,27,0.026624166461383172,0.9999975742128246,0.9927085511416878,0.007289023071136737,-0.22834244783361077,0.6938770626974913
68,136,25,28,0.0003841088508486503,0.9999975742128246,0.9999540443389353,4.352987388919378e-05,-0.4343820164988021,-0.7716725177445802
68,154,32,29,0.007386274046346123,0.9999975742128246,0.9985483711221478,0.0014492030906767613,-0.39440898838511257,-0.3805902870284581
68,118,19,30,0.0019634346452863786,0.9999975742128246,0.9997678446567646,0.00022972955606001013,-0.4290870695358204,-0.6834646224048105
68,186,41,31,0.0010314679139776521,0.9999975742128246,0.9998139108596473,0.0001836633531771111,-0.4303970508322822,-0.7355164689490473
68,16,1,32,0.039641904260018505,0.9999975742128246,0.982698328852423,0.017299245360401564,0.05631752307165809,1.42093873505585
68,152,31,33,0.007307942692360721,0.9999975742128246,0.9984473002429621,0.001550273969862395,-0.3915348430667607,-0.3849652196095008
68,8,0,34,0.039602479184759905,0.9999975742128246,0.9830056849033839,0.016991889309440726,0.04757726116779421,1.4187367809533962
68,HartleyRd,75,35,0.014472414708097063,0.9999975742128246,0.9562688876667877,0.043728686546036864,0.8078896402077297,0.015182109050936178
68,J110,66,36,0.00011515853577377127,0.9999975742128246,0.9999807268287427,1.6847384081967792e-05,-0.435140784541381,-0.7866938270445837
68,150,30,37,0.0001604711323786516,0.9999975742128246,0.9999751452880802,2.242892474439589e-05,-0.43498206267121065,-0.7841630453699138
68,78,9,38,0.031790976429350665,0.9999975742128246,0.9880750327917684,0.0119225414210562,-0.09657941994444964,0.9824517408925069
68,182,37,39,9.066401752218891e-05,0.9999975742128246,0.9999814664440186,1.610776880605464e-05,-0.4351618169277595,-0.7880618854337668
68,203,44,40,0.0009987514718857555,0.9999975742128246,0.999814599635197,0.0001829745776275556,-0.43041663749302067,-0.7373437350584817
68,127,24,41,0.002134027516402446,0.9999975742128246,0.999738725769073,0.00025884844375176564,-0.42825901782192205,-0.6739367351417052
68,J86,67,42,5.394870003947424e-05,0.9999975742128246,0.9999672730076388,3.030120518589295e-05,-0.4347581991987843,-0.7901124951897067
68,183,38,43,0.0011896109310053048,0.9999975742128246,0.9998136603011535,0.00018391391167105396,-0.4303899257184201,-0.7266839261362725
68,197,43,44,0.0009481833665047953,0.9999975742128246,0.999830916467402,0.00016665774542250835,-0.4308806380762781,-0.7401680453829782
68,124,22,45,0.0018102885013448504,0.9999975742128246,0.999783645454758,0.00021392875806667167,-0.4295363956913331,-0.6920180817885934
68,31,4,46,0.03420273913493918,0.9999975742128246,0.9856126647103433,0.014384909502481398,-0.02655723600471238,1.1171525816361674
68,116,17,47,0.001962090861078855,0.9999975742128246,0.9997702789810605,0.00022729523176398303,-0.42915629424065277,-0.6835396749222543
68,84,10,48,0.031106558669761718,0.9999975742128246,0.9880193995830271,0.01197817462979752,-0.09499738239083262,0.9442259040707922
68,62,8,49,0.032924567406250674,0.9999975742128246,0.9883003362786696,0.01169723793415504,-0.10298635898864242,1.0457646270624579
68,Stor-01,76,50,0.017984909298738517,0.9999975742128246,0.9540043760928169,0.04599319812000769,0.8722853928827207,0.21136060263598766
68,J288,59,51,0.014445413258799542,0.9999975742128246,0.9567902487930507,0.04320732541977381,0.7930637313772797,0.013674034515557732
68,115,16,52,0.0019791615608116663,0.9999975742128246,0.9997516204398125,0.000245953773012195,-0.4286257026458441,-0.6825862487826246
68,J136,57,53,2.620780832358977e-05,0.9999975742128246,0.9999348711585976,6.270305422716326e-05,-0.4338367901492313,-0.7916618687779333
68,J116,65,54,0.000776707453988263,0.9999975742128246,0.9994900179913623,0.0005075562214622862,-0.42118653264415384,-0.7497452519339133
68,J122,64,55,5.941924067035491e-06,0.9999975742128246,0.9999954815145123,2.09269831237455e-06,-0.43556036247886526,-0.792793751131635
68,J126,55,56,2.3624805823664814e-05,0.9999975742128246,0.9999750910593187,2.2483153505817495e-05,-0.43498052057182435,-0.7918061336376463
68,138,27,57,0.00048206826289713434,0.9999975742128246,0.9999376639474158,5.991026540879228e-05,-0.43391620848389056,-0.7662013264324706
68,34,5,58,0.03390551069060718,0.9999975742128246,0.9852053967498063,0.014792177463018218,-0.014975786317886932,1.1005518931639235
68,J135,56,59,3.9170183283396557e-05,0.9999975742128246,0.9999371642026711,6.0410010153516915e-05,-0.4339019972785464,-0.7909378992095032
68,J211,58,60,5.1578299876027465e-05,0.9999975742128246,0.999988586301627,8.987911197633696e-06,-0.435364283806226,-0.7902448858656946
68,208,45,61,0.0001867857513250372,0.9999975742128246,0.999951211423712,4.636278911255114e-05,-0.43430145709245177,-0.78269333141849
68,332,50,62,7.367095110263189e-05,0.9999975742128246,0.9999789611275313,1.861308529333626e-05,-0.43509057342309304,-0.7890109756275172
68,145,28,63,0.0005171998557804118,0.9999975742128246,0.9999305782973787,6.699591544585647e-05,-0.4337147143636692,-0.7642391702522313
68,367,54,64,6.434620111526124e-05,0.9999975742128246,0.9999664002277123,3.1173985112358e-05,-0.4347333800188205,-0.7895317779685239
68,J63,69,65,1.3135921056153329e-05,0.9999975742128246,0.99807754613774,0.001920028075084665,-0.38102017218402195,-0.7923919547855449
68,50,7,66,0.033067280771511894,0.9999975742128246,0.9772959417444004,0.02270163246842408,0.20994481650727986,1.0537353989138918
68,356,53,67,0.00025734850378046864,0.9999975742128246,0.9999369004010737,6.067381175082974e-05,-0.4338944955715067,-0.7787522877748062
68,326,49,68,7.958869738757562e-05,0.9999975742128246,0.9999691766936596,2.839751916509709e-05,-0.43481233418116855,-0.7886804599436805
69,OF-03,73,1,0.004330218310713011,0.9999979413567027,0.9994008934384851,0.0005970479182175906,-0.41506214008316084,-0.5412762478367532
69,185,40,2,0.0008983127675485017,0.9999979413567027,0.9998558711807864,0.00014207017591627173,-0.4280763724000368,-0.7334840313928794
69,176,35,3,0.005846039740896234,0.9999979413567027,0.9987501208607207,0.0012478204959820434,-0.39644737121635804,-0.45638094005571717
69,J305,71,4,0.004935620394038536,0.9999979413567027,0.9563846756762758,0.04361326568042665,0.815378383268772,-0.5073700137831889
69,179,36,5,0.0042883602966381305,0.9999979413567027,0.9992235077127422,0.0007744336439603651,-0.40998817968932416,-0.5436205536482632
69,117,18,6,0.003172328602163715,0.9999979413567027,0.9992640152631755,0.0007339260935271182,-0.41114686202235295,-0.6061251813763092
69,OF-04,74,7,0.04736452905933411,0.9999979413567027,0.9502317894884837,0.049766151868218804,0.9913762021119474,1.8689094002889193
69,184,39,8,0.004769969038590104,0.9999979413567027,0.9991544481681081,0.0008434931885947241,-0.40801279304068677,-0.5166475068474219
69,J297,60,9,0.060730683277912034,0.9999979413567027,0.8589274555783667,0.14107048577833592,3.603055197733965,2.617496109541214
69,123,21,10,0.01237158304134104,0.9999979413567027,0.9973205655319969,0.0026773758247058423,-0.35555621670902776,-0.09091044603929671
69,163,33,11,0.0075888967131544655,0.9999979413567027,0.9983873972023439,0.0016105441543588074,-0.3860719846467529,-0.3587702478382951
69,J306,63,12,0.060582019904898025,0.9999979413567027,0.8578718809135739,0.14212606044312873,3.6332489690730556,2.6091700478056534
69,OF-02,72,13,0.03955927301184208,0.9999979413567027,0.9828924814730522,0.017105459883650517,0.05714625282445085,1.431767134539626
69,20,2,14,0.034391942094466464,0.9999979413567027,0.9852347813180286,0.014763160038674129,-0.009853144078171972,1.1423648738894112
69,125,23,15,0.009507707044889237,0.9999979413567027,0.997844368734991,0.002153572621711625,-0.3705391399122816,-0.25130508707304244
69,137,26,16,0.010192384417578084,0.9999979413567027,0.9977609613158995,0.0022369800408031082,-0.36815334511819536,-0.212958950036238
69,189,42,17,0.0015246038448675483,0.9999979413567027,0.9996859404714769,0.00031200088522567563,-0.4232156560987557,-0.6984078854097141
69,96,12,18,0.028493665881176782,0.9999979413567027,0.9919329372891649,0.008065004067537839,-0.2014479184997009,0.8120251884000291
69,120,20,19,0.023404530193603282,0.9999979413567027,0.9950545332382366,0.004943408118466031,-0.2907383850512153,0.5270023407656717
69,J304,62,20,0.06070479932461185,0.9999979413567027,0.8466859751578404,0.15331196619886223,3.953211821417128,2.6160464492195867
69,25,3,21,0.03447635726445279,0.9999979413567027,0.9850127074647849,0.014985233891917596,-0.0035009196748510382,1.147092641748262
69,186,41,22,0.0010314679083620198,0.9999979413567027,0.9998142544690894,0.00018368688761322114,-0.4268859634988254,-0.7260265258866903
69,99,13,23,0.026624166066741953,0.9999979413567027,0.9927098805139829,0.0072880608427198686,-0.2236716861364646,0.70732171938795
69,J303,61,24,0.060809189564625,0.9999979413567027,0.8477199348743841,0.15227800648231854,3.923636326384496,2.6218929436540805
69,110,14,25,0.023376121806412995,0.9999979413567027,0.9951290995777152,0.004868841778987491,-0.29287128865235473,0.5254112966452631
69,94,11,26,0.029381207497416104,0.9999979413567027,0.9904933851619017,0.00950455619480096,-0.1602708144908463,0.8617329687353472
69,148,29,27,0.00906540137350585,0.9999979413567027,0.9980219837932717,0.0019759575634310553,-0.3756196601587159,-0.2760769205870017
69,114,15,28,0.0019921703358211813,0.9999979413567027,0.9997602481059145,0.0002376932507881291,-0.42534115967305425,-0.6722212908892701
69,136,25,29,0.00038410884821453553,0.9999979413567027,0.9999548491223137,4.309223438905915e-05,-0.4309075480939639,-0.762282608273268
69,154,32,30,0.007386273939519099,0.9999979413567027,0.9985211797608761,0.0014767615958264763,-0.3898987153520381,-0.37011836733885023
69,HartleyRd,75,31,0.014472414499853358,0.9999979413567027,0.9560498922430758,0.043948049113626944,0.8249545646298032,0.02674901550092449
69,152,31,32,0.007307942587641347,0.9999979413567027,0.9984473918409604,0.0015505495157421923,-0.3877880777478668,-0.3745054040267816
69,J86,67,33,5.394872157775356e-05,0.9999979413567027,0.9999709366885025,2.700466820016789e-05,-0.4313677185689774,-0.7807736026672893
69,Stor-01,76,34,0.017984909061247105,0.9999979413567027,0.9540069575015694,0.04599098385513319,0.8833908898876031,0.2234702789235517
69,118,19,35,0.0019634346171451805,0.9999979413567027,0.9997647253783091,0.00023321597839350567,-0.42546922805458615,-0.6738306675828121
69,J110,66,36,0.00011515853890695831,0.9999979413567027,0.9999798461110259,1.8095245676758392e-05,-0.43162256464989196,-0.7773454770464795
69,8,0,37,0.03960247859550397,0.9999979413567027,0.9830420958691862,0.016955845487516472,0.05286666653218767,1.434186912522572
69,16,1,38,0.03964190366843551,0.9999979413567027,0.9826987988801498,0.017299142476552967,0.0626863705607995,1.436394958690918
69,183,38,39,0.0011896109313192162,0.9999979413567027,0.9998070668362119,0.0001908745204907457,-0.42668036767428386,-0.7171695455458386
69,182,37,40,9.066402394404617e-05,0.9999979413567027,0.9999795575364608,1.8383820241873277e-05,-0.4316143102319678,-0.7787173202895666
69,78,9,41,0.031790975962413634,0.9999979413567027,0.9879372023595707,0.012060738997131976,-0.08715348645261604,0.9966947996234828
69,150,30,42,0.0001604711344387449,0.9999979413567027,0.9999755325606702,2.240879603260668e-05,-0.43149917939118104,-0.7748076934610055
69,84,10,43,0.031106558224407537,0.9999979413567027,0.9882263742791362,0.011771567077566453,-0.09542499116778587,0.9583632037231632
69,127,24,44,0.0021340274921013242,0.9999979413567027,0.9997393683052297,0.0002585730514729666,-0.42474391160665853,-0.6642764190834338
69,203,44,45,0.0009987514592342756,0.9999979413567027,0.9998158456686509,0.00018209568805169479,-0.426931478342368,-0.7278588479286519
69,197,43,46,0.0009481833642630753,0.9999979413567027,0.9998320983434608,0.0001658430132419787,-0.42739637160214466,-0.7306909717533968
69,138,27,47,0.00048206850900140634,0.9999979413567027,0.9999407334822257,5.72078744769966e-05,-0.4305037828054102,-0.7567962657615237
69,62,8,48,0.032924566926445964,0.9999979413567027,0.9881507595927392,0.01184718176396338,-0.09326210053854359,1.0601828542670257
69,124,22,49,0.0018102884800999196,0.9999979413567027,0.9997835405853094,0.0002144007713930613,-0.4260074202609902,-0.6824077916299122
69,31,4,50,0.0342027386279918,0.9999979413567027,0.9855960675962357,0.014401873760466952,-0.020187415670679398,1.1317683179892455
69,J288,59,51,0.014445413053953098,0.9999979413567027,0.9565437902954768,0.043454151061225875,0.8108270515732563,0.025236768731884896
69,J122,64,52,5.942139774950162e-06,0.9999979413567027,0.9999959333229256,2.0080337769979986e-06,-0.432082724990781,-0.7834622660259885
69,116,17,53,0.001962090834481223,0.9999979413567027,0.9997659323229553,0.00023200903374749387,-0.4255037516291622,-0.6739059276633044
69,J116,65,54,0.0007767076064751957,0.9999979413567027,0.9995025465132279,0.0004953948434748584,-0.4179698355755494,-0.7402946671125716
69,115,16,55,0.001979161541062327,0.9999979413567027,0.9997512958338929,0.00024664552280984715,-0.42508508792047744,-0.6729498632744618
69,J136,57,56,2.62078160185549e-05,0.9999979413567027,0.9999354573533062,6.24840033964396e-05,-0.4303528638458494,-0.7823272637177787
69,J126,55,57,2.362483771067756e-05,0.9999979413567027,0.9999710560357784,2.6885320924147453e-05,-0.4313711323913078,-0.7824719263634392
69,367,54,58,6.434862645852092e-05,0.9999979413567027,0.9999801566674268,1.778468927581785e-05,-0.4316314478386143,-0.7801911441347962
69,34,5,59,0.03390551023637197,0.9999979413567027,0.9852902687839004,0.014707672572802146,-0.01144031352492366,1.1151217029689144
69,J135,56,60,3.917021646156127e-05,0.9999979413567027,0.999947961055986,4.998030071661466e-05,-0.43071052110326447,-0.7816012896991523
69,J211,58,61,5.157843468291317e-05,0.9999979413567027,0.999993233378602,4.707978100706692e-06,-0.43200549549271006,-0.7809063532878177
69,145,28,62,0.0005172002763033253,0.9999979413567027,0.9999446279572232,5.331339947948778e-05,-0.43061518078745975,-0.7548286710708828
69,208,45,63,0.0001867859990735423,0.9999979413567027,0.9999513498921225,4.659146458021062e-05,-0.4308074557369015,-0.7733338994586886
69,332,50,64,7.367100108519711e-05,0.9999979413567027,0.9999789906237002,1.8950733002447923e-05,-0.431598094198339,-0.7796690339129568
69,J85,68,65,1.811079499842713e-06,0.9999979413567027,0.9999054256372605,9.25157194421638e-05,-0.4294938334073128,-0.7836936307675958
69,J63,69,66,1.3135990091320655e-05,0.9999979413567027,0.9978951432992633,0.0021027980574394364,-0.3719915010143524,-0.7830593662354338
69,50,7,67,0.03306728037733401,0.9999979413567027,0.9774259291115324,0.022572012245170216,0.21351210502050924,1.0681756838288627
69,356,53,68,0.0002573485504667139,0.9999979413567027,0.9999376790446955,6.026231200725392e-05,-0.4304164133454997,-0.7693819633011333
69,326,49,69,7.958998843481662e-05,0.9999979413567027,0.999968061597358,2.9879759344697062e-05,-0.43128547915239,-0.7793375342766592
70,OF-03,73,1,0.004330218249258796,0.9999984406411184,0.9994014476817961,0.0005969929593222142,-0.41150198838624985,-0.5316706246033016
70,176,35,2,0.005846039657950554,0.9999984406411184,0.9987510963856675,0.0012473442554509233,-0.3927929972607345,-0.44653084107330443
70,185,40,3,0.0008983127548058295,0.9999984406411184,0.9998562710273433,0.00014216961377495766,-0.4245861261225369,-0.724431915094186
70,J305,71,4,0.004935620324014675,0.9999984406411184,0.956384104858256,0.04361433578286233,0.8260000969014918,-0.4976667496759696
70,123,21,5,0.012371582865911876,0.9999984406411184,0.9973218388636845,0.002676601777433776,-0.3516768090498,-0.08000788991577251
70,179,36,6,0.004288360235803511,0.9999984406411184,0.999224434347454,0.0007740062936645092,-0.406409754510464,-0.5340216813862074
70,117,18,7,0.003172328557181415,0.9999984406411184,0.9992645248315051,0.0007339158096133137,-0.40756305814005034,-0.5967063056999063
70,OF-04,74,8,0.0473645283871394,0.9999984406411184,0.9502331414762337,0.049765299164884716,1.0029480325981586,1.8854557126372473
70,J297,60,9,0.060730682416025666,0.9999984406411184,0.8589281228493643,0.14107031779175397,3.6295665899432645,2.636198151108366
70,184,39,10,0.004769968970894948,0.9999984406411184,0.9991549449199031,0.0008434957212153228,-0.4044107163120254,-0.5069709594365619
70,163,33,11,0.00758889660563248,0.9999984406411184,0.9983879951046131,0.0016104455365051936,-0.38234747545529607,-0.3486390561977649
70,J306,63,12,0.06058201904521635,0.9999984406411184,0.8578658501405623,0.14213259050055613,3.6601255367773207,2.6278481125504145
70,125,23,13,0.009507706910288488,0.9999984406411184,0.9978447718399636,0.002153668801154808,-0.3667202916578615,-0.2408644245447288
70,20,2,14,0.03439194160661751,0.9999984406411184,0.9852366927724637,0.014761747868654614,-0.004017179066591458,1.1568189326151401
70,OF-02,72,15,0.0395592724504485,0.9999984406411184,0.9828925640923012,0.017105876548817078,0.06341757955584089,1.447054594249809
70,25,3,16,0.034476356776987786,0.9999984406411184,0.9850151097943601,0.014983330846758161,0.002357212736087579,1.1615603152679794
70,99,13,17,0.026624165690886693,0.9999984406411184,0.9927110293518897,0.0072874112892287535,-0.2190352740038826,0.7205229704505552
70,189,42,18,0.0015246038239807068,0.9999984406411184,0.9996865008995413,0.00031193974157708203,-0.419702261304654,-0.6892547591636996
70,137,26,19,0.01019238427331328,0.9999984406411184,0.9977636124543483,0.0022348281867699458,-0.3643855377575243,-0.20240786090104032
70,186,41,20,0.0010314678955046631,0.9999984406411184,0.9998148719767465,0.00018356866437186801,-0.4233951782842949,-0.7169529338698811
70,203,44,21,0.0009987514658149031,0.9999984406411184,0.9998193216461737,0.00017911899494457028,-0.42352318421942925,-0.7187905314428463
70,94,11,22,0.029381207082776348,0.9999984406411184,0.9904781945654112,0.009520246075707199,-0.1548021642159384,0.875378882857358
70,120,20,23,0.02340452986165383,0.9999984406411184,0.9950544402147441,0.004944000426374185,-0.28644938280563637,0.5396843202147799
70,96,12,24,0.02849366547686296,0.9999984406411184,0.9919332428351296,0.008065197805988708,-0.19666028816741613,0.8255279573010624
70,118,19,25,0.0019634345977855468,0.9999984406411184,0.9997594453059409,0.0002389953351774965,-0.421800690661387,-0.6646067650967133
70,148,29,26,0.009065401246267585,0.9999984406411184,0.9980188129086801,0.0019796277324383225,-0.37172702083557585,-0.2657075942432834
70,J304,62,27,0.0607047984630792,0.9999984406411184,0.8466916583123998,0.15330678232871858,3.9815792756909483,2.6347443161525286
70,110,14,28,0.02337612147517706,0.9999984406411184,0.9951238541313585,0.004874586509759823,-0.28844624874202457,0.5380886943308862
70,J303,61,29,0.06080918870163438,0.9999984406411184,0.8477215958030478,0.15227684483807055,3.9519505327529836,2.640607646926372
70,Stor-01,76,30,0.017984908813236916,0.9999984406411184,0.953927896384779,0.04607054425633939,0.8966591127383781,0.23527816772807672
70,154,32,31,0.007386273837812184,0.9999984406411184,0.9985139816151216,0.0014844590259966372,-0.3859717943750399,-0.36001985507786366
70,183,38,32,0.0011896109256431088,0.9999984406411184,0.999801707313492,0.00019673332762635474,-0.42301646362736306,-0.7080704472685172
70,114,15,33,0.001992170308176594,0.9999984406411184,0.9997584813790319,0.00023995926208647027,-0.42177296087889404,-0.6629927542717929
70,78,9,34,0.03179097552267443,0.9999984406411184,0.9879461444912734,0.012052296149844958,-0.0819613739409106,1.0107293681809641
70,152,31,35,0.007307942489823829,0.9999984406411184,0.9984492988584586,0.001549141782659678,-0.3841110321568568,-0.36441952510040104
70,136,25,36,0.0003841088442809723,0.9999984406411184,0.9999542807651781,4.415987594015686e-05,-0.42740562279499755,-0.7533134240775882
70,HartleyRd,75,37,0.014472414297322989,0.9999984406411184,0.9560254702565255,0.04397297038459281,0.8363171234393314,0.037990399511823446
70,84,10,38,0.031106557796045927,0.9999984406411184,0.9881966990976755,0.0118017415434427,-0.0891692075156885,0.9722873876447908
70,116,17,39,0.0019620908320730395,0.9999984406411184,0.9997546379631702,0.00024380267794816638,-0.4216623953527297,-0.6646822409550314
70,127,24,40,0.0021340274728342714,0.9999984406411184,0.9997406858445043,0.00025775479661400405,-0.4212610275598843,-0.6550250027795129
70,124,22,41,0.001810288475002735,0.9999984406411184,0.9997850963254488,0.0002133443156695389,-0.42253860676794586,-0.6732085882847366
70,J110,66,42,0.00011515854023425937,0.9999984406411184,0.9999807770741704,1.7663566947913167e-05,-0.4281678557800713,-0.768419669797278
70,8,0,43,0.03960247803684757,0.9999984406411184,0.9830187241904034,0.016979716450714968,0.059788266952273184,1.449481340733406
70,16,1,44,0.03964190311016791,0.9999984406411184,0.9827013794535469,0.01729706118757136,0.06891748665386695,1.4516957455365713
70,197,43,45,0.0009481833636950428,0.9999984406411184,0.9998298963998455,0.00016854424127275003,-0.4238273936117658,-0.7216308114674723
70,115,16,46,0.0019791615512157914,0.9999984406411184,0.9997536065552363,0.00024483408588215835,-0.42163272430878973,-0.6637234226376614
70,J86,67,47,5.394872084446732e-05,0.9999984406411184,0.9999717511717706,2.6689469347829724e-05,-0.4279082029910249,-0.7718576676662057
70,J288,59,48,0.01444541287049946,0.9999984406411184,0.9562352197780746,0.04376322086304361,0.8302831507839306,0.0364737989271013
70,J116,65,49,0.0007767076202963198,0.9999984406411184,0.9995052793683417,0.0004931612727766439,-0.41448896805968455,-0.7312621622254833
70,182,37,50,9.066402342072947e-05,0.9999984406411184,0.9999800065745295,1.8434066588830512e-05,-0.4281456904195501,-0.7697954637049361
70,150,30,51,0.0001604711348120367,0.9999984406411184,0.9999760751244579,2.2365516660544216e-05,-0.42803259236786645,-0.7658745780922703
70,31,4,52,0.03420273815860054,0.9999984406411184,0.9856367942667359,0.01436164637438249,-0.015527105086883647,1.1461918623580993
70,62,8,53,0.03292456646832495,0.9999984406411184,0.9881018876097638,0.011896553031354591,-0.08644171654811544,1.0744002512881945
70,138,27,54,0.00048206850231657684,0.9999984406411184,0.9999415873287331,5.685331238530051e-05,-0.4270404641627043,-0.7478112824453348
70,J122,64,55,5.942149233400098e-06,0.9999984406411184,0.9999964303231206,2.0103179978845116e-06,-0.42861816086508436,-0.7745540731210614
70,332,50,56,7.36718155728798e-05,0.9999984406411184,0.9999855531198899,1.2887521228477362e-05,-0.4283052507503157,-0.770749872245129
70,J136,57,57,2.620782996584426e-05,0.9999984406411184,0.9999359040111767,6.25366299415337e-05,-0.4268769692356457,-0.7734158020419258
70,J126,55,58,2.36249348519054e-05,0.9999984406411184,0.9999674951296572,3.094551146116478e-05,-0.42778576723268597,-0.7735608766065286
70,208,45,59,0.00018678642922200073,0.9999984406411184,0.9999598709574979,3.8569683620360965e-05,-0.4275664387403544,-0.7643965157976322
70,367,54,60,6.434867535794061e-05,0.9999984406411184,0.9999813173721631,1.7123268955153333e-05,-0.4281833988110637,-0.7712735290131152
70,34,5,61,0.03390550978416745,0.9999984406411184,0.9853743069755092,0.014624133665609126,-0.00797599781401095,1.1294973102735983
70,J135,56,62,3.917028909845604e-05,0.9999984406411184,0.9999498528631626,4.858777795579429e-05,-0.42727824305422,-0.7726877341057964
70,J211,58,63,5.157843488218451e-05,0.9999984406411184,0.9999921992204099,6.2414207083201965e-06,-0.42849644255141006,-0.7719908005224748
70,145,28,64,0.0005172003673787728,0.9999984406411184,0.9999336217741469,6.481886697151217e-05,-0.42681131494604196,-0.7458380160900444
70,J85,68,65,1.8129404074609149e-06,0.9999984406411184,0.9999722175902237,2.6223050894689236e-05,-0.42792162069120093,-0.774786000143318
70,326,49,66,7.959450712605485e-05,0.9999984406411184,0.9999933606370122,5.080004106114483e-06,-0.4285298536217547,-0.7704172099183794
70,J63,69,67,1.3135989906938764e-05,0.9999984406411184,0.9978955204902087,0.002102920150909816,-0.36818020425082043,-0.7741500136229026
70,50,7,68,0.03306728001283869,0.9999984406411184,0.9771493726787199,0.02284906796239844,0.22863492874609243,1.0824161034308193
70,356,53,69,0.0002573485691129498,0.9999984406411184,0.9999086842117401,8.975642937832558e-05,-0.4260939232278455,-0.7604332221792146
70,167,34,70,8.095332407001618e-05,0.9999984406411184,0.9999709277506625,2.751289045575472e-05,-0.42788451521137033,-0.770340888671165
71,OF-03,73,1,0.00433021820792676,0.999998607195375,0.9994016250368393,0.0005969821585357247,-0.4079683928162433,-0.5222685608558625
71,117,18,2,0.0031723285270277676,0.999998607195375,0.9992647293286518,0.0007338778667232745,-0.4040064194327026,-0.5874922413177505
71,176,35,3,0.005846039602171598,0.999998607195375,0.998752271087575,0.0012463361077999608,-0.38917508587080357,-0.4368826627979771
71,179,36,4,0.0042883601949778504,0.999998607195375,0.999226283688066,0.0007723235073090779,-0.4028937431718409,-0.5246264138589479
71,J305,71,5,0.004935620276950365,0.999998607195375,0.9563886501218488,0.04360995707352626,0.8368935828902886,-0.4881663905434854
71,185,40,6,0.0008983127462375306,0.999998607195375,0.9998565936048106,0.00014201359056450306,-0.4211358863813452,-0.7155870685696842
71,OF-04,74,7,0.047364527935172096,0.999998607195375,0.9502224300908075,0.04977617710456757,1.015353521214807,1.9018449905910308
71,123,21,8,0.01237158274784605,0.999998607195375,0.9973170122763898,0.002681594918985288,-0.3476364775119642,-0.06930019963682363
71,163,33,9,0.007588896533293438,0.999998607195375,0.9983881574998731,0.0016104496955019322,-0.3786370758618679,-0.3387079010382737
71,J306,63,10,0.06058201846713176,0.999998607195375,0.8578868613102728,0.1421117458851023,3.687687597323156,2.646383432539345
71,184,39,11,0.004769968925380783,0.999998607195375,0.9991551156808212,0.0008434915145537994,-0.4008340310435621,-0.4974974960892794
71,J297,60,12,0.060730681836358255,0.999998607195375,0.8589283359462575,0.1410702712491175,3.6575457116348815,2.6547576086381324
71,99,13,13,0.026624165437265798,0.999998607195375,0.9927112939046446,0.007287313290730457,-0.21433986914832426,0.7335447642889261
71,96,12,14,0.02849366520612824,0.999998607195375,0.9919348070775865,0.008063800117788516,-0.19186714022055337,0.8388532902731856
71,94,11,15,0.029381206803121833,0.999998607195375,0.9904760742996793,0.009522532895695685,-0.14964915898297743,0.8888483204335705
71,125,23,16,0.009507706819652031,0.999998607195375,0.997844960322513,0.0021536468728620096,-0.36291610997324686,-0.2306217240483657
71,25,3,17,0.03447635644821042,0.999998607195375,0.9850154970027869,0.014983110192588179,0.008388387960532314,1.1758570206913888
71,OF-02,72,18,0.03955927207292388,0.999998607195375,0.9829097506805046,0.01708885651487048,0.06933194120868329,1.4621765811728755
71,20,2,19,0.0343919412783485,0.999998607195375,0.9852313609607692,0.01476724623460575,0.002140951373108858,1.1711019320538123
71,203,44,20,0.000998751456654947,0.999998607195375,0.9998180426208457,0.00018056457452939205,-0.4200201613202721,-0.7099293772867086
71,148,29,21,0.009065401160996318,0.999998607195375,0.9980190692420742,0.0019795379533009945,-0.36795509121137837,-0.2555367081116547
71,114,15,22,0.001992170291240029,0.999998607195375,0.9997555145422697,0.00024309265310528894,-0.418210502081706,-0.6539703047596163
71,137,26,23,0.010192384176240724,0.999998607195375,0.997768463040164,0.0022301441552110344,-0.36070216038642117,-0.1920539935794674
71,189,42,24,0.0015246038094560634,0.999998607195375,0.9996866659087075,0.00031194128666738616,-0.41621791621267007,-0.6803082256389947
71,186,41,25,0.0010314678856628958,0.999998607195375,0.999815038623614,0.00018356857176108181,-0.41993322099735214,-0.7080864677706553
71,J304,62,26,0.06070479788458917,0.999998607195375,0.8466966462426709,0.15330196095270407,4.0115497171873855,2.6532995711176954
71,118,19,27,0.0019634345793720135,0.999998607195375,0.9997592400449616,0.00023936715041344807,-0.41831832388781526,-0.6555889813223689
71,120,20,28,0.02340452963837059,0.999998607195375,0.9950625846869517,0.004936022508423211,-0.28238985858775384,0.5521833617175222
71,J303,61,29,0.06080918812193036,0.999998607195375,0.8478091655443554,0.15218944165101986,3.979351689065792,2.659179851075278
71,183,38,30,0.0011896109151040004,0.999998607195375,0.9998036949153887,0.00019491227998623363,-0.4196049165482665,-0.6991783044199524
71,154,32,31,0.007386273767694891,0.999998607195375,0.9985127697424337,0.0014858374529413644,-0.3822435467646072,-0.3501215985050677
71,197,43,32,0.0009481833592828,0.999998607195375,0.999830128931481,0.00016847826389395365,-0.42036995783089176,-0.7127778675003926
71,110,14,33,0.023376121252092655,0.999998607195375,0.9951103264291578,0.004888280766217206,-0.2837715783977344,0.5505831233359252
71,Stor-01,76,34,0.017984908641622617,0.999998607195375,0.953985576558776,0.04601303063659902,0.9064422460415164,0.24689725894996103
71,152,31,35,0.007307942420352432,0.999998607195375,0.998449450438471,0.0015491567569041352,-0.3804109882404121,-0.3545339867087927
71,136,25,36,0.00038410884104466585,0.999998607195375,0.9999542421258228,4.436506955227632e-05,-0.42396198550683806,-0.7445520656309889
71,78,9,37,0.03179097521936655,0.999998607195375,0.9879457646992321,0.01205284249614289,-0.07641808825170977,1.0245900648856539
71,127,24,38,0.0021340274542809403,0.999998607195375,0.9997409095332335,0.00025769766214153587,-0.4177878105464191,-0.6459795208135785
71,HartleyRd,75,39,0.01447241415923267,0.999998607195375,0.9560253766564855,0.043973230538889525,0.8474072784602331,0.049039188770361924
71,84,10,40,0.031106557499166673,0.999998607195375,0.9881713251847356,0.01182728201063947,-0.08294615733272682,0.9860369596795415
71,116,17,41,0.0019620908142016806,0.999998607195375,0.9997529206773945,0.0002456865179804637,-0.4181354316230919,-0.6556646753297787
71,124,22,42,0.0018102884588791928,0.999998607195375,0.9997852768480789,0.00021333034729598477,-0.4190718692130095,-0.6642156698504557
71,115,16,43,0.0019791615342076097,0.999998607195375,0.9997547831565938,0.0002438240387812549,-0.41818933464980007,-0.6547030852877491
71,16,1,44,0.039641902732954364,0.999998607195375,0.9827015917045692,0.017297015490805815,0.07535638370669802,1.4668311487496404
71,J110,66,45,0.00011515854012386131,0.999998607195375,0.999981417029257,1.7190166118163438e-05,-0.42474846921426546,-0.7597019791130466
71,8,0,46,0.03960247765932981,0.999998607195375,0.98300003655236,0.01699857064301502,0.06671892852963694,1.464610342703353
71,J86,67,47,5.394872088207603e-05,0.999998607195375,0.9999736709544308,2.4936240944175815e-05,-0.42452428583632107,-0.7631499152655274
71,J288,59,48,0.014445412732695338,0.999998607195375,0.9562086361322986,0.04378997106307638,0.8421034659808925,0.04751820413293194
71,138,27,49,0.000482068504818893,0.999998607195375,0.9999426923848894,5.591481048563206e-05,-0.4236277181527289,-0.7390340185203146
71,31,4,50,0.03420273783402151,0.999998607195375,0.9856422260905343,0.014356381104840645,-0.00975012052320063,1.1604441421117766
71,J116,65,51,0.0007767076129251878,0.999998607195375,0.999509254403858,0.0004893527915171658,-0.4110833530517436,-0.7224370599708784
71,182,37,52,9.066402310910301e-05,0.999998607195375,0.9999788318345696,1.9775360805492545e-05,-0.4246736496842884,-0.7610817500680814
71,150,30,53,0.0001604711338160261,0.999998607195375,0.9999762618051722,2.234539020284476e-05,-0.42459926906124307,-0.7571495303084399
71,62,8,54,0.03292456615466198,0.999998607195375,0.9880438521045761,0.01195475509079887,-0.07925688936811266,1.0884450021546315
71,J122,64,55,5.9421492006243725e-06,0.999998607195375,0.9999966194005692,1.9877948057257636e-06,-0.42518844933711974,-0.7658541152796348
71,332,50,56,7.367182863471329e-05,0.999998607195375,0.9999864151363282,1.2192059046852598e-05,-0.42489312215807795,-0.7620389167835523
71,J126,55,57,2.3624952725413948e-05,0.999998607195375,0.999959502990465,3.910420491013225e-05,-0.4241142430608735,-0.7648580467026389
71,J136,57,58,2.6207830226058157e-05,0.999998607195375,0.9999359704447397,6.263675063522199e-05,-0.4234331748152421,-0.7647125537601304
71,J211,58,59,5.157861444830388e-05,0.999998607195375,0.9999912967622133,7.310433161636315e-06,-0.4250344039563293,-0.763283422858908
71,208,45,60,0.00018678643920352043,0.999998607195375,0.9999601390298909,3.846816548422499e-05,-0.4241326510249338,-0.7556671947300466
71,367,54,61,6.434867811291581e-05,0.999998607195375,0.9999815929986049,1.7014196770130693e-05,-0.4247535620391791,-0.7625640878776239
71,J85,68,62,1.813059621869708e-06,0.999998607195375,0.9999768097761297,2.1797419245250063e-05,-0.4246151281877101,-0.7660867060209859
71,34,5,63,0.03390550946174413,0.999998607195375,0.9853615351574526,0.014637072037922371,-0.0016264910786059816,1.1437013308600388
71,J135,56,64,3.917029742120608e-05,0.999998607195375,0.9999413049772023,5.73022181727165e-05,-0.4235875644298612,-0.7639823807287259
71,145,28,65,0.0005172003787182641,0.999998607195375,0.9999316399884153,6.69672069598157e-05,-0.42330784471597327,-0.737055047505165
71,326,49,66,7.959491247184697e-05,0.999998607195375,0.9999753236948484,2.3283500526635317e-05,-0.4245721186985115,-0.7617052707256289
71,211,46,67,8.181807854039664e-06,0.999998607195375,0.9998553615190641,0.00014324567631094403,-0.4211002279155082,-0.7657279557820903
71,J63,69,68,1.3135994477413647e-05,0.999998607195375,0.9978759949966728,0.0021226121987021887,-0.36381430141121085,-0.7654488874989871
71,50,7,69,0.033067279712013856,0.999998607195375,0.9771920761715488,0.02280653102382631,0.2348102788436145,1.0964840266108051
71,356,53,70,0.000257348589246949,0.999998607195375,0.9999042450403096,9.436215506547126e-05,-0.4225149925756462,-0.7516924437645116
71,167,34,71,8.095347830878635e-05,0.999998607195375,0.9999697691338588,2.8838061516229807e-05,-0.42441136111823824,-0.7616287429998043
72,J305,71,1,0.004935620241493837,0.9999988380258247,0.9563909330126825,0.04360790501314214,0.8475315181618797,-0.4789302809875695
72,OF-03,73,2,0.004330218176794048,0.9999988380258247,0.9994018436834075,0.0005969943424172093,-0.4043825062546146,-0.51313267104948
72,117,18,3,0.003172328504227224,0.9999988380258247,0.9992649481976768,0.000733889828147902,-0.4003979038411109,-0.5785480314173485
72,J306,63,4,0.06058201803164617,0.9999988380258247,0.8578916227604972,0.14210721526532744,3.7145405160437592,2.664831383754712
72,OF-04,74,5,0.04736452759466471,0.9999988380258247,0.9502193153204985,0.04977952270532623,1.0271681410953506,1.918104885903425
72,176,35,6,0.00584603956014099,0.9999988380258247,0.9987526087459148,0.0012462292799098062,-0.38548529364708506,-0.42749584018877596
72,184,39,7,0.004769968891194045,0.9999988380258247,0.9991553287257832,0.0008435093000413755,-0.39720722147534604,-0.48828880886118226
72,179,36,8,0.004288360164145888,0.9999988380258247,0.9992264977686721,0.0007723402571525318,-0.39927873127384667,-0.5154974533310183
72,185,40,9,0.0008983127397816994,0.9999988380258247,0.9998568527838135,0.00014198524201125255,-0.4176264079798358,-0.7070193048363907
72,123,21,10,0.012371582658957648,0.9999988380258247,0.9973182454810646,0.0026805925447600672,-0.34373543391681666,-0.05883312255795339
72,94,11,11,0.029381206591993215,0.9999988380258247,0.9904766957336324,0.00952214229219224,-0.1445991695599871,0.9021312125283204
72,99,13,12,0.02662416524592108,0.9999988380258247,0.9927118145851259,0.007287023440698781,-0.20965653739495618,0.7463712489709866
72,163,33,13,0.007588896478755746,0.9999988380258247,0.9983884338206821,0.0016104042051424544,-0.3748852926443187,-0.3290325616036245
72,125,23,14,0.009507706751397756,0.9999988380258247,0.9978452891799242,0.002153548845900325,-0.35907603907475283,-0.2206287400338272
72,96,12,15,0.0284936650013415,0.9999988380258247,0.991935310068477,0.00806352795734767,-0.187054902617733,0.8519892565462386
72,J297,60,16,0.0607306813997433,0.9999988380258247,0.8589290398007324,0.14106979822509227,3.6843445280587144,2.67323016994996
72,114,15,17,0.001992170277123557,0.9999988380258247,0.99975607921966,0.0002427588061646762,-0.4146932025143683,-0.6452214611457199
72,203,44,18,0.000998751449578633,0.9999988380258247,0.9998184914168731,0.0001803466089517114,-0.41650982773264666,-0.7013449866764532
72,78,9,19,0.031790974992454,0.9999988380258247,0.9879505264153459,0.012048311610478679,-0.07107022659421977,1.0382718760595835
72,25,3,20,0.03447635620034439,0.9999988380258247,0.9850158242650671,0.014983013760757592,0.014349838271323566,1.189983376387447
72,20,2,21,0.034391941031118374,0.9999988380258247,0.9852332600737665,0.014765577952057995,0.008020957201929099,1.1852143134566129
72,118,19,22,0.0019634345658600793,0.9999988380258247,0.9997600679849246,0.000238770040899919,-0.41480930308274,-0.6468448946664286
72,Stor-01,76,23,0.017984908513650068,0.9999988380258247,0.9539568694450309,0.0460419685807936,0.9183795487928188,0.25829357987904944
72,OF-02,72,24,0.03955927178850659,0.9999988380258247,0.9829096665753508,0.01708917145047393,0.07565354722029952,1.477144375225959
72,148,29,25,0.009065401095911946,0.9999988380258247,0.9980192751840748,0.0019795628417496832,-0.36414023128207174,-0.24561694446457424
72,120,20,26,0.023404529470820862,0.9999988380258247,0.9950572243222645,0.004941613703560185,-0.2779241303646942,0.564476860005092
72,137,26,27,0.010192384103054647,0.9999988380258247,0.9977696618669161,0.0022291761589087467,-0.35687476287976583,-0.18194766639140858
72,189,42,28,0.001524603798644609,0.9999988380258247,0.9996868728082776,0.0003119652175471746,-0.41267881882338875,-0.6716367841339904
72,110,14,29,0.02337612108518169,0.9999988380258247,0.9951149040871379,0.004883933938686869,-0.2796030091757653,0.5628719188538888
72,186,41,30,0.0010314678783924758,0.9999988380258247,0.9998152588573642,0.00018357916846049557,-0.4164157379651737,-0.6994966611999309
72,J304,62,31,0.060704797448341945,0.9999988380258247,0.8466975184737814,0.15330131955204324,4.0403661246807525,2.6717678475467292
72,84,10,32,0.03110655727778916,0.9999988380258247,0.9881759463991976,0.011822891626627039,-0.07763150220468225,0.999605470694983
72,J303,61,33,0.06080918768510734,0.9999988380258247,0.8477831743188844,0.15221566370694029,4.008766054908242,2.677665408530892
72,152,31,34,0.007307942368850104,0.9999988380258247,0.9984502589104394,0.0015485791153853458,-0.3766848289880217,-0.34490515705183256
72,115,16,35,0.0019791615229539012,0.9999988380258247,0.9997544794786231,0.00024435854720152316,-0.41464663902133286,-0.645956395019047
72,J86,67,36,5.3948724557742633e-05,0.9999988380258247,0.9999733738406239,2.546418520084131e-05,-0.42101797404728186,-0.7547219294008636
72,154,32,37,0.00738627371527387,0.9999988380258247,0.9985155013336513,0.0014833366921733477,-0.37858383329488954,-0.34047980170424413
72,183,38,38,0.0011896109069997433,0.9999988380258247,0.9998034569432652,0.00019538108255942808,-0.416072220900666,-0.6905623184459467
72,116,17,39,0.001962090802273234,0.9999988380258247,0.9997535495755164,0.00024528845030819397,-0.41461957243003233,-0.6469208110351167
72,127,24,40,0.0021340274403090676,0.9999988380258247,0.9997412460926818,0.0002575919331429851,-0.4142614562574183,-0.637207193750129
72,197,43,41,0.0009481833525646381,0.9999988380258247,0.9998303469754741,0.00016849105035058494,-0.41685490622200183,-0.7042018480576889
72,J116,65,42,0.0007767076126002928,0.9999988380258247,0.9995063336856957,0.0004925043401289056,-0.40742388569150884,-0.7138894267535487
72,124,22,43,0.0018102884477625917,0.9999988380258247,0.9997856163192367,0.00021322170658798662,-0.415552935745402,-0.6554969353069492
72,136,25,44,0.0003841088382842867,0.9999988380258247,0.9999544724512001,4.4365574624684417e-05,-0.4204678133059337,-0.7360694244772807
72,J110,66,45,0.00011515854075774319,0.9999988380258247,0.9999816275424392,1.721048338539551e-05,-0.42125821367241356,-0.7512638605713025
72,HartleyRd,75,46,0.014472414055434327,0.9999988380258247,0.9560270553774597,0.043971782648364946,0.858122865975796,0.05985404266047817
72,16,1,47,0.039641902449231374,0.9999988380258247,0.9827075273600965,0.017291310665728036,0.08153719196333921,1.4818126217582595
72,J288,59,48,0.014445412631592769,0.9999988380258247,0.9562058300312065,0.04379300799461829,0.8529192910515392,0.05832858828180193
72,8,0,49,0.03960247737619025,0.9999988380258247,0.9830044593564483,0.016994378669376337,0.07289442377420395,1.4795852892052388
72,332,50,50,7.367185831708126e-05,0.9999988380258247,0.9999861951416941,1.2642884130797208e-05,-0.4213911623004611,-0.7536076644298403
72,138,27,51,0.0004820685023445003,0.9999988380258247,0.9999427114147232,5.612661110142408e-05,-0.4201254860620484,-0.7305351608269205
72,62,8,52,0.03292456592069267,0.9999988380258247,0.9880483976361963,0.011950440389628248,-0.0739189538603647,1.1023144708226003
72,182,37,53,9.066402378176774e-05,0.9999988380258247,0.9999791964636294,1.9641562195210504e-05,-0.42118745251881307,-0.752647686416703
72,31,4,54,0.03420273758873644,0.9999988380258247,0.9856440027077681,0.014354835318056472,-0.003934485171028489,1.1745252023439638
72,150,30,55,0.00016047113304895155,0.9999988380258247,0.9999765115749528,2.2326450871806476e-05,-0.4211093037482846,-0.7487039106692011
72,J136,57,56,2.6207883977591757e-05,0.9999988380258247,0.9999374724960792,6.136552974543877e-05,-0.4199729974115888,-0.7562891573729685
72,J126,55,57,2.3624998049458392e-05,0.9999988380258247,0.9999612737192808,3.756430654386467e-05,-0.420665777096084,-0.7564350783685356
72,J122,64,58,5.942149853091326e-06,0.9999988380258247,0.9999969004836107,1.9375422139539863e-06,-0.42170276155453107,-0.7574340767312479
72,338,52,59,2.60797495175379e-06,0.9999988380258247,0.9999981181338004,7.198920243261458e-07,-0.4217382035697188,-0.7576224420460685
72,J211,58,60,5.1578655331088975e-05,0.9999988380258247,0.9999915522700616,7.285755763004609e-06,-0.42154709166883886,-0.7548558272464282
72,J135,56,61,3.917041578299119e-05,0.9999988380258247,0.9999426564426388,5.6181583185791105e-05,-0.42012388599540723,-0.7555568348474118
72,326,49,62,7.959506950956149e-05,0.9999988380258247,0.9999780663218596,2.0771703965095274e-05,-0.42115455760193654,-0.7532730306526583
72,208,45,63,0.00018678643830782004,0.9999988380258247,0.9999603407443121,3.849728151240899e-05,-0.42063862109242506,-0.7472172187869914
72,367,54,64,6.434867836088958e-05,0.9999988380258247,0.9999819011278034,1.693689802127659e-05,-0.42126617689264945,-0.7541343805678785
72,J85,68,65,1.8130630367797038e-06,0.9999988380258247,0.9999773308511307,2.1507174693854068e-05,-0.42113315033328025,-0.7576673508578583
72,34,5,66,0.033905509218091774,0.9999988380258247,0.9853639119547066,0.014634926071117993,0.004218086732215651,1.1577331871477552
72,145,28,67,0.000517200375085186,0.9999988380258247,0.9999318236372483,6.701438857649252e-05,-0.419808576675495,-0.7285503740461251
72,211,46,68,8.182989834925014e-06,0.9999988380258247,0.9998166155055017,0.00018222252032297782,-0.41645522577891847,-0.7573074797346503
72,J63,69,69,1.31359947603872e-05,0.9999988380258247,0.9978789661357795,0.0021198718900451836,-0.3600562706643016,-0.7570276580817076
72,50,7,70,0.03306727948460641,0.9999988380258247,0.9771850942516555,0.022813743774169178,0.2422780679305421,1.1103771208608415
72,356,53,71,0.00025734868029728456,0.9999988380258247,0.9999055035723735,9.333445345109739e-05,-0.41904248133302885,-0.7432307815663597
72,167,34,72,8.095361800543201e-05,0.9999988380258247,0.999970612797478,2.822522834663567e-05,-0.42093760865667895,-0.7531962790056403
73,J305,71,1,0.004935620226578147,0.9999989659294455,0.9563793490207443,0.043619616908701336,0.8626063634177887,-0.49370071243387775
73,OF-03,73,2,0.004330218163708132,0.9999989659294455,0.9994008133947105,0.0005981525347350436,-0.3971487365239237,-0.5278280397534936
73,184,39,3,0.0047699688767892,0.9999989659294455,0.9991555578893875,0.0008434080400581494,-0.38996716150978894,-0.5030387014859523
73,185,40,4,0.0008983127370763958,0.9999989659294455,0.9998526363963085,0.00014632953313714294,-0.41037902374953383,-0.7212891575920932
73,117,18,5,0.0031723284946405038,0.9999989659294455,0.9992650766181126,0.0007338893113329172,-0.3931740904011782,-0.593099835407677
73,J306,63,6,0.06058201784856647,0.9999989659294455,0.8578244355704603,0.1421745303589853,3.748492668079227,2.643161452852195
73,OF-04,74,7,0.04736452745152732,0.9999989659294455,0.9502157114916693,0.04978325443777634,1.0430900806606411,1.898073768503678
73,176,35,8,0.005846039542474923,0.9999989659294455,0.9987481557685931,0.0012508101608524813,-0.3780376071148832,-0.4423791529327151
73,123,21,9,0.012371582621572676,0.9999989659294455,0.9973063948482558,0.002692571081189859,-0.3358199444034589,-0.07452552596805358
73,179,36,10,0.004288360151186821,0.9999989659294455,0.9992252412280546,0.0007737247013909501,-0.39200762997231975,-0.5301876321332938
73,94,11,11,0.029381206503208183,0.9999989659294455,0.9904768804958376,0.009522085433607717,-0.13583801304015108,0.8843298156213043
73,99,13,12,0.02662416516546484,0.9999989659294455,0.9927122543140485,0.007286711615397002,-0.20129425932895004,0.7289116927942589
73,163,33,13,0.007588896455823811,0.9999989659294455,0.9983896235331516,0.0016093423962939642,-0.3675390613618887,-0.3441319681260727
73,125,23,14,0.009507706722671315,0.9999989659294455,0.9978467838544126,0.0021521820750328717,-0.35164362256887827,-0.23596605648297977
73,189,42,15,0.0015246037941559509,0.9999989659294455,0.9996870242966794,0.0003119416327660613,-0.40552956801492535,-0.6859842896156336
73,96,12,16,0.02849366491523333,0.9999989659294455,0.9919357762124206,0.008063189717024915,-0.17855741708629622,0.8342979043671583
73,J297,60,17,0.06073068121621226,0.9999989659294455,0.8589305196903906,0.14106844623905504,3.716104297963916,2.6515418065365424
73,148,29,18,0.009065401068583293,0.9999989659294455,0.9980212939340409,0.0019776719954046214,-0.35675362907381614,-0.2608994202062872
73,114,15,19,0.001992170271122048,0.9999989659294455,0.9997558912671228,0.00024307466232268945,-0.40754613157211733,-0.6596269393822107
73,137,26,20,0.010192384072331912,0.9999989659294455,0.9977233863746129,0.002275579554832637,-0.34803029590136997,-0.19736987478280077
73,78,9,21,0.031790974896410695,0.9999989659294455,0.987950817867053,0.012048148062392638,-0.06186981308018788,1.0201716961881109
73,203,44,22,0.0009987514465835273,0.9999989659294455,0.999817369529808,0.00018159639963756074,-0.40934633888909594,-0.7156272926511974
73,OF-02,72,23,0.03955927166900164,0.9999989659294455,0.9827988553891182,0.017200110540327447,0.08899002167276764,1.4580810178334989
73,20,2,24,0.03439194092721585,0.9999989659294455,0.9850334775226394,0.014965488406806251,0.023555786225183648,1.1667916443588988
73,25,3,25,0.034476356096169704,0.9999989659294455,0.9850183294871464,0.014980636442299229,0.02399935120475986,1.1715502407997032
73,118,19,26,0.001963434559932672,0.9999989659294455,0.9997590284876726,0.00023993744177286096,-0.40763799570656273,-0.6612468100130982
73,Stor-01,76,27,0.01798490845929897,0.9999989659294455,0.9538342058046424,0.04616476012480313,0.9371332813928658,0.24190519002188113
73,120,20,28,0.023404529400091703,0.9999989659294455,0.99504997098189,0.004948994947555556,-0.26974731032072646,0.5474165008321814
73,186,41,29,0.0010314678753332914,0.9999989659294455,0.9998163773332677,0.00018258859617778327,-0.4093172853766254,-0.7137830236254544
73,J304,62,30,0.06070479726494135,0.9999989659294455,0.8467283246481679,0.15327064128127776,4.073409137736537,2.6500826934420814
73,84,10,31,0.03110655718384044,0.9999989659294455,0.9879771738558535,0.012021792073592136,-0.06264156949965394,0.981590150579399
73,110,14,32,0.02337612101453814,0.9999989659294455,0.995069128103421,0.004929837826024598,-0.2703082694117292,0.5458150819869728
73,J303,61,33,0.06080918750143271,0.9999989659294455,0.8475863369035492,0.15241262902589633,4.048284811304187,2.6559673112658526
73,115,16,34,0.0019791615170548075,0.9999989659294455,0.9997543765550998,0.0002445893743459434,-0.4075017777542266,-0.6603602603193223
73,152,31,35,0.007307942346785284,0.9999989659294455,0.9984519018886165,0.0015470640408290339,-0.36936269700643465,-0.3599697285649689
73,J86,67,36,5.394872439588526e-05,0.9999989659294455,0.9999688070840057,3.0158845439839747e-05,-0.41378073539324467,-0.7688870909407926
73,154,32,37,0.007386273692953033,0.9999989659294455,0.9984416646822641,0.001557301247181454,-0.3690629309919746,-0.355554085384997
73,183,38,38,0.0011896109034159248,0.9999989659294455,0.9997830943826309,0.00021587154681462106,-0.40834269356725783,-0.7048682887514011
73,J116,65,39,0.0007767076105160137,0.9999989659294455,0.9994998825737822,0.000499083355663384,-0.40004968156144516,-0.7281442018881027
73,116,17,40,0.0019620907964257635,0.9999989659294455,0.9997557393380324,0.00024322659141317457,-0.40754168278244096,-0.661322559766614
73,127,24,41,0.002134027433906326,0.9999989659294455,0.9997413660404283,0.0002575998890172121,-0.40712080368817605,-0.6516302606064225
73,J110,66,42,0.00011515854091046755,0.9999989659294455,0.9999790247032472,1.994122619852027e-05,-0.4140799278576533,-0.7654366113810371
73,124,22,43,0.0018102884424008063,0.9999989659294455,0.999785741737524,0.00021322419192161047,-0.4084202134489345,-0.6698798623287137
73,136,25,44,0.0003841088373327098,0.9999989659294455,0.9999444246791434,5.454125030231793e-05,-0.41306676948526555,-0.7502755219800579
73,197,43,45,0.0009481833496992884,0.9999989659294455,0.9998304731960626,0.0001684927333829172,-0.40973004062106694,-0.7184778841839009
73,HartleyRd,75,46,0.014472414012045961,0.9999989659294455,0.956050292104271,0.043948673825174596,0.8722418124832819,0.04390116086237972
73,J288,59,47,0.0144454125882445,0.9999989659294455,0.9562592222374398,0.043739743692005804,0.8661239175064164,0.04237905434064164
73,8,0,48,0.03960247725661242,0.9999989659294455,0.9827894182303257,0.017209547699119854,0.08926636068378674,1.4605165748308429
73,16,1,49,0.03964190232943454,0.9999989659294455,0.9827263468083427,0.01727261912110288,0.09111321891281005,1.4627390191324394
73,62,8,50,0.03292456582239758,0.9999989659294455,0.9869558971040897,0.013043068825355945,-0.03273652988261795,1.0840737390623971
73,31,4,51,0.03420273748675315,0.9999989659294455,0.9856894044604313,0.014309561469014246,0.004348924787601941,1.1561259923258391
73,332,50,52,7.367185825827475e-05,0.9999989659294455,0.9999873218914644,1.1644037981023795e-05,-0.4143228862349254,-0.767775271397431
73,182,37,53,9.06640244115608e-05,0.9999989659294455,0.9999786929306136,2.027299883185791e-05,-0.41407021288693,-0.7668174001714337
73,138,27,54,0.00048206850104572216,0.9999989659294455,0.9999372566097972,6.170931964850634e-05,-0.4128568739820093,-0.7447534041798559
73,J136,57,55,2.620788485929073e-05,0.9999989659294455,0.999937732807263,6.123312218261765e-05,-0.4128708180026269,-0.7704508793205319
73,150,30,56,0.00016047113324977957,0.9999989659294455,0.9999767304691632,2.223546028236366e-05,-0.4140127480642726,-0.7628822796975059
73,J126,55,57,2.3624998390682616e-05,0.9999989659294455,0.999945274225946,5.369170349954445e-05,-0.4130916459262005,-0.7705964800995013
73,J122,64,58,5.94215048702456e-06,0.9999989659294455,0.9999973779906614,1.5879387841799542e-06,-0.4146173490672136,-0.7715932859833304
73,J211,58,59,5.1578664329456944e-05,0.9999989659294455,0.9999931944290854,5.771500360091725e-06,-0.41449484596073255,-0.769020694409652
73,338,52,60,2.6079754136159267e-06,0.9999989659294455,0.9999981706461725,7.952832731941386e-07,-0.4146405596165752,-0.771781237909909
73,J135,56,61,3.9170417944154694e-05,0.9999989659294455,0.9999336447340369,6.532119540848313e-05,-0.4127511109872996,-0.7697201639222702
73,208,45,62,0.0001867864552402431,0.9999989659294455,0.9999614593826233,3.750654682237157e-05,-0.4135655799022779,-0.7613988496562666
73,326,49,63,7.959507733789478e-05,0.9999989659294455,0.9999890711282445,9.894801201038521e-06,-0.4143741074099054,-0.7674413715832187
73,J85,68,64,1.8131044344318073e-06,0.9999989659294455,0.9999898159662461,9.149963199279003e-06,-0.414395917766317,-0.7718260458544921
73,367,54,65,6.43486942447588e-05,0.9999989659294455,0.9999823655392454,1.6600390200243177e-05,-0.41417775426240594,-0.7683008306735842
73,34,5,66,0.0339055091439318,0.9999989659294455,0.9866486882785231,0.01335027765092242,-0.023740836909678063,1.139370831472829
73,145,28,67,0.0005172003790006794,0.9999989659294455,0.9999295981854975,6.936774394795305e-05,-0.4126326198983993,-0.7427729730385451
73,211,46,68,8.183128864056547e-06,0.9999989659294455,0.9999976143303719,1.3515990735952283e-06,-0.41462426956980597,-0.7714669590226547
73,J63,69,69,1.3136326520409451e-05,0.9999989659294455,0.9999888769489989,1.008898044667836e-05,-0.41436842145061603,-0.7711877406187798
73,50,7,70,0.03306727971553299,0.9999989659294455,0.9909948663017184,0.00900409962772711,-0.151005680392971,1.09211871287864
73,47,6,71,0.03390158375791215,0.9999989659294455,0.9944250138157756,0.005573952113669958,-0.2514473061550348,1.1391495521912334
73,356,53,72,0.0002573487035701749,0.9999989659294455,0.9999053756284396,9.35903010059189e-05,-0.4119233346559874,-0.7574211609550626
73,167,34,73,8.095363438965281e-05,0.9999989659294455,0.9999709640937199,2.80018357256262e-05,-0.41384389698078355,-0.7673647878977123
74,OF-03,73,1,0.004330218157354753,0.9999992076017498,0.9994009423378011,0.0005982652639486859,-0.394156113506226,-0.5191179450168896
74,117,18,2,0.003172328489987514,0.9999992076017498,0.9992653448369214,0.0007338627648283551,-0.3901629509535912,-0.5845820415819236
74,J305,71,3,0.004935620219335914,0.9999992076017498,0.956379593290681,0.043619614311068776,0.8727642859430188,-0.48489007325746775
74,185,40,4,0.0008983127357597813,0.9999992076017498,0.9998527573682312,0.00014645023351860293,-0.40746145356431446,-0.7131490295434444
74,184,39,5,0.004769968869790362,0.9999992076017498,0.9991558228063802,0.0008433847953695237,-0.38693767564830656,-0.4942555734846486
74,J306,63,6,0.06058201775967264,0.9999992076017498,0.8578216703246597,0.14217753727709007,3.775161488695503,2.6612137782086367
74,148,29,7,0.009065401055304623,0.9999992076017498,0.9980199363648623,0.0019792712368873647,-0.3534873600238341,-0.25140291203855947
74,OF-04,74,8,0.04736452738202718,0.9999992076017498,0.9502167504892468,0.049782457112502815,1.054251650627562,1.913930949096768
74,176,35,9,0.0058460395338967245,0.9999992076017498,0.9987484459962932,0.001250761605456597,-0.374940980928283,-0.43341731242128506
74,179,36,10,0.004288360144896347,0.9999992076017498,0.9992248164959481,0.0007743911058016906,-0.3889694462617993,-0.5214844891245229
74,123,21,11,0.012371582603419714,0.9999992076017498,0.9973060862769098,0.002693121324840101,-0.3324654427988441,-0.0644799311819605
74,125,23,12,0.009507706708728213,0.9999992076017498,0.9978457838125916,0.002153423789158217,-0.34835880348214043,-0.2263960907299115
74,137,26,13,0.01019238405739663,0.9999992076017498,0.9977236159838252,0.002275591617924425,-0.3447611265647846,-0.18768619864577654
74,99,13,14,0.02662416512640119,0.9999992076017498,0.9927134190803579,0.007285788521391786,-0.1972176207740207,0.7413243391912834
74,163,33,15,0.007588896444692336,0.9999992076017498,0.9983892993643603,0.0016099082373894824,-0.3643645995625824,-0.33488067605351757
74,96,12,16,0.028493664873431072,0.9999992076017498,0.9919364216581325,0.008062785943617284,-0.17433610017226592,0.8470210350139045
74,94,11,17,0.029381206460095725,0.9999992076017498,0.9904774701388632,0.009521737462886398,-0.13137195603199187,0.8972003480973424
74,20,2,18,0.03439194087677419,0.9999992076017498,0.9850299752327139,0.014969232369035858,0.029049383032423153,1.1804943535279497
74,189,42,19,0.0015246037919224061,0.9999992076017498,0.9996874446531013,0.000311762948648415,-0.40259321824103556,-0.6777401479082276
74,203,44,20,0.000998751445134132,0.9999992076017498,0.9998170663278052,0.00018214127394449955,-0.4064104008150478,-0.7074704838627491
74,J297,60,21,0.06073068112710651,0.9999992076017498,0.8589307518119063,0.14106845578984342,3.7425005426311366,2.6696188217250043
74,114,15,22,0.0019921702682080622,0.9999992076017498,0.9997556291833236,0.00024357841842619947,-0.40460116020888914,-0.6513051448014686
74,78,9,23,0.03179097484977126,0.9999992076017498,0.987951113877537,0.01204809372421273,-0.056974189466256604,1.0334424400747055
74,OF-02,72,24,0.039559271610965174,0.9999992076017498,0.9828011047710636,0.01719810283068618,0.09468659614031097,1.4726419110199356
74,25,3,25,0.03447635604558496,0.9999992076017498,0.9850201846494339,0.014979022952315783,0.02933770243557014,1.1852669695364741
74,Stor-01,76,26,0.017984908432923365,0.9999992076017498,0.9538361648869015,0.04616304271484825,0.9476648039569363,0.25288303915110044
74,120,20,27,0.023404529365765637,0.9999992076017498,0.9950518699035221,0.004947337698227708,-0.26608182695524857,0.5592944340296595
74,110,14,28,0.023376120980279524,0.9999992076017498,0.995065885021008,0.004933322580741674,-0.2664945531629806,0.5576882971557136
74,118,19,29,0.0019634345570522507,0.9999992076017498,0.9997589876469282,0.00024021995482158382,-0.4047000624085118,-0.6529297878248806
74,115,16,30,0.0019791615142003326,0.9999992076017498,0.9997548926668179,0.00024431493493187766,-0.4045794707963941,-0.6520406262143817
74,J304,62,31,0.06070479717587207,0.9999992076017498,0.8467308381350825,0.1532683694666671,4.101771459304597,2.668155409855246
74,186,41,32,0.0010314678738210978,0.9999992076017498,0.9998157372254223,0.00018347037632739481,-0.40637126055191936,-0.705620781333063
74,84,10,33,0.031106557138215207,0.9999992076017498,0.9879710724756137,0.012028135126136057,-0.05756194311898496,0.9947472272035168
74,138,27,34,0.0004820685012815628,0.9999992076017498,0.9999359264503342,6.328115141548087e-05,-0.40991067026843286,-0.7366824054154983
74,J303,61,35,0.06080918741220992,0.9999992076017498,0.8475705554368351,0.15242865216491452,4.077042923288778,2.674057364682778
74,127,24,36,0.0021340274309051056,0.9999992076017498,0.9997417533971583,0.0002574542045913154,-0.4041925371196474,-0.6432849065534184
74,116,17,37,0.0019620907936298616,0.9999992076017498,0.9997534982751255,0.00024570932662435483,-0.4045384078516202,-0.6530057607443418
74,136,25,38,0.00038410883692942407,0.9999992076017498,0.9999434032128844,5.5804388865158135e-05,-0.41013085078825956,-0.742220792282019
74,124,22,39,0.0018102884398967394,0.9999992076017498,0.9997860592280765,0.0002131483736732203,-0.40549728376864724,-0.6615882744532519
74,152,31,40,0.007307942336062298,0.9999992076017498,0.9984521454780771,0.0015470621236727208,-0.36621533240237936,-0.35076509701006675
74,8,0,41,0.03960247719886,0.9999992076017498,0.9827616568620978,0.017237550739652066,0.09584828357437446,1.4750846435684757
74,J86,67,42,5.394872431797891e-05,0.9999992076017498,0.999969033477974,3.0174123775845963e-05,-0.41088562734464734,-0.7608871938425946
74,154,32,43,0.0073862736821286076,0.9999992076017498,0.9984420439346645,0.0015571636670852766,-0.36591785564493806,-0.3463364446544295
74,183,38,44,0.0011896109016812694,0.9999992076017498,0.9997821181100054,0.00021708949174443622,-0.4053812231849684,-0.6966797822562989
74,16,1,45,0.03964190227162699,0.9999992076017498,0.9827230373413014,0.017276170260448413,0.09698557610000533,1.4773136355384706
74,197,43,46,0.0009481833484150281,0.9999992076017498,0.9998310473140064,0.00016816028774337767,-0.40682212190271566,-0.7103294736784683
74,J116,65,47,0.0007767076093782292,0.9999992076017498,0.999500162781218,0.000499044820531736,-0.3970780210379878,-0.7200242698712607
74,HartleyRd,75,48,0.014472413990929661,0.9999992076017498,0.9560525968318517,0.04394661076989807,0.8823938883012515,0.054295659182804906
74,J110,66,49,0.00011515854076948153,0.9999992076017498,0.9999785334913586,2.067411039123791e-05,-0.411165389858343,-0.7574265486292902
74,J288,59,50,0.014445412567098713,0.9999992076017498,0.9562531094956055,0.04374609810614435,0.8764890622164334,0.05276906829346589
74,182,37,51,9.066402459247737e-05,0.9999992076017498,0.9999783176647149,2.088993703484032e-05,-0.41115903405631493,-0.7588114054230908
74,31,4,52,0.034202737436665326,0.9999992076017498,0.9856918447923145,0.014307362809435276,0.009558221890218158,1.1697972788214397
74,62,8,53,0.032924565774145806,0.9999992076017498,0.986946290563775,0.013052917037974563,-0.027383505253803408,1.0975327483570447
74,J136,57,54,2.6207885362811807e-05,0.9999992076017498,0.9999382407281991,6.09668735505759e-05,-0.40997882261376795,-0.7624555893567245
74,332,50,55,7.367185818869325e-05,0.9999992076017498,0.9999870397505308,1.216785121891976e-05,-0.41141588765785664,-0.7597720987029918
74,150,30,56,0.00016047113353311602,0.9999992076017498,0.9999771582599881,2.2049341761742643e-05,-0.4111248911590729,-0.7548646914576691
74,J126,55,57,2.362499838833764e-05,0.9999992076017498,0.9999453447386731,5.386286307662728e-05,-0.410188026090337,-0.7626016191271585
74,J122,64,58,5.942150479196848e-06,0.9999992076017498,0.9999975471671064,1.6604346434630676e-06,-0.41172531682964714,-0.7636013617586831
74,338,52,59,2.6079786858859456e-06,0.9999992076017498,0.9999984107595169,7.968422328967032e-07,-0.4117507484552467,-0.7637898672358396
74,J211,58,60,5.1578664576212224e-05,0.9999992076017498,0.9999920838854387,7.123716311053919e-06,-0.41156443059186254,-0.7610211909099946
74,J85,68,61,1.8131095860814614e-06,0.9999992076017498,0.999990265038988,8.942562761773903e-06,-0.4115108680299503,-0.7638348070854407
74,326,49,62,7.959508199295584e-05,0.9999992076017498,0.9999856028906692,1.3604711080537316e-05,-0.4113735740830815,-0.7594372149001333
74,J135,56,63,3.917041893239971e-05,0.9999992076017498,0.9999329382701149,6.626933163491167e-05,-0.4098226724124595,-0.7617227211282201
74,208,45,64,0.00018678645652203492,0.9999992076017498,0.9999612305724898,3.7977029259901074e-05,-0.41065584235761926,-0.7533768909410589
74,367,54,65,6.434869779655482e-05,0.9999992076017498,0.9999846221534331,1.4585448316632505e-05,-0.4113446927011995,-0.7602992061549393
74,34,5,66,0.03390550909433355,0.9999992076017498,0.9866327128651513,0.013366494736598417,-0.018149067189953287,1.152992754649016
74,145,28,67,0.0005172003980040412,0.9999992076017498,0.9999299386514849,6.926895026487578e-05,-0.4097343377108046,-0.7346961385505538
74,211,46,68,8.18312909390304e-06,0.9999992076017498,0.9999987210215125,4.865802371497215e-07,-0.4117598852503564,-0.763474662605415
74,J63,69,69,1.313634069202273e-05,0.9999992076017498,0.9999920720157474,7.135586002379549e-06,-0.41156408104554637,-0.7631946207918425
74,50,7,70,0.0330672796788231,0.9999992076017498,0.9904225709485486,0.009576636653201158,-0.12975524931164156,1.1056014245878383
74,356,53,71,0.0002573489846364513,0.9999992076017498,0.9999674578716109,3.1749730138854735e-05,-0.41083922787352406,-0.7493874675231452
74,47,6,72,0.03390158372367365,0.9999992076017498,0.9940797812543387,0.005919426347411119,-0.23745513423172118,1.1527708243121493
74,337,51,73,0.00025789486327584246,0.9999992076017498,0.9999794698009558,1.9737800794019164e-05,-0.4111929629064968,-0.749356604952238
74,167,34,74,8.095370496641792e-05,0.9999992076017498,0.9999716463592305,2.7561242519154284e-05,-0.4109625731550127,-0.7593604018599647
75,185,40,1,0.0008983127345859593,0.9999992796586618,0.99985282887595,0.0001464507827116579,-0.4080360101470791,-0.7049606226681416
75,OF-03,73,2,0.004330218151694834,0.9999992796586618,0.9994010142081184,0.0005982654505431098,-0.394651015186749,-0.5103784025142035
75,J305,71,3,0.004935620212884807,0.9999992796586618,0.9563797170307495,0.04361956262791224,0.8798535259556942,-0.47605330819055125
75,117,18,4,0.0031723284858410365,0.9999992796586618,0.9992654048238451,0.0007338748348166539,-0.39063359155199445,-0.5760284465835811
75,176,35,5,0.005846039526258337,0.9999992796586618,0.9987485002087358,0.0012507794499258785,-0.37532030900316543,-0.42443434154184845
75,148,29,6,0.009065401043456718,0.9999992796586618,0.9980199979525197,0.0019792817061419807,-0.353738453162046,-0.2419029383243516
75,184,39,7,0.0047699688635556405,0.9999992796586618,0.9991558930660568,0.0008433865926049059,-0.38738930926003606,-0.48544541065447017
75,J306,63,8,0.06058201768048731,0.9999992796586618,0.8578214855792142,0.1421777940794475,3.7996379535165383,2.6789868945013375
75,182,37,9,9.066402482856019e-05,0.9999992796586618,0.9999782931283424,2.0986530319188193e-05,-0.4117528845771082,-0.7507527002311208
75,163,33,10,0.00758889643477957,0.9999992796586618,0.9983892765462863,0.001610003112375412,-0.36467831959056846,-0.3256178167681612
75,96,12,11,0.028493664836194053,0.9999992796586618,0.9919358592650711,0.00806342039359054,-0.17349604080232162,0.8596410272176541
75,179,36,12,0.004288360139292313,0.9999992796586618,0.9992248846809786,0.000774394977683069,-0.3894331836266343,-0.5127516686723878
75,123,21,13,0.01237158258725158,0.9999992796586618,0.9973061549620389,0.002693124696622798,-0.3325908775954708,-0.05444901205457358
75,OF-04,74,14,0.047364527320118005,0.9999992796586618,0.9502167170372838,0.04978256262137782,1.0624322019623453,1.929581445749035
75,125,23,15,0.009507706696303663,0.9999992796586618,0.9978458359447581,0.002153443713903621,-0.34857890930004776,-0.2168250863857341
75,137,26,16,0.010192384044075973,0.9999992796586618,0.9977237004560683,0.0022755792025934848,-0.34496064938733256,-0.1780052407820406
75,20,2,17,0.03439194083182633,0.9999992796586618,0.9850300936433365,0.014969186015325141,0.03108704298242326,1.194061560076529
75,189,42,18,0.0015246037899355395,0.9999992796586618,0.9996875210992231,0.00031175855943872747,-0.4031387725938693,-0.6694511638686806
75,94,11,19,0.0293812064216951,0.9999992796586618,0.9904776836747101,0.009521595983951647,-0.1302976359742145,0.9099628721393672
75,HartleyRd,75,20,0.014472413972191202,0.9999992796586618,0.9560362185750627,0.04396306108359902,0.8900296566251924,0.06466395446622143
75,J288,59,21,0.01444541254850723,0.9999992796586618,0.9562230643289359,0.04377621532972572,0.8844943571937756,0.06313302737786056
75,203,44,22,0.000998751443836138,0.9999992796586618,0.9998171380766993,0.0001821415819625141,-0.4069786713705499,-0.6992659473609883
75,99,13,23,0.026624165091601763,0.9999992796586618,0.9927132002070971,0.007286079451564633,-0.19652474113516802,0.7536441051968723
75,78,9,24,0.031790974808229074,0.9999992796586618,0.9879513964141077,0.012047883244554075,-0.05545645736926488,1.0465919529907755
75,114,15,25,0.0019921702656115568,0.9999992796586618,0.9997556701286407,0.0002436095300208728,-0.40515768539209135,-0.642941073452717
75,152,31,26,0.0073079423266231725,0.9999992796586618,0.9984516582921765,0.0015476213664851902,-0.3665263768003195,-0.3415473566249139
75,J297,60,27,0.060730681047728864,0.9999992796586618,0.8589306680270392,0.14106861163162251,3.766778459278599,2.6874158121251197
75,25,3,28,0.034476356000536224,0.9999992796586618,0.985018801670933,0.014980477987728627,0.03142156730063161,1.1988477324635516
75,OF-02,72,29,0.03955927155926273,0.9999992796586618,0.9828012359434236,0.01719804371523804,0.09711688044612489,1.487038948148393
75,186,41,30,0.0010314678725097063,0.9999992796586618,0.9998158265913516,0.000183453067310272,-0.40693981865942713,-0.6974109908417687
75,154,32,31,0.007386273672592936,0.9999992796586618,0.9984420656441959,0.001557214014465841,-0.3662421949133226,-0.33710612490260067
75,Stor-01,76,32,0.01798490840942919,0.9999992796586618,0.9538362111075684,0.0461630685510933,0.9552048068841139,0.2638154119827566
75,120,20,33,0.023404529335189002,0.9999992796586618,0.9950520178958115,0.004947261762850326,-0.26581213972013423,0.5710971531606577
75,J304,62,34,0.060704797096556934,0.9999992796586618,0.8467171713725947,0.15328210828606703,4.128602903696002,2.68594824350849
75,J303,61,35,0.06080918733277041,0.9999992796586618,0.8475595960929538,0.1524396835657077,4.103646098529434,2.691866962545311
75,110,14,36,0.023376120949725798,0.9999992796586618,0.9950659674484295,0.004933312210232233,-0.2662253947664748,0.5694864541341456
75,J116,65,37,0.0007767076084866557,0.9999992796586618,0.9995003935913416,0.0004988860673201796,-0.3975951262090496,-0.7118553917665382
75,183,38,38,0.0011896109002294444,0.9999992796586618,0.9997821575719137,0.0002171220867480455,-0.405942375044644,-0.6884445952988825
75,118,19,39,0.001963434554485908,0.9999992796586618,0.9997590568639433,0.00024022279471848268,-0.4052580173161789,-0.6445703311941036
75,16,1,40,0.03964190221990591,0.9999992796586618,0.9827178653527373,0.017281414305924492,0.09958673150592762,1.4917239424727067
75,115,16,41,0.001979161511614017,0.9999992796586618,0.9997550094116708,0.0002442702469908362,-0.405138111673169,-0.6436786439643223
75,84,10,42,0.0311065570975565,0.9999992796586618,0.9879716737144197,0.012027605944241794,-0.05605717173693174,1.0077868282949045
75,138,27,43,0.00048206850065968536,0.9999992796586618,0.9999359993897138,6.328026894780366e-05,-0.4104999339345037,-0.7285608439212904
75,31,4,44,0.03420273739231601,0.9999992796586618,0.9856787562886847,0.014320523369976827,0.011870433037877347,1.1833341008822442
75,J86,67,45,5.394872431718458e-05,0.9999992796586618,0.9999691292102282,3.0150448433509484e-05,-0.41148140379857173,-0.7528343848403491
75,8,0,46,0.03960247714714144,0.9999992796586618,0.9827611422824134,0.017238137376248422,0.09830465386025707,1.4894886191593084
75,136,25,47,0.0003841088364390375,0.9999992796586618,0.9999434702470081,5.5809411653607497e-05,-0.410721257840857,-0.7341149622995428
75,116,17,48,0.0019620907910726576,0.9999992796586618,0.9997535695717273,0.0002457100869343106,-0.4050954564612884,-0.6446465199104383
75,127,24,49,0.002134027428116818,0.9999992796586618,0.999741865350178,0.00025741430848376596,-0.40474871927542866,-0.634898054117917
75,62,8,50,0.032924565731446566,0.9999992796586618,0.9869365807219934,0.013062698936668261,-0.02539257522527148,1.1108643066187
75,124,22,51,0.001810288437532319,0.9999992796586618,0.9997861351976592,0.0002131444610025119,-0.4060602120790492,-0.6532534118222078
75,197,43,52,0.000948183347175843,0.9999992796586618,0.9998311235089454,0.00016815614971616593,-0.4073929893497202,-0.7021330579952342
75,J110,66,53,0.00011515854064103502,0.9999992796586618,0.9999785749584877,2.0704700173957117e-05,-0.41176123378606966,-0.749363909839455
75,332,50,54,7.367185833806917e-05,0.9999992796586618,0.9999871291230357,1.2150535626045154e-05,-0.41201465063487,-0.7517161223185892
75,J136,57,55,2.620788552200876e-05,0.9999992796586618,0.9999385090903484,6.077056831321413e-05,-0.41057428373484806,-0.7544072352967715
75,150,30,56,0.0001604711334573313,0.9999992796586618,0.9999772874476922,2.1992210969397322e-05,-0.41172309132028595,-0.7467947758338465
75,J122,64,57,5.942151673622132e-06,0.9999992796586618,0.999997654123299,1.6255353627320841e-06,-0.412326453428166,-0.7555562621509526
75,34,5,58,0.03390550906377904,0.9999992796586618,0.9862933648145389,0.013705914844122848,-0.006337324715131942,1.1664818450563568
75,338,52,59,2.6079797589864917e-06,0.9999992796586618,0.9999984842671976,7.953914640864331e-07,-0.4123510464143854,-0.7557453030756501
75,J126,55,60,2.3624998547579342e-05,0.9999992796586618,0.999945612792296,5.366686636570201e-05,-0.41078473067589916,-0.7545536798576807
75,326,49,61,7.959508359019257e-05,0.9999992796586618,0.9999856768111184,1.3602847543197565e-05,-0.4119716259411716,-0.7513802872124455
75,J211,58,62,5.157866513122945e-05,0.9999992796586618,0.9999920773601012,7.202298560464726e-06,-0.4121612419983227,-0.7529687624884044
75,J85,68,63,1.8131095843043323e-06,0.9999992796586618,0.9999901288655898,9.150793071873844e-06,-0.41210351791127475,-0.755790370635657
75,J135,56,64,3.917041972162114e-05,0.9999992796586618,0.999933678936441,6.560072222067337e-05,-0.4104311905811458,-0.7536722853558995
75,208,45,65,0.00018678645662579304,0.9999992796586618,0.9999612355355776,3.80441230841328e-05,-0.4112475539416731,-0.7453027492818731
75,367,54,66,6.434870220417102e-05,0.9999992796586618,0.9999849052978271,1.4374360834675927e-05,-0.4119487698847982,-0.7522447267522464
75,145,28,67,0.0005172004009727504,0.9999992796586618,0.99993012771009,6.915194857159721e-05,-0.41032598561505146,-0.7265689349581053
75,50,7,68,0.033067279795536225,0.9999992796586618,0.9877650073117115,0.012234272346950324,-0.04993468622312556,1.1189559105712215
75,J63,69,69,1.313649576488397e-05,0.9999992796586618,0.9999854264623943,1.3853196267326557e-05,-0.41196420936829475,-0.755148357131528
75,211,46,70,8.18312978402408e-06,0.9999992796586618,0.9999988077654615,4.718932003160919e-07,-0.41236063004001455,-0.7554292031434797
75,47,6,71,0.03390158394541799,0.9999992796586618,0.9879285066930399,0.01207077296562171,-0.054778350120989486,1.1662592986419795
75,J62,70,72,9.147600918703851e-07,0.9999992796586618,0.9999962332752964,3.0463833653247993e-06,-0.4122843608519214,-0.7558413052674334
75,356,53,73,0.00025734902122194676,0.9999992796586618,0.9999665669552943,3.271270336731962e-05,-0.4114054970788082,-0.7413019920318549
75,337,51,74,0.00025789490023533674,0.9999992796586618,0.9999790828110988,2.019684756280091e-05,-0.4117762789032934,-0.7412710417761073
75,167,34,75,8.095371483046592e-05,0.9999992796586618,0.9999717069000147,2.7572758647092954e-05,-0.4115577677753458,-0.7513032555198514
76,189,42,1,0.0015246037886373642,0.9999999368901543,0.999687998836929,0.00031193805322529184,-0.4008538581078568,-0.6614343867099665
76,117,18,2,0.0031723284831321336,0.9999999368901543,0.9992660300126899,0.0007339068774643954,-0.3882840898091198,-0.5677411041090018
76,J305,71,3,0.004935620208670074,0.9999999368901543,0.9563803587937667,0.04361957809638769,0.8892106434326534,-0.4674764236676943
76,185,40,4,0.0008983127338188559,0.9999999368901543,0.9998534861748039,0.00014645071535044943,-0.4057834580545175,-0.6970466858917538
76,184,39,5,0.004769968859482768,0.9999999368901543,0.9991564647990602,0.0008434720910942703,-0.3850203194312666,-0.476895726980009
76,31,4,6,0.034202737363149716,0.9999999368901543,0.985676012838522,0.014323924051632271,0.01654052576094249,1.1967168045044463
76,25,3,7,0.03447635597110522,0.9999999368901543,0.9850181611232839,0.014981775766870443,0.03613686359557113,1.2122753657408658
76,OF-03,73,8,0.0043302181479970715,0.9999999368901543,0.9994016714927023,0.0005982653974520326,-0.39232462995690826,-0.5019009282875236
76,OF-04,74,9,0.04736452727967291,0.9999999368901543,0.9502165453524916,0.04978339153766282,1.0728206694415112,1.9451253865348657
76,176,35,10,0.005846039521266382,0.9999999368901543,0.9987491385256122,0.0012507983645421675,-0.3728867290209787,-0.4157079612385887
76,20,2,11,0.03439194080246009,0.9999999368901543,0.9850308190912173,0.014969117798937014,0.03575980321831946,1.2074753319256892
76,123,21,12,0.012371582576688248,0.9999999368901543,0.9973068907099504,0.002693046180204008,-0.32992450093477194,-0.044651102250459505
76,183,38,13,0.0011896108992406004,0.9999999368901543,0.9997829209321838,0.00021701595797052824,-0.4036814336898551,-0.6804828257850322
76,J288,59,14,0.014445412536176046,0.9999999368901543,0.9562236652858466,0.04377627160430775,0.8938782894181668,0.0732714712897857
76,125,23,15,0.00950770668818628,0.9999999368901543,0.9978465758937477,0.0021533609964065675,-0.34600084905557815,-0.20749744050830718
76,211,46,16,8.183155276194617e-06,0.9999999368901543,0.9999984996407121,1.437249442267764e-06,-0.4101031744931655,-0.7476614290175448
76,99,13,17,0.02662416506887076,0.9999999368901543,0.9927132234779227,0.007286713412231628,-0.19308658914778856,0.7657823662138064
76,179,36,18,0.0042883601356315405,0.9999999368901543,0.9992256323263324,0.0007743045638219856,-0.3870807081179828,-0.5042810677578985
76,148,29,19,0.009065401035715489,0.9999999368901543,0.9980207196711136,0.001979217219040704,-0.35118831032384334,-0.2326479214299133
76,OF-02,72,20,0.03955927152549122,0.9999999368901543,0.9828004705843552,0.01719946630579914,0.10219827531929437,1.5013012236800478
76,182,37,21,9.066402475177451e-05,0.9999999368901543,0.9999789465362182,2.0990353936188003e-05,-0.4095207191578626,-0.7429713837455595
76,96,12,22,0.028493664811863106,0.9999999368901543,0.9919364376938243,0.008063499196330086,-0.16994739790190241,0.8720862702141774
76,94,11,23,0.029381206396608704,0.9999999368901543,0.9904780217549539,0.009521915135200502,-0.12650354759414015,0.9225538542696408
76,136,25,24,0.00038410883617074785,0.9999999368901543,0.9999441990147939,5.573787536030612e-05,-0.40848564673504995,-0.7262854605838052
76,J306,63,25,0.06058201762875361,0.9999999368901543,0.8578223437823249,0.1421775931078295,3.8250943900842374,2.6967012187655413
76,163,33,26,0.007588896428299624,0.9999999368901543,0.9983898468231205,0.0016100900670337648,-0.36218401073338535,-0.31660524992444006
76,116,17,27,0.0019620907894582974,0.9999999368901543,0.9997544503995623,0.0002454864905918673,-0.40283334260389114,-0.6365579050142591
76,110,14,28,0.023376120929786394,0.9999999368901543,0.9950665421667076,0.004933394723446606,-0.2631881439355273,0.5810913687186511
76,145,28,29,0.0005172004113670037,0.9999999368901543,0.9999329028652968,6.703402485750903e-05,-0.40814915272484964,-0.7187175782741371
76,115,16,30,0.001979161509957274,0.9999999368901543,0.9997553863163663,0.0002445505737879719,-0.40286122205065616,-0.6355872259649881
76,J304,62,31,0.060704797044732584,0.9999999368901543,0.8467090462869399,0.15329089060321444,4.156141535104525,2.703682728818364
76,137,26,32,0.010192384035373425,0.9999999368901543,0.9977243826383376,0.00227555425181682,-0.34236090975213584,-0.16856516717720085
76,120,20,33,0.023404529315215764,0.9999999368901543,0.9950518320865319,0.004948104803622409,-0.2627499544560104,0.5827067325553187
76,8,0,34,0.0396024771133769,0.9999999368901543,0.9827600111073926,0.01723992578276165,0.10340349765254113,1.5037579892849082
76,78,9,35,0.03179097478108395,0.9999999368901543,0.9879520639670586,0.012047872923095643,-0.05125935346798609,1.0595786321368792
76,118,19,36,0.001963434552833963,0.9999999368901543,0.9997597309058007,0.00024020598435363935,-0.4029906403379933,-0.6364814956467685
76,84,10,37,0.031106557071026615,0.9999999368901543,0.9879723957924681,0.01202754109768624,-0.051865005638966725,1.0206611223491358
76,203,44,38,0.0009987514429849942,0.9999999368901543,0.9998177240562159,0.00018221283393840437,-0.4047181624243649,-0.6913355180046544
76,J297,60,39,0.060730680995872956,0.9999999368901543,0.8589311075420855,0.14106882934806902,3.7920661122645276,2.7051545477193777
76,J303,61,40,0.06080918728086195,0.9999999368901543,0.8475483734829634,0.1524515634071909,4.131139336423453,2.709618589297441
76,152,31,41,0.007307942320385621,0.9999999368901543,0.9984521570761913,0.0015477798139629556,-0.3640401323204435,-0.3325809239667351
76,186,41,42,0.001031467871636605,0.9999999368901543,0.9998166983148601,0.0001832385752942741,-0.40468760724958164,-0.6894751892703755
76,HartleyRd,75,43,0.014472413959832581,0.9999999368901543,0.9560369959798077,0.043962940910346596,0.8994388659124739,0.07480683215785588
76,16,1,44,0.039641902186083156,0.9999999368901543,0.9827161809947542,0.017283755895400155,0.1047091257670517,1.5059997864073111
76,114,15,45,0.001992170263910863,0.9999999368901543,0.9997563123481231,0.00024362454203108797,-0.40288880703787006,-0.6348475193474127
76,Stor-01,76,46,0.01798490839408027,0.9999999368901543,0.9538349604189075,0.04616497647124694,0.9650339411790121,0.27453506027863017
76,367,54,47,6.434870639295807e-05,0.9999999368901543,0.999983891575013,1.604531514132251e-05,-0.409668023859796,-0.7444677311438624
76,154,32,48,0.007386273666291962,0.9999999368901543,0.9984427036083029,0.0015572332818513976,-0.3637585288129058,-0.3281268298131198
76,208,45,49,0.0001867864596280401,0.9999999368901543,0.9999623670403675,3.756984978688482e-05,-0.4090268428111232,-0.7375056487928425
76,62,8,50,0.03292456570339126,0.9999999368901543,0.986936506704188,0.013063430185966396,-0.021007546331751864,1.1240371275351009
76,J116,65,51,0.0007767076078381907,0.9999999368901543,0.99950101044399,0.00049892644616436,-0.3952837765312486,-0.7039614232094014
76,197,43,52,0.0009481833464597009,0.9999999368901543,0.9998314935424495,0.00016844334770471203,-0.40512833313273955,-0.6942109321889336
76,34,5,53,0.033905509035511254,0.9999999368901543,0.9862608876183871,0.013739049271767188,-0.0008819472853437613,1.179815742214437
76,127,24,54,0.0021340274263421115,0.9999999368901543,0.9997424138387327,0.00025752305142160597,-0.4024747929384833,-0.6267812062958157
76,150,30,55,0.00016047113356432036,0.9999999368901543,0.9999777363265191,2.2200563635240085e-05,-0.40948466896970614,-0.7390019966292636
76,J136,57,56,2.6207885661759004e-05,0.9999999368901543,0.9999389144300765,6.102246007772254e-05,-0.408328227509654,-0.7466365028490755
76,124,22,57,0.0018102884360272195,0.9999999368901543,0.999786780338527,0.00021315655162727697,-0.40379639915819937,-0.6451897236955167
76,J86,67,58,5.394872428202286e-05,0.9999999368901543,0.9999698016979415,3.0135192212824692e-05,-0.4092483092269299,-0.7450590972053291
76,138,27,59,0.00048206850025140247,0.9999999368901543,0.9999366566052564,6.328028489787801e-05,-0.40826097056265165,-0.7207152567015246
76,J110,66,60,0.00011515854062082821,0.9999999368901543,0.9999794061722038,2.0530717950451028e-05,-0.4095344109699364,-0.7415785712173738
76,47,6,61,0.033901583944237326,0.9999999368901543,0.9862351995288017,0.013764737361352612,-0.00011674067391170778,1.1795925528144169
76,326,49,62,7.959508446273357e-05,0.9999999368901543,0.9999867630760371,1.3173814117195784e-05,-0.4097535612276524,-0.7436007882535208
76,332,50,63,7.367185828112619e-05,0.9999999368901543,0.9999877961674865,1.2140722667823844e-05,-0.4097843353498246,-0.7439375960384603
76,338,52,64,2.6079803421461398e-06,0.9999999368901543,0.999999138855103,7.98035051243515e-07,-0.4101222156552772,-0.7479784458361862
76,50,7,65,0.033067279787108106,0.9999999368901543,0.9871304761669555,0.012869460723198728,-0.02678558267938149,1.1321521670325942
76,J85,68,66,1.813111354969957e-06,0.9999999368901543,0.9999906304984205,9.306391733717847e-06,-0.4098687654808607,-0.7480236438506938
76,J211,58,67,5.1578665980999264e-05,0.9999999368901543,0.999993155975547,6.780914607264303e-06,-0.4099439953568605,-0.7451938639797305
76,J63,69,68,1.3136516507630209e-05,0.9999999368901543,0.9999839298797163,1.6007010437954308e-05,-0.40966916489491145,-0.747379769905903
76,J122,64,69,5.942151697798828e-06,0.9999999368901543,0.9999983085377575,1.6283523969167707e-06,-0.4100974818454552,-0.7477888574540318
76,J135,56,70,3.917042180648975e-05,0.9999999368901543,0.9999349811050516,6.495578510259885e-05,-0.40821106012342473,-0.745899424278674
76,J126,55,71,2.3624998677190545e-05,0.9999999368901543,0.9999463414569418,5.3595433212331795e-05,-0.40854946661900005,-0.7467833715347121
76,J62,70,72,9.14804654955681e-07,0.9999999368901543,0.9999962785910501,3.658299104181633e-06,-0.410037013018605,-0.7480747235630923
76,296,47,73,2.5615987997820354e-05,0.9999999368901543,0.9999962680587565,3.668831397907684e-06,-0.41003669927862185,-0.7466701594637294
76,356,53,74,0.00025734913383145344,0.9999999368901543,0.9999432194659675,5.6717424186783185e-05,-0.40845646756095266,-0.7334932985517439
76,337,51,75,0.00025789504093973837,0.9999999368901543,0.9999774397876925,2.249710246182553e-05,-0.4094758355580235,-0.7334622570621424
76,167,34,76,8.095373462034556e-05,0.9999999368901543,0.9999724871630112,2.74497271431927e-05,-0.4093283048848093,-0.7435235323905734
77,47,6,1,0.03390158393646807,1.0,0.9862351672372264,0.01376483276277353,0.005219072830873087,1.1927730209975111
77,338,52,2,2.6079803881993804e-06,1.0,0.9999992013505127,7.986494872231415e-07,-0.4070240943252559,-0.740509954664433
77,20,2,3,0.03439194079456579,1.0,0.9850306932501081,0.014969306749891895,0.0412939740640474,1.2207384252323663
77,94,11,4,0.029381206389864627,1.0,0.9904780757521533,0.009521924247846782,-0.12185922628920165,0.9349726388934745
77,203,44,5,0.000998751442756523,1.0,0.9998175043276365,0.00018249567236359226,-0.4015821319211457,-0.6836991766748924
77,332,50,6,7.367185830753933e-05,1.0,0.9999873080152711,1.2691984728755065e-05,-0.40666787999538245,-0.7364571306043795
77,J122,64,7,5.942151787282009e-06,1.0,0.9999982501287183,1.7498712816577112e-06,-0.4069956045175456,-0.7403198044719276
77,78,9,8,0.03179097477378724,1.0,0.9879521396568138,0.012047860343186171,-0.0462055416640279,1.0724034627024877
77,84,10,9,0.03110655706388716,1.0,0.9879711525824126,0.012028847417587321,-0.046774993076401816,1.0333706285394235
77,123,21,10,0.012371582573848504,1.0,0.9973068449146159,0.0026931550853841585,-0.3263859954138359,-0.035098439021196706
77,124,22,11,0.0018102884356198433,1.0,0.9997868666396402,0.00021313336035964033,-0.40066451013745363,-0.6374166383924593
77,138,27,12,0.0004820685001501023,1.0,0.9999367274752169,6.327252478315239e-05,-0.4051529548028937,-0.7131659764404694
77,145,28,13,0.0005172004112486229,1.0,0.9999328652754632,6.713472453671463e-05,-0.40503727901732867,-0.7111623782870256
77,150,30,14,0.0001604711335324459,1.0,0.9999778014135406,2.2198586459353367e-05,-0.4063831501281025,-0.7315069055206034
77,167,34,15,8.095382637998435e-05,1.0,0.999985919290838,1.4080709161995072e-05,-0.4066262866547998,-0.736041834728716
77,182,37,16,9.066402473100781e-05,1.0,0.999979009743807,2.0990256192925138e-05,-0.4064193405277995,-0.7354880551341154
77,185,40,17,0.0008983127336126591,1.0,0.9998535493176554,0.0001464506823445112,-0.4026617064647189,-0.6894272684832372
77,186,41,18,0.0010314678714009535,1.0,0.9998164539610047,0.00018354603899516843,-0.4015506726510428,-0.6818333352227883
77,296,47,19,2.5615988454799386e-05,1.0,0.9999952633946078,4.7366053923870845e-06,-0.4069061495860098,-0.7391977914192459
77,325,48,20,8.066452184069956e-05,1.0,0.9999860452192926,1.3954780707347385e-05,-0.4066300583066681,-0.7360583339746314
77,356,53,21,0.00025734915481970245,1.0,0.9999517829838191,4.82170161808145e-05,-0.4056038786017081,-0.7259818823012256
77,J126,55,22,2.3624998889331912e-05,1.0,0.9999463990726218,5.360092737810894e-05,-0.40544262641463913,-0.7393113389858929
77,J297,60,23,0.06073068098193384,1.0,0.8589312599345931,0.14106874006540696,3.818066782001341,2.72285571840945
77,J304,62,24,0.06070479703079879,1.0,0.8467092908037426,0.1532907091962574,4.184123943870961,2.7213795380629673
77,J110,66,25,0.00011515854060416478,1.0,0.9999792383379258,2.0761662074142428e-05,-0.4064261870934752,-0.7340911152797668
77,J63,69,26,1.3136516560755034e-05,1.0,0.9999835949238368,1.640507616322494e-05,-0.40655667011604857,-0.7399095046754005
77,J62,70,27,9.148050237999203e-07,1.0,0.9999960203379705,3.979662029479019e-06,-0.4069288206086703,-0.7406065176730336
77,96,12,28,0.02849366480532273,1.0,0.9919364939194688,0.008063506080531213,-0.16553994659138777,0.884355504092412
77,110,14,29,0.023376120924420984,1.0,0.9950666056277492,0.004933394372250736,-0.25928914494076155,0.5924982965186875
77,176,35,30,0.005846039519924491,1.0,0.9987492009498269,0.001250799050173183,-0.36958564278670647,-0.4072548519301148
77,114,15,31,0.001992170263454801,1.0,0.9997560608231573,0.00024393917684277887,-0.39974185277920277,-0.6270437869590952
77,116,17,32,0.001962090789008245,1.0,0.9997543448682523,0.0002456551317476594,-0.39969045864003816,-0.6287592410170505
77,189,42,33,0.001524603788287407,1.0,0.9996880591090245,0.0003119408909754773,-0.39770515032878895,-0.6537094392667798
77,211,46,34,8.183155274350216e-06,1.0,0.9999985576083102,1.4423916898708021e-06,-0.40700481376243053,-0.7401919984315456
77,50,7,35,0.033067279779568255,1.0,0.9871140883774044,0.01288591162259571,-0.021105275941092485,1.1451920549781198
77,J303,61,36,0.06080918726690488,1.0,0.8475422317639442,0.1524577682360558,4.159176736049374,2.727332988295526
77,125,23,37,0.00950770668600391,1.0,0.9978465303855117,0.0021534696144882882,-0.34254998091104566,-0.19842734032936948
77,J306,63,38,0.06058201761484774,1.0,0.8578209150300218,0.14217908496997816,3.85132244646197,2.7143773396801185
77,127,24,39,0.0021340274258566144,1.0,0.9997424923747177,0.00025750762528218337,-0.3993354675499875,-0.6189535709772773
77,J86,67,40,5.394872427832314e-05,1.0,0.9999698606601924,3.0139339807524974e-05,-0.406145318596815,-0.7375819551210487
77,136,25,41,0.0003841088360826825,1.0,0.9999442152533808,5.578474661906727e-05,-0.40537721938694804,-0.7187526865254134
77,OF-04,74,42,0.04736452726880088,1.0,0.9502163618414343,0.04978363815856575,1.0840093672554205,1.9605743604958619
77,HartleyRd,75,43,0.014472413956511738,1.0,0.9560341902728997,0.0439658097271002,0.9097610328776953,0.08471348544818338
77,Stor-01,76,44,0.017984908389953244,1.0,0.9538350555615072,0.04616494443849289,0.975626770419888,0.28503356883589087
77,117,18,45,0.0031723284824039574,1.0,0.9992660930264281,0.000733906973571907,-0.3850669489925905,-0.5597385150760159
77,326,49,46,7.959508446103237e-05,1.0,0.9999864649115262,1.3535088473817484e-05,-0.4066426284045157,-0.7361193247574305
77,34,5,47,0.03390550902773231,1.0,0.9862611415878789,0.013738858412121059,0.004441121505726185,1.1929968717748594
77,337,51,48,0.00025789506228003606,1.0,0.9999517995812293,4.820041877073016e-05,-0.4056043757066153,-0.7259507488061986
77,16,1,49,0.039641902176984926,1.0,0.9827163325119109,0.017283667488089082,0.11061081771639204,1.5201474981395728
77,120,20,50,0.02340452930984389,1.0,0.9950512634215577,0.004948736578442295,-0.2588296343336594,0.5941184471679373
77,J135,56,51,3.917042195680844e-05,1.0,0.9999337234156233,6.627658437684067e-05,-0.40506298096012094,-0.7384247723295799
77,J136,57,52,2.6207885661819604e-05,1.0,0.9999387627040394,6.123729596071955e-05,-0.40521391143586494,-0.7391640350958938
77,62,8,53,0.03292456569583585,1.0,0.9869366945646796,0.013063305435320336,-0.015792197915449536,1.1370529681566028
77,148,29,54,0.009065401033634662,1.0,0.9980206410590562,0.0019793589409438095,-0.34776472645053674,-0.22365234974771894
77,8,0,55,0.03960247710428706,1.0,0.9827588346998846,0.017241165300115487,0.1093378452406564,1.517899057892889
77,137,26,56,0.010192384033034255,1.0,0.9977244455397416,0.0022755544602585374,-0.3388934480175742,-0.15937969887406037
77,J305,71,57,0.004935620207537154,1.0,0.9563804197950571,0.04361958020494304,0.8993911984525361,-0.4591767200016668
77,OF-02,72,58,0.039559271516410845,1.0,0.9828002031668418,0.01719979683315827,0.10809882856150023,1.5154350121470004
77,152,31,59,0.007307942318709232,1.0,0.9984516355534807,0.0015483644465193278,-0.360673335507012,-0.3238814840553785
77,154,32,60,0.007386273664597965,1.0,0.9984427774723033,0.001557222527696806,-0.36040802931774557,-0.3194141910709657
77,197,43,61,0.0009481833462451009,1.0,0.9998315634040146,0.00016843659598550807,-0.40200321182589516,-0.6865831115826557
77,208,45,62,0.00018678645958666222,1.0,0.9999624312228017,3.7568777198226935e-05,-0.4059228013627742,-0.7300061235522771
77,179,36,63,0.004288360134647235,1.0,0.9992255919484508,0.0007744080515491487,-0.38385391126534024,-0.49609042740583875
77,99,13,64,0.026624165062759494,1.0,0.9927130527717432,0.007286947228256773,-0.18879846790206398,0.7777365894094255
77,J116,65,65,0.0007767076076627096,1.0,0.999501067462782,0.0004989325372178913,-0.39210460997526714,-0.6963624962628863
77,183,38,66,0.0011896108989675643,1.0,0.999782928976488,0.00021707102351190284,-0.40054657416637696,-0.6728143246393925
77,184,39,67,0.004769968858387871,1.0,0.9991565032854293,0.000843496714570664,-0.3817846538787228,-0.468623935564186
77,J85,68,68,1.813111405123058e-06,1.0,0.9999906842598529,9.315740147027482e-06,-0.4067690010582925,-0.7405552866141313
77,115,16,69,0.0019791615095033246,1.0,0.9997554512620602,0.00024454873793983465,-0.39972359596618146,-0.627785685551594
77,25,3,70,0.03447635596319152,1.0,0.98501814612899,0.014981853871010172,0.04166976977233448,1.2255526830023706
77,163,33,71,0.007588896426557832,1.0,0.9983896374216892,0.0016103625783108243,-0.3588164448601909,-0.3078584692495708
77,J288,59,72,0.014445412532860273,1.0,0.9562233524157661,0.043776647584233906,0.9040954845188776,0.08317357484051056
77,118,19,73,0.0019634345523839455,1.0,0.9997597968917897,0.00024020310821023887,-0.3998537508428892,-0.6286826052254287
77,OF-03,73,74,0.0043302181470031165,1.0,0.9994017347507255,0.000598265249274578,-0.38912952058770683,-0.4937032348609217
77,J211,58,75,5.157866602421394e-05,1.0,0.9999927927410148,7.207258985280814e-06,-0.4068321516538848,-0.7377171212475988
77,367,54,76,6.434870637948725e-05,1.0,0.9999838498343205,1.6150165679534744e-05,-0.4065643048766335,-0.7369888366631514
77,31,4,77,0.03420273735529882,1.0,0.9856760165498047,0.01432398345019523,0.02196605619367535,1.2099480170340349
